날짜,채널,계정,상품코드,주문건수,판매수량,매출
2026-01-01,네이버,네이버,WR-02,17,18,167508
2026-01-01,네이버,네이버,BK-01,42,49,1377194
2026-01-01,네이버,네이버,IN-01,29,36,571896
2026-01-01,네이버,네이버,IN-02,16,17,190162
2026-01-01,네이버,네이버,KN-01,55,62,1159772
2026-01-01,네이버,네이버,WR-01,46,47,569922
2026-01-01,네이버,네이버,EL-01,33,36,504216
2026-01-01,네이버,네이버,KN-02,48,52,1705912
2026-01-01,쿠팡,올투게더나우,KN-01,6,7,125370
2026-01-01,쿠팡,올투게더나우,WR-01,10,13,150930
2026-01-01,쿠팡,올투게더나우,BK-01,5,6,161460
2026-01-01,쿠팡,올투게더나우,IN-01,4,5,76050
2026-01-01,쿠팡,올투게더나우,KN-02,2,2,62820
2026-01-01,쿠팡,올투게더나우,WR-02,6,8,71280
2026-01-01,쿠팡,올투게더나우,EL-01,2,2,26820
2026-01-01,쿠팡,휴책,IN-01,8,8,121680
2026-01-01,쿠팡,휴책,WR-01,5,5,58050
2026-01-01,쿠팡,휴책,EL-01,7,8,107280
2026-01-01,쿠팡,휴책,KN-01,12,14,250740
2026-01-01,쿠팡,휴책,IN-02,5,6,64260
2026-01-01,쿠팡,휴책,BK-01,8,9,242190
2026-01-01,쿠팡,휴책,KN-02,15,17,533970
2026-01-01,쿠팡,휴책,WR-02,9,10,89100
2026-01-01,쿠팡,유큐어,KN-01,5,5,89550
2026-01-01,쿠팡,유큐어,IN-02,14,16,171360
2026-01-01,쿠팡,유큐어,WR-02,8,10,89100
2026-01-01,쿠팡,유큐어,EL-01,13,16,214560
2026-01-01,쿠팡,유큐어,BK-01,5,7,188370
2026-01-01,쿠팡,유큐어,IN-01,18,19,288990
2026-01-01,쿠팡,유큐어,KN-02,9,9,282690
2026-01-01,쿠팡,유큐어,WR-01,9,11,127710
2026-01-01,기타,기타사이트,IN-01,9,11,180323
2026-01-01,기타,기타사이트,KN-02,8,8,270824
2026-01-01,기타,기타사이트,WR-01,2,2,25026
2026-01-01,기타,기타사이트,KN-01,10,13,250939
2026-01-01,기타,기타사이트,WR-02,3,3,28809
2026-01-01,기타,기타사이트,EL-01,4,4,57812
2026-01-01,기타,기타사이트,BK-01,5,5,145015
2026-01-01,기타,기타사이트,IN-02,2,3,34629
2026-01-02,네이버,네이버,KN-01,31,36,673416
2026-01-02,네이버,네이버,BK-01,32,35,983710
2026-01-02,네이버,네이버,EL-01,28,32,448192
2026-01-02,네이버,네이버,IN-02,9,9,100674
2026-01-02,네이버,네이버,WR-01,23,24,291024
2026-01-02,네이버,네이버,KN-02,27,27,885762
2026-01-02,네이버,네이버,IN-01,21,23,365378
2026-01-02,네이버,네이버,WR-02,15,16,148896
2026-01-02,쿠팡,올투게더나우,WR-01,13,14,162540
2026-01-02,쿠팡,올투게더나우,KN-02,3,4,125640
2026-01-02,쿠팡,올투게더나우,KN-01,2,2,35820
2026-01-02,쿠팡,올투게더나우,IN-02,3,3,32130
2026-01-02,쿠팡,올투게더나우,BK-01,4,5,134550
2026-01-02,쿠팡,올투게더나우,EL-01,5,6,80460
2026-01-02,쿠팡,올투게더나우,WR-02,5,5,44550
2026-01-02,쿠팡,올투게더나우,IN-01,1,1,15210
2026-01-02,쿠팡,휴책,KN-02,16,17,533970
2026-01-02,쿠팡,휴책,WR-01,4,5,58050
2026-01-02,쿠팡,휴책,EL-01,9,11,147510
2026-01-02,쿠팡,휴책,KN-01,9,9,161190
2026-01-02,쿠팡,휴책,BK-01,8,9,242190
2026-01-02,쿠팡,휴책,IN-02,6,6,64260
2026-01-02,쿠팡,휴책,WR-02,5,5,44550
2026-01-02,쿠팡,휴책,IN-01,1,1,15210
2026-01-02,쿠팡,유큐어,EL-01,12,14,187740
2026-01-02,쿠팡,유큐어,WR-02,22,25,222750
2026-01-02,쿠팡,유큐어,BK-01,3,3,80730
2026-01-02,쿠팡,유큐어,WR-01,12,16,185760
2026-01-02,쿠팡,유큐어,IN-01,9,9,136890
2026-01-02,쿠팡,유큐어,IN-02,13,13,139230
2026-01-02,쿠팡,유큐어,KN-02,9,10,314100
2026-01-02,쿠팡,유큐어,KN-01,5,6,107460
2026-01-02,기타,기타사이트,BK-01,8,10,290030
2026-01-02,기타,기타사이트,IN-02,6,7,80801
2026-01-02,기타,기타사이트,EL-01,1,1,14453
2026-01-02,기타,기타사이트,KN-02,8,8,270824
2026-01-02,기타,기타사이트,IN-01,8,8,131144
2026-01-02,기타,기타사이트,WR-01,3,3,37539
2026-01-02,기타,기타사이트,WR-02,5,5,48015
2026-01-02,기타,기타사이트,KN-01,6,6,115818
2026-01-03,네이버,네이버,WR-01,25,27,327402
2026-01-03,네이버,네이버,KN-02,31,35,1148210
2026-01-03,네이버,네이버,KN-01,40,44,823064
2026-01-03,네이버,네이버,WR-02,15,15,139590
2026-01-03,네이버,네이버,EL-01,24,28,392168
2026-01-03,네이버,네이버,BK-01,30,33,927498
2026-01-03,네이버,네이버,IN-01,27,29,460694
2026-01-03,네이버,네이버,IN-02,8,8,89488
2026-01-03,쿠팡,올투게더나우,KN-02,1,1,31410
2026-01-03,쿠팡,올투게더나우,WR-01,6,7,81270
2026-01-03,쿠팡,올투게더나우,WR-02,8,8,71280
2026-01-03,쿠팡,올투게더나우,IN-01,5,5,76050
2026-01-03,쿠팡,올투게더나우,IN-02,4,4,42840
2026-01-03,쿠팡,올투게더나우,EL-01,3,4,53640
2026-01-03,쿠팡,올투게더나우,KN-01,4,4,71640
2026-01-03,쿠팡,올투게더나우,BK-01,5,5,134550
2026-01-03,쿠팡,휴책,WR-01,4,4,46440
2026-01-03,쿠팡,휴책,KN-01,12,15,268650
2026-01-03,쿠팡,휴책,WR-02,2,3,26730
2026-01-03,쿠팡,휴책,KN-02,13,14,439740
2026-01-03,쿠팡,휴책,IN-01,6,7,106470
2026-01-03,쿠팡,휴책,BK-01,2,2,53820
2026-01-03,쿠팡,휴책,IN-02,3,3,32130
2026-01-03,쿠팡,휴책,EL-01,2,2,26820
2026-01-03,쿠팡,유큐어,WR-02,15,18,160380
2026-01-03,쿠팡,유큐어,IN-01,5,5,76050
2026-01-03,쿠팡,유큐어,WR-01,8,9,104490
2026-01-03,쿠팡,유큐어,BK-01,2,2,53820
2026-01-03,쿠팡,유큐어,IN-02,9,10,107100
2026-01-03,쿠팡,유큐어,KN-02,3,4,125640
2026-01-03,쿠팡,유큐어,KN-01,3,3,53730
2026-01-03,쿠팡,유큐어,EL-01,1,1,13410
2026-01-03,기타,기타사이트,KN-02,5,5,169265
2026-01-03,기타,기타사이트,WR-02,3,4,38412
2026-01-03,기타,기타사이트,WR-01,3,3,37539
2026-01-03,기타,기타사이트,KN-01,2,2,38606
2026-01-03,기타,기타사이트,IN-01,3,3,49179
2026-01-03,기타,기타사이트,BK-01,2,2,58006
2026-01-03,기타,기타사이트,EL-01,2,2,28906
2026-01-04,네이버,네이버,KN-01,25,27,505062
2026-01-04,네이버,네이버,IN-01,26,30,476580
2026-01-04,네이버,네이버,WR-01,25,28,339528
2026-01-04,네이버,네이버,WR-02,9,10,93060
2026-01-04,네이버,네이버,KN-02,29,32,1049792
2026-01-04,네이버,네이버,IN-02,11,13,145418
2026-01-04,네이버,네이버,BK-01,31,33,927498
2026-01-04,네이버,네이버,EL-01,17,18,252108
2026-01-04,쿠팡,올투게더나우,WR-02,9,10,89100
2026-01-04,쿠팡,올투게더나우,WR-01,6,7,81270
2026-01-04,쿠팡,올투게더나우,IN-01,4,4,60840
2026-01-04,쿠팡,올투게더나우,KN-01,5,6,107460
2026-01-04,쿠팡,올투게더나우,BK-01,3,3,80730
2026-01-04,쿠팡,올투게더나우,IN-02,2,3,32130
2026-01-04,쿠팡,올투게더나우,EL-01,1,1,13410
2026-01-04,쿠팡,휴책,IN-01,4,5,76050
2026-01-04,쿠팡,휴책,IN-02,4,4,42840
2026-01-04,쿠팡,휴책,KN-02,13,14,439740
2026-01-04,쿠팡,휴책,KN-01,16,17,304470
2026-01-04,쿠팡,휴책,WR-01,3,4,46440
2026-01-04,쿠팡,휴책,BK-01,7,8,215280
2026-01-04,쿠팡,휴책,EL-01,7,8,107280
2026-01-04,쿠팡,휴책,WR-02,1,1,8910
2026-01-04,쿠팡,유큐어,KN-01,2,2,35820
2026-01-04,쿠팡,유큐어,IN-01,5,5,76050
2026-01-04,쿠팡,유큐어,WR-01,6,7,81270
2026-01-04,쿠팡,유큐어,IN-02,12,15,160650
2026-01-04,쿠팡,유큐어,EL-01,3,4,53640
2026-01-04,쿠팡,유큐어,KN-02,3,3,94230
2026-01-04,쿠팡,유큐어,WR-02,10,10,89100
2026-01-04,쿠팡,유큐어,BK-01,1,2,53820
2026-01-04,기타,기타사이트,IN-01,5,5,81965
2026-01-04,기타,기타사이트,KN-02,4,4,135412
2026-01-04,기타,기타사이트,KN-01,8,8,154424
2026-01-04,기타,기타사이트,BK-01,2,2,58006
2026-01-04,기타,기타사이트,WR-01,4,5,62565
2026-01-04,기타,기타사이트,IN-02,2,3,34629
2026-01-04,기타,기타사이트,EL-01,1,1,14453
2026-01-05,네이버,네이버,WR-02,16,16,148896
2026-01-05,네이버,네이버,BK-01,24,26,730756
2026-01-05,네이버,네이버,WR-01,27,31,375906
2026-01-05,네이버,네이버,IN-01,26,28,444808
2026-01-05,네이버,네이버,KN-02,25,26,852956
2026-01-05,네이버,네이버,IN-02,12,16,178976
2026-01-05,네이버,네이버,KN-01,48,51,954006
2026-01-05,네이버,네이버,EL-01,25,28,392168
2026-01-05,쿠팡,올투게더나우,KN-01,5,7,125370
2026-01-05,쿠팡,올투게더나우,WR-01,12,13,150930
2026-01-05,쿠팡,올투게더나우,KN-02,2,2,62820
2026-01-05,쿠팡,올투게더나우,WR-02,7,7,62370
2026-01-05,쿠팡,올투게더나우,IN-02,6,6,64260
2026-01-05,쿠팡,올투게더나우,IN-01,5,6,91260
2026-01-05,쿠팡,올투게더나우,BK-01,2,2,53820
2026-01-05,쿠팡,올투게더나우,EL-01,3,3,40230
2026-01-05,쿠팡,휴책,WR-01,4,4,46440
2026-01-05,쿠팡,휴책,EL-01,3,3,40230
2026-01-05,쿠팡,휴책,WR-02,6,6,53460
2026-01-05,쿠팡,휴책,KN-01,20,25,447750
2026-01-05,쿠팡,휴책,IN-01,8,8,121680
2026-01-05,쿠팡,휴책,KN-02,17,18,565380
2026-01-05,쿠팡,휴책,BK-01,8,10,269100
2026-01-05,쿠팡,휴책,IN-02,5,6,64260
2026-01-05,쿠팡,유큐어,IN-01,17,17,258570
2026-01-05,쿠팡,유큐어,WR-02,19,23,204930
2026-01-05,쿠팡,유큐어,KN-02,8,9,282690
2026-01-05,쿠팡,유큐어,EL-01,15,15,201150
2026-01-05,쿠팡,유큐어,BK-01,3,4,107640
2026-01-05,쿠팡,유큐어,IN-02,12,13,139230
2026-01-05,쿠팡,유큐어,KN-01,5,6,107460
2026-01-05,쿠팡,유큐어,WR-01,7,7,81270
2026-01-05,기타,기타사이트,KN-01,9,9,173727
2026-01-05,기타,기타사이트,EL-01,3,3,43359
2026-01-05,기타,기타사이트,BK-01,7,9,261027
2026-01-05,기타,기타사이트,IN-01,5,5,81965
2026-01-05,기타,기타사이트,KN-02,7,8,270824
2026-01-05,기타,기타사이트,IN-02,1,1,11543
2026-01-05,기타,기타사이트,WR-02,3,3,28809
2026-01-05,기타,기타사이트,WR-01,1,1,12513
2026-01-06,네이버,네이버,EL-01,35,40,560240
2026-01-06,네이버,네이버,IN-02,24,27,302022
2026-01-06,네이버,네이버,WR-02,18,23,214038
2026-01-06,네이버,네이버,IN-01,38,45,714870
2026-01-06,네이버,네이버,KN-01,50,54,1010124
2026-01-06,네이버,네이버,BK-01,18,20,562120
2026-01-06,네이버,네이버,KN-02,31,36,1181016
2026-01-06,네이버,네이버,WR-01,26,29,351654
2026-01-06,쿠팡,올투게더나우,WR-02,9,9,80190
2026-01-06,쿠팡,올투게더나우,KN-02,5,7,219870
2026-01-06,쿠팡,올투게더나우,BK-01,3,4,107640
2026-01-06,쿠팡,올투게더나우,EL-01,6,6,80460
2026-01-06,쿠팡,올투게더나우,WR-01,7,9,104490
2026-01-06,쿠팡,올투게더나우,IN-02,6,6,64260
2026-01-06,쿠팡,올투게더나우,KN-01,8,9,161190
2026-01-06,쿠팡,올투게더나우,IN-01,2,3,45630
2026-01-06,쿠팡,휴책,IN-01,5,6,91260
2026-01-06,쿠팡,휴책,KN-01,14,16,286560
2026-01-06,쿠팡,휴책,IN-02,3,3,32130
2026-01-06,쿠팡,휴책,KN-02,13,13,408330
2026-01-06,쿠팡,휴책,WR-02,6,6,53460
2026-01-06,쿠팡,휴책,EL-01,8,8,107280
2026-01-06,쿠팡,휴책,WR-01,6,6,69660
2026-01-06,쿠팡,휴책,BK-01,8,9,242190
2026-01-06,쿠팡,유큐어,WR-02,22,27,240570
2026-01-06,쿠팡,유큐어,EL-01,8,8,107280
2026-01-06,쿠팡,유큐어,IN-01,9,9,136890
2026-01-06,쿠팡,유큐어,IN-02,12,13,139230
2026-01-06,쿠팡,유큐어,WR-01,11,11,127710
2026-01-06,쿠팡,유큐어,KN-01,9,11,197010
2026-01-06,쿠팡,유큐어,KN-02,6,6,188460
2026-01-06,쿠팡,유큐어,BK-01,5,8,215280
2026-01-06,기타,기타사이트,BK-01,13,16,464048
2026-01-06,기타,기타사이트,EL-01,2,2,28906
2026-01-06,기타,기타사이트,WR-01,4,4,50052
2026-01-06,기타,기타사이트,KN-01,3,4,77212
2026-01-06,기타,기타사이트,KN-02,7,7,236971
2026-01-06,기타,기타사이트,IN-01,8,9,147537
2026-01-06,기타,기타사이트,WR-02,2,2,19206
2026-01-06,기타,기타사이트,IN-02,3,3,34629
2026-01-07,네이버,네이버,KN-02,37,45,1476270
2026-01-07,네이버,네이버,KN-01,60,65,1215890
2026-01-07,네이버,네이버,IN-01,44,50,794300
2026-01-07,네이버,네이버,WR-01,41,43,521418
2026-01-07,네이버,네이버,IN-02,22,23,257278
2026-01-07,네이버,네이버,BK-01,44,48,1349088
2026-01-07,네이버,네이버,WR-02,24,26,241956
2026-01-07,네이버,네이버,EL-01,31,36,504216
2026-01-07,쿠팡,올투게더나우,BK-01,3,3,80730
2026-01-07,쿠팡,올투게더나우,KN-02,9,10,314100
2026-01-07,쿠팡,올투게더나우,WR-01,11,12,139320
2026-01-07,쿠팡,올투게더나우,IN-01,4,4,60840
2026-01-07,쿠팡,올투게더나우,IN-02,5,5,53550
2026-01-07,쿠팡,올투게더나우,KN-01,5,6,107460
2026-01-07,쿠팡,올투게더나우,WR-02,7,7,62370
2026-01-07,쿠팡,올투게더나우,EL-01,1,1,13410
2026-01-07,쿠팡,휴책,IN-01,8,8,121680
2026-01-07,쿠팡,휴책,KN-02,20,22,691020
2026-01-07,쿠팡,휴책,WR-02,4,4,35640
2026-01-07,쿠팡,휴책,KN-01,25,27,483570
2026-01-07,쿠팡,휴책,IN-02,4,6,64260
2026-01-07,쿠팡,휴책,WR-01,6,7,81270
2026-01-07,쿠팡,휴책,EL-01,4,5,67050
2026-01-07,쿠팡,휴책,BK-01,12,13,349830
2026-01-07,쿠팡,유큐어,IN-01,10,10,152100
2026-01-07,쿠팡,유큐어,EL-01,12,12,160920
2026-01-07,쿠팡,유큐어,WR-02,20,21,187110
2026-01-07,쿠팡,유큐어,WR-01,14,14,162540
2026-01-07,쿠팡,유큐어,KN-01,3,3,53730
2026-01-07,쿠팡,유큐어,BK-01,8,9,242190
2026-01-07,쿠팡,유큐어,IN-02,22,25,267750
2026-01-07,쿠팡,유큐어,KN-02,8,10,314100
2026-01-07,기타,기타사이트,KN-01,6,7,135121
2026-01-07,기타,기타사이트,EL-01,4,4,57812
2026-01-07,기타,기타사이트,IN-01,8,11,180323
2026-01-07,기타,기타사이트,BK-01,8,9,261027
2026-01-07,기타,기타사이트,WR-01,5,5,62565
2026-01-07,기타,기타사이트,IN-02,3,3,34629
2026-01-07,기타,기타사이트,KN-02,4,5,169265
2026-01-07,기타,기타사이트,WR-02,1,1,9603
2026-01-08,네이버,네이버,WR-01,36,41,497166
2026-01-08,네이버,네이버,KN-01,45,47,879182
2026-01-08,네이버,네이버,IN-02,14,15,167790
2026-01-08,네이버,네이버,EL-01,33,36,504216
2026-01-08,네이버,네이버,WR-02,16,20,186120
2026-01-08,네이버,네이버,IN-01,17,19,301834
2026-01-08,네이버,네이버,BK-01,20,24,674544
2026-01-08,네이버,네이버,KN-02,21,25,820150
2026-01-08,쿠팡,올투게더나우,WR-01,10,11,127710
2026-01-08,쿠팡,올투게더나우,IN-01,7,7,106470
2026-01-08,쿠팡,올투게더나우,IN-02,3,3,32130
2026-01-08,쿠팡,올투게더나우,EL-01,5,5,67050
2026-01-08,쿠팡,올투게더나우,BK-01,2,2,53820
2026-01-08,쿠팡,올투게더나우,KN-01,6,6,107460
2026-01-08,쿠팡,올투게더나우,KN-02,3,3,94230
2026-01-08,쿠팡,올투게더나우,WR-02,7,7,62370
2026-01-08,쿠팡,휴책,KN-01,29,32,573120
2026-01-08,쿠팡,휴책,EL-01,3,3,40230
2026-01-08,쿠팡,휴책,KN-02,18,19,596790
2026-01-08,쿠팡,휴책,WR-01,7,8,92880
2026-01-08,쿠팡,휴책,BK-01,12,12,322920
2026-01-08,쿠팡,휴책,IN-02,8,10,107100
2026-01-08,쿠팡,휴책,WR-02,12,15,133650
2026-01-08,쿠팡,휴책,IN-01,4,4,60840
2026-01-08,쿠팡,유큐어,IN-02,9,11,117810
2026-01-08,쿠팡,유큐어,IN-01,12,12,182520
2026-01-08,쿠팡,유큐어,WR-02,12,12,106920
2026-01-08,쿠팡,유큐어,WR-01,6,6,69660
2026-01-08,쿠팡,유큐어,EL-01,10,11,147510
2026-01-08,쿠팡,유큐어,KN-02,4,4,125640
2026-01-08,쿠팡,유큐어,BK-01,3,3,80730
2026-01-08,쿠팡,유큐어,KN-01,3,3,53730
2026-01-08,기타,기타사이트,WR-01,3,4,50052
2026-01-08,기타,기타사이트,EL-01,4,4,57812
2026-01-08,기타,기타사이트,KN-02,5,7,236971
2026-01-08,기타,기타사이트,IN-02,3,4,46172
2026-01-08,기타,기타사이트,IN-01,6,8,131144
2026-01-08,기타,기타사이트,BK-01,7,7,203021
2026-01-08,기타,기타사이트,KN-01,13,15,289545
2026-01-08,기타,기타사이트,WR-02,3,3,28809
2026-01-09,네이버,네이버,BK-01,27,29,815074
2026-01-09,네이버,네이버,KN-01,38,44,823064
2026-01-09,네이버,네이버,IN-01,27,29,460694
2026-01-09,네이버,네이버,WR-01,34,38,460788
2026-01-09,네이버,네이버,KN-02,27,30,984180
2026-01-09,네이버,네이버,WR-02,20,21,195426
2026-01-09,네이버,네이버,EL-01,28,29,406174
2026-01-09,네이버,네이버,IN-02,16,17,190162
2026-01-09,쿠팡,올투게더나우,KN-01,3,3,53730
2026-01-09,쿠팡,올투게더나우,BK-01,8,8,215280
2026-01-09,쿠팡,올투게더나우,IN-02,11,11,117810
2026-01-09,쿠팡,올투게더나우,WR-02,6,6,53460
2026-01-09,쿠팡,올투게더나우,KN-02,1,1,31410
2026-01-09,쿠팡,올투게더나우,WR-01,11,13,150930
2026-01-09,쿠팡,올투게더나우,EL-01,2,2,26820
2026-01-09,쿠팡,올투게더나우,IN-01,1,1,15210
2026-01-09,쿠팡,휴책,BK-01,15,16,430560
2026-01-09,쿠팡,휴책,KN-02,22,22,691020
2026-01-09,쿠팡,휴책,KN-01,13,16,286560
2026-01-09,쿠팡,휴책,EL-01,8,9,120690
2026-01-09,쿠팡,휴책,WR-01,8,8,92880
2026-01-09,쿠팡,휴책,IN-01,5,5,76050
2026-01-09,쿠팡,휴책,IN-02,6,6,64260
2026-01-09,쿠팡,휴책,WR-02,5,6,53460
2026-01-09,쿠팡,유큐어,IN-02,9,10,107100
2026-01-09,쿠팡,유큐어,IN-01,18,19,288990
2026-01-09,쿠팡,유큐어,KN-01,6,6,107460
2026-01-09,쿠팡,유큐어,KN-02,11,14,439740
2026-01-09,쿠팡,유큐어,BK-01,5,6,161460
2026-01-09,쿠팡,유큐어,WR-02,18,20,178200
2026-01-09,쿠팡,유큐어,EL-01,16,17,227970
2026-01-09,쿠팡,유큐어,WR-01,14,16,185760
2026-01-09,기타,기타사이트,KN-01,15,15,289545
2026-01-09,기타,기타사이트,BK-01,7,8,232024
2026-01-09,기타,기타사이트,IN-01,4,5,81965
2026-01-09,기타,기타사이트,WR-02,3,4,38412
2026-01-09,기타,기타사이트,IN-02,5,5,57715
2026-01-09,기타,기타사이트,WR-01,2,2,25026
2026-01-09,기타,기타사이트,KN-02,1,1,33853
2026-01-09,기타,기타사이트,EL-01,1,1,14453
2026-01-10,네이버,네이버,WR-01,31,32,388032
2026-01-10,네이버,네이버,KN-01,33,36,673416
2026-01-10,네이버,네이버,WR-02,7,7,65142
2026-01-10,네이버,네이버,IN-01,28,30,476580
2026-01-10,네이버,네이버,EL-01,29,33,462198
2026-01-10,네이버,네이버,IN-02,10,10,111860
2026-01-10,네이버,네이버,BK-01,20,22,618332
2026-01-10,네이버,네이버,KN-02,26,29,951374
2026-01-10,쿠팡,올투게더나우,WR-02,6,7,62370
2026-01-10,쿠팡,올투게더나우,BK-01,5,6,161460
2026-01-10,쿠팡,올투게더나우,WR-01,10,11,127710
2026-01-10,쿠팡,올투게더나우,KN-02,3,3,94230
2026-01-10,쿠팡,올투게더나우,IN-02,3,3,32130
2026-01-10,쿠팡,올투게더나우,KN-01,6,6,107460
2026-01-10,쿠팡,올투게더나우,EL-01,1,1,13410
2026-01-10,쿠팡,휴책,BK-01,13,17,457470
2026-01-10,쿠팡,휴책,KN-01,5,7,125370
2026-01-10,쿠팡,휴책,IN-01,3,4,60840
2026-01-10,쿠팡,휴책,WR-01,4,4,46440
2026-01-10,쿠팡,휴책,WR-02,2,2,17820
2026-01-10,쿠팡,휴책,KN-02,6,6,188460
2026-01-10,쿠팡,휴책,IN-02,6,8,85680
2026-01-10,쿠팡,휴책,EL-01,1,1,13410
2026-01-10,쿠팡,유큐어,EL-01,14,15,201150
2026-01-10,쿠팡,유큐어,WR-01,11,12,139320
2026-01-10,쿠팡,유큐어,WR-02,13,14,124740
2026-01-10,쿠팡,유큐어,IN-01,12,12,182520
2026-01-10,쿠팡,유큐어,KN-01,4,5,89550
2026-01-10,쿠팡,유큐어,IN-02,7,7,74970
2026-01-10,쿠팡,유큐어,BK-01,6,6,161460
2026-01-10,기타,기타사이트,WR-02,3,4,38412
2026-01-10,기타,기타사이트,BK-01,4,4,116012
2026-01-10,기타,기타사이트,IN-02,4,4,46172
2026-01-10,기타,기타사이트,EL-01,4,5,72265
2026-01-10,기타,기타사이트,WR-01,5,5,62565
2026-01-10,기타,기타사이트,IN-01,5,6,98358
2026-01-10,기타,기타사이트,KN-01,2,2,38606
2026-01-10,기타,기타사이트,KN-02,1,1,33853
2026-01-11,네이버,네이버,KN-01,25,27,505062
2026-01-11,네이버,네이버,IN-02,11,11,123046
2026-01-11,네이버,네이버,EL-01,16,18,252108
2026-01-11,네이버,네이버,KN-02,9,10,328060
2026-01-11,네이버,네이버,WR-01,25,29,351654
2026-01-11,네이버,네이버,WR-02,7,8,74448
2026-01-11,네이버,네이버,IN-01,17,20,317720
2026-01-11,네이버,네이버,BK-01,26,28,786968
2026-01-11,쿠팡,올투게더나우,IN-02,10,10,107100
2026-01-11,쿠팡,올투게더나우,BK-01,3,5,134550
2026-01-11,쿠팡,올투게더나우,KN-01,6,7,125370
2026-01-11,쿠팡,올투게더나우,WR-01,8,9,104490
2026-01-11,쿠팡,올투게더나우,WR-02,3,3,26730
2026-01-11,쿠팡,올투게더나우,EL-01,3,4,53640
2026-01-11,쿠팡,올투게더나우,KN-02,1,1,31410
2026-01-11,쿠팡,올투게더나우,IN-01,1,1,15210
2026-01-11,쿠팡,휴책,IN-02,2,2,21420
2026-01-11,쿠팡,휴책,KN-02,8,8,251280
2026-01-11,쿠팡,휴책,WR-02,6,7,62370
2026-01-11,쿠팡,휴책,WR-01,3,3,34830
2026-01-11,쿠팡,휴책,KN-01,10,13,232830
2026-01-11,쿠팡,휴책,BK-01,6,8,215280
2026-01-11,쿠팡,휴책,EL-01,3,4,53640
2026-01-11,쿠팡,휴책,IN-01,2,2,30420
2026-01-11,쿠팡,유큐어,KN-01,5,6,107460
2026-01-11,쿠팡,유큐어,WR-02,18,20,178200
2026-01-11,쿠팡,유큐어,EL-01,11,11,147510
2026-01-11,쿠팡,유큐어,WR-01,15,19,220590
2026-01-11,쿠팡,유큐어,KN-02,1,1,31410
2026-01-11,쿠팡,유큐어,IN-02,9,11,117810
2026-01-11,쿠팡,유큐어,IN-01,11,12,182520
2026-01-11,쿠팡,유큐어,BK-01,2,2,53820
2026-01-11,기타,기타사이트,KN-02,6,7,236971
2026-01-11,기타,기타사이트,WR-01,5,6,75078
2026-01-11,기타,기타사이트,IN-02,1,1,11543
2026-01-11,기타,기타사이트,KN-01,5,5,96515
2026-01-11,기타,기타사이트,BK-01,4,4,116012
2026-01-11,기타,기타사이트,IN-01,4,5,81965
2026-01-12,네이버,네이버,KN-01,43,45,841770
2026-01-12,네이버,네이버,KN-02,22,25,820150
2026-01-12,네이버,네이버,WR-01,27,29,351654
2026-01-12,네이버,네이버,WR-02,11,11,102366
2026-01-12,네이버,네이버,EL-01,25,30,420180
2026-01-12,네이버,네이버,BK-01,30,33,927498
2026-01-12,네이버,네이버,IN-02,20,23,257278
2026-01-12,네이버,네이버,IN-01,37,42,667212
2026-01-12,쿠팡,올투게더나우,KN-01,6,6,107460
2026-01-12,쿠팡,올투게더나우,KN-02,1,1,31410
2026-01-12,쿠팡,올투게더나우,WR-01,14,14,162540
2026-01-12,쿠팡,올투게더나우,WR-02,5,6,53460
2026-01-12,쿠팡,올투게더나우,EL-01,4,5,67050
2026-01-12,쿠팡,올투게더나우,IN-02,3,5,53550
2026-01-12,쿠팡,올투게더나우,BK-01,1,1,26910
2026-01-12,쿠팡,올투게더나우,IN-01,3,4,60840
2026-01-12,쿠팡,휴책,KN-01,22,23,411930
2026-01-12,쿠팡,휴책,KN-02,21,26,816660
2026-01-12,쿠팡,휴책,WR-02,10,11,98010
2026-01-12,쿠팡,휴책,WR-01,6,6,69660
2026-01-12,쿠팡,휴책,IN-01,8,8,121680
2026-01-12,쿠팡,휴책,EL-01,3,3,40230
2026-01-12,쿠팡,휴책,BK-01,13,17,457470
2026-01-12,쿠팡,휴책,IN-02,6,6,64260
2026-01-12,쿠팡,유큐어,IN-01,8,10,152100
2026-01-12,쿠팡,유큐어,EL-01,8,8,107280
2026-01-12,쿠팡,유큐어,KN-01,3,3,53730
2026-01-12,쿠팡,유큐어,IN-02,16,17,182070
2026-01-12,쿠팡,유큐어,WR-02,16,18,160380
2026-01-12,쿠팡,유큐어,WR-01,5,6,69660
2026-01-12,쿠팡,유큐어,BK-01,7,7,188370
2026-01-12,쿠팡,유큐어,KN-02,5,5,157050
2026-01-12,기타,기타사이트,IN-01,6,6,98358
2026-01-12,기타,기타사이트,IN-02,5,6,69258
2026-01-12,기타,기타사이트,WR-02,4,4,38412
2026-01-12,기타,기타사이트,KN-02,9,10,338530
2026-01-12,기타,기타사이트,EL-01,1,1,14453
2026-01-12,기타,기타사이트,WR-01,4,6,75078
2026-01-12,기타,기타사이트,KN-01,4,4,77212
2026-01-12,기타,기타사이트,BK-01,3,4,116012
2026-01-13,네이버,네이버,KN-01,38,45,841770
2026-01-13,네이버,네이버,WR-02,15,17,158202
2026-01-13,네이버,네이버,KN-02,22,23,754538
2026-01-13,네이버,네이버,EL-01,31,38,532228
2026-01-13,네이버,네이버,WR-01,30,33,400158
2026-01-13,네이버,네이버,IN-01,25,28,444808
2026-01-13,네이버,네이버,BK-01,30,35,983710
2026-01-13,네이버,네이버,IN-02,9,11,123046
2026-01-13,쿠팡,올투게더나우,EL-01,3,3,40230
2026-01-13,쿠팡,올투게더나우,WR-02,2,2,17820
2026-01-13,쿠팡,올투게더나우,BK-01,3,3,80730
2026-01-13,쿠팡,올투게더나우,WR-01,14,14,162540
2026-01-13,쿠팡,올투게더나우,IN-02,5,5,53550
2026-01-13,쿠팡,올투게더나우,IN-01,5,5,76050
2026-01-13,쿠팡,올투게더나우,KN-02,5,5,157050
2026-01-13,쿠팡,올투게더나우,KN-01,3,3,53730
2026-01-13,쿠팡,휴책,IN-02,6,7,74970
2026-01-13,쿠팡,휴책,WR-02,10,12,106920
2026-01-13,쿠팡,휴책,BK-01,15,17,457470
2026-01-13,쿠팡,휴책,KN-01,12,13,232830
2026-01-13,쿠팡,휴책,KN-02,15,15,471150
2026-01-13,쿠팡,휴책,IN-01,2,3,45630
2026-01-13,쿠팡,휴책,WR-01,3,3,34830
2026-01-13,쿠팡,휴책,EL-01,2,3,40230
2026-01-13,쿠팡,유큐어,EL-01,19,23,308430
2026-01-13,쿠팡,유큐어,WR-02,23,27,240570
2026-01-13,쿠팡,유큐어,IN-02,6,6,64260
2026-01-13,쿠팡,유큐어,WR-01,14,15,174150
2026-01-13,쿠팡,유큐어,BK-01,6,7,188370
2026-01-13,쿠팡,유큐어,IN-01,11,12,182520
2026-01-13,쿠팡,유큐어,KN-01,6,7,125370
2026-01-13,쿠팡,유큐어,KN-02,3,4,125640
2026-01-13,기타,기타사이트,IN-01,3,4,65572
2026-01-13,기타,기타사이트,BK-01,4,4,116012
2026-01-13,기타,기타사이트,WR-02,4,5,48015
2026-01-13,기타,기타사이트,KN-01,9,13,250939
2026-01-13,기타,기타사이트,WR-01,1,1,12513
2026-01-13,기타,기타사이트,KN-02,2,2,67706
2026-01-13,기타,기타사이트,EL-01,1,1,14453
2026-01-13,기타,기타사이트,IN-02,2,2,23086
2026-01-14,네이버,네이버,IN-01,47,53,841958
2026-01-14,네이버,네이버,EL-01,36,39,546234
2026-01-14,네이버,네이버,KN-02,19,20,656120
2026-01-14,네이버,네이버,BK-01,28,31,871286
2026-01-14,네이버,네이버,WR-01,35,43,521418
2026-01-14,네이버,네이버,KN-01,47,53,991418
2026-01-14,네이버,네이버,WR-02,17,20,186120
2026-01-14,네이버,네이버,IN-02,14,14,156604
2026-01-14,쿠팡,올투게더나우,KN-01,6,8,143280
2026-01-14,쿠팡,올투게더나우,WR-02,7,7,62370
2026-01-14,쿠팡,올투게더나우,BK-01,6,6,161460
2026-01-14,쿠팡,올투게더나우,EL-01,4,4,53640
2026-01-14,쿠팡,올투게더나우,KN-02,6,6,188460
2026-01-14,쿠팡,올투게더나우,IN-01,2,2,30420
2026-01-14,쿠팡,올투게더나우,WR-01,8,9,104490
2026-01-14,쿠팡,휴책,KN-02,7,9,282690
2026-01-14,쿠팡,휴책,KN-01,9,11,197010
2026-01-14,쿠팡,휴책,IN-01,5,6,91260
2026-01-14,쿠팡,휴책,EL-01,3,3,40230
2026-01-14,쿠팡,휴책,BK-01,15,17,457470
2026-01-14,쿠팡,휴책,WR-01,3,4,46440
2026-01-14,쿠팡,휴책,IN-02,8,10,107100
2026-01-14,쿠팡,휴책,WR-02,4,5,44550
2026-01-14,쿠팡,유큐어,IN-01,17,18,273780
2026-01-14,쿠팡,유큐어,WR-02,22,25,222750
2026-01-14,쿠팡,유큐어,BK-01,4,5,134550
2026-01-14,쿠팡,유큐어,KN-01,7,7,125370
2026-01-14,쿠팡,유큐어,EL-01,13,13,174330
2026-01-14,쿠팡,유큐어,KN-02,6,6,188460
2026-01-14,쿠팡,유큐어,WR-01,17,20,232200
2026-01-14,쿠팡,유큐어,IN-02,6,7,74970
2026-01-14,기타,기타사이트,KN-02,7,8,270824
2026-01-14,기타,기타사이트,EL-01,3,3,43359
2026-01-14,기타,기타사이트,IN-01,7,8,131144
2026-01-14,기타,기타사이트,IN-02,2,2,23086
2026-01-14,기타,기타사이트,KN-01,8,9,173727
2026-01-14,기타,기타사이트,BK-01,5,6,174018
2026-01-14,기타,기타사이트,WR-02,2,3,28809
2026-01-14,기타,기타사이트,WR-01,3,4,50052
2026-01-15,네이버,네이버,KN-02,23,24,787344
2026-01-15,네이버,네이버,KN-01,43,49,916594
2026-01-15,네이버,네이버,IN-01,25,30,476580
2026-01-15,네이버,네이버,WR-02,5,7,65142
2026-01-15,네이버,네이버,BK-01,25,27,758862
2026-01-15,네이버,네이버,WR-01,20,22,266772
2026-01-15,네이버,네이버,EL-01,22,25,350150
2026-01-15,네이버,네이버,IN-02,8,8,89488
2026-01-15,쿠팡,올투게더나우,BK-01,3,3,80730
2026-01-15,쿠팡,올투게더나우,EL-01,7,7,93870
2026-01-15,쿠팡,올투게더나우,WR-02,10,11,98010
2026-01-15,쿠팡,올투게더나우,IN-02,6,6,64260
2026-01-15,쿠팡,올투게더나우,WR-01,11,11,127710
2026-01-15,쿠팡,올투게더나우,KN-02,2,2,62820
2026-01-15,쿠팡,올투게더나우,KN-01,6,7,125370
2026-01-15,쿠팡,올투게더나우,IN-01,2,2,30420
2026-01-15,쿠팡,휴책,KN-02,16,17,533970
2026-01-15,쿠팡,휴책,BK-01,11,12,322920
2026-01-15,쿠팡,휴책,KN-01,9,9,161190
2026-01-15,쿠팡,휴책,WR-01,4,6,69660
2026-01-15,쿠팡,휴책,EL-01,5,5,67050
2026-01-15,쿠팡,휴책,IN-02,8,8,85680
2026-01-15,쿠팡,휴책,IN-01,6,8,121680
2026-01-15,쿠팡,휴책,WR-02,4,6,53460
2026-01-15,쿠팡,유큐어,KN-02,7,9,282690
2026-01-15,쿠팡,유큐어,BK-01,8,8,215280
2026-01-15,쿠팡,유큐어,EL-01,8,8,107280
2026-01-15,쿠팡,유큐어,IN-01,11,11,167310
2026-01-15,쿠팡,유큐어,WR-02,12,15,133650
2026-01-15,쿠팡,유큐어,WR-01,5,6,69660
2026-01-15,쿠팡,유큐어,KN-01,5,5,89550
2026-01-15,쿠팡,유큐어,IN-02,5,6,64260
2026-01-15,기타,기타사이트,IN-02,4,4,46172
2026-01-15,기타,기타사이트,BK-01,7,8,232024
2026-01-15,기타,기타사이트,WR-01,3,3,37539
2026-01-15,기타,기타사이트,IN-01,8,8,131144
2026-01-15,기타,기타사이트,KN-01,6,6,115818
2026-01-15,기타,기타사이트,KN-02,9,9,304677
2026-01-15,기타,기타사이트,EL-01,2,2,28906
2026-01-15,기타,기타사이트,WR-02,3,4,38412
2026-01-16,네이버,네이버,WR-02,24,27,251262
2026-01-16,네이버,네이버,KN-01,71,81,1515186
2026-01-16,네이버,네이버,KN-02,43,47,1541882
2026-01-16,네이버,네이버,IN-01,43,45,714870
2026-01-16,네이버,네이버,BK-01,29,33,927498
2026-01-16,네이버,네이버,EL-01,36,38,532228
2026-01-16,네이버,네이버,IN-02,16,19,212534
2026-01-16,네이버,네이버,WR-01,36,40,485040
2026-01-16,쿠팡,올투게더나우,KN-01,7,7,125370
2026-01-16,쿠팡,올투게더나우,KN-02,6,7,219870
2026-01-16,쿠팡,올투게더나우,IN-02,5,6,64260
2026-01-16,쿠팡,올투게더나우,EL-01,4,5,67050
2026-01-16,쿠팡,올투게더나우,WR-01,10,12,139320
2026-01-16,쿠팡,올투게더나우,BK-01,4,4,107640
2026-01-16,쿠팡,올투게더나우,WR-02,5,7,62370
2026-01-16,쿠팡,올투게더나우,IN-01,3,3,45630
2026-01-16,쿠팡,휴책,KN-02,18,20,628200
2026-01-16,쿠팡,휴책,WR-02,6,7,62370
2026-01-16,쿠팡,휴책,BK-01,11,13,349830
2026-01-16,쿠팡,휴책,KN-01,18,23,411930
2026-01-16,쿠팡,휴책,WR-01,4,4,46440
2026-01-16,쿠팡,휴책,EL-01,6,6,80460
2026-01-16,쿠팡,휴책,IN-01,5,5,76050
2026-01-16,쿠팡,휴책,IN-02,6,7,74970
2026-01-16,쿠팡,유큐어,WR-01,14,14,162540
2026-01-16,쿠팡,유큐어,KN-02,6,6,188460
2026-01-16,쿠팡,유큐어,EL-01,9,9,120690
2026-01-16,쿠팡,유큐어,IN-02,16,17,182070
2026-01-16,쿠팡,유큐어,WR-02,17,18,160380
2026-01-16,쿠팡,유큐어,KN-01,9,9,161190
2026-01-16,쿠팡,유큐어,IN-01,14,15,228150
2026-01-16,쿠팡,유큐어,BK-01,5,5,134550
2026-01-16,기타,기타사이트,EL-01,1,1,14453
2026-01-16,기타,기타사이트,WR-01,4,4,50052
2026-01-16,기타,기타사이트,KN-01,6,6,115818
2026-01-16,기타,기타사이트,IN-01,6,6,98358
2026-01-16,기타,기타사이트,BK-01,4,4,116012
2026-01-16,기타,기타사이트,KN-02,3,3,101559
2026-01-16,기타,기타사이트,IN-02,4,4,46172
2026-01-16,기타,기타사이트,WR-02,3,3,28809
2026-01-17,네이버,네이버,KN-01,33,37,692122
2026-01-17,네이버,네이버,WR-02,11,12,111672
2026-01-17,네이버,네이버,BK-01,21,22,618332
2026-01-17,네이버,네이버,WR-01,27,31,375906
2026-01-17,네이버,네이버,EL-01,16,18,252108
2026-01-17,네이버,네이버,IN-02,12,12,134232
2026-01-17,네이버,네이버,IN-01,23,28,444808
2026-01-17,네이버,네이버,KN-02,20,22,721732
2026-01-17,쿠팡,올투게더나우,EL-01,2,2,26820
2026-01-17,쿠팡,올투게더나우,WR-02,7,7,62370
2026-01-17,쿠팡,올투게더나우,IN-01,2,3,45630
2026-01-17,쿠팡,올투게더나우,WR-01,5,6,69660
2026-01-17,쿠팡,올투게더나우,KN-01,10,11,197010
2026-01-17,쿠팡,올투게더나우,BK-01,3,3,80730
2026-01-17,쿠팡,올투게더나우,KN-02,3,4,125640
2026-01-17,쿠팡,휴책,EL-01,8,10,134100
2026-01-17,쿠팡,휴책,KN-01,15,17,304470
2026-01-17,쿠팡,휴책,BK-01,18,19,511290
2026-01-17,쿠팡,휴책,KN-02,16,20,628200
2026-01-17,쿠팡,휴책,IN-02,4,4,42840
2026-01-17,쿠팡,휴책,IN-01,1,1,15210
2026-01-17,쿠팡,휴책,WR-02,3,3,26730
2026-01-17,쿠팡,휴책,WR-01,2,2,23220
2026-01-17,쿠팡,유큐어,EL-01,8,10,134100
2026-01-17,쿠팡,유큐어,BK-01,3,3,80730
2026-01-17,쿠팡,유큐어,WR-01,5,6,69660
2026-01-17,쿠팡,유큐어,KN-01,4,4,71640
2026-01-17,쿠팡,유큐어,IN-02,5,6,64260
2026-01-17,쿠팡,유큐어,WR-02,11,13,115830
2026-01-17,쿠팡,유큐어,IN-01,4,4,60840
2026-01-17,쿠팡,유큐어,KN-02,1,1,31410
2026-01-17,기타,기타사이트,KN-01,5,6,115818
2026-01-17,기타,기타사이트,BK-01,4,4,116012
2026-01-17,기타,기타사이트,EL-01,2,2,28906
2026-01-17,기타,기타사이트,WR-02,5,5,48015
2026-01-17,기타,기타사이트,IN-01,2,2,32786
2026-01-17,기타,기타사이트,KN-02,1,1,33853
2026-01-17,기타,기타사이트,WR-01,2,2,25026
2026-01-17,기타,기타사이트,IN-02,1,2,23086
2026-01-18,네이버,네이버,WR-01,14,15,181890
2026-01-18,네이버,네이버,KN-01,18,20,374120
2026-01-18,네이버,네이버,WR-02,17,22,204732
2026-01-18,네이버,네이버,KN-02,14,14,459284
2026-01-18,네이버,네이버,BK-01,25,25,702650
2026-01-18,네이버,네이버,EL-01,15,18,252108
2026-01-18,네이버,네이버,IN-02,13,17,190162
2026-01-18,네이버,네이버,IN-01,13,15,238290
2026-01-18,쿠팡,올투게더나우,WR-01,11,13,150930
2026-01-18,쿠팡,올투게더나우,IN-01,5,5,76050
2026-01-18,쿠팡,올투게더나우,KN-01,3,3,53730
2026-01-18,쿠팡,올투게더나우,WR-02,2,2,17820
2026-01-18,쿠팡,올투게더나우,KN-02,2,2,62820
2026-01-18,쿠팡,올투게더나우,IN-02,5,5,53550
2026-01-18,쿠팡,올투게더나우,EL-01,3,3,40230
2026-01-18,쿠팡,휴책,WR-01,8,9,104490
2026-01-18,쿠팡,휴책,EL-01,6,7,93870
2026-01-18,쿠팡,휴책,KN-01,15,17,304470
2026-01-18,쿠팡,휴책,IN-01,3,3,45630
2026-01-18,쿠팡,휴책,KN-02,12,12,376920
2026-01-18,쿠팡,휴책,WR-02,6,7,62370
2026-01-18,쿠팡,휴책,BK-01,6,6,161460
2026-01-18,쿠팡,휴책,IN-02,2,2,21420
2026-01-18,쿠팡,유큐어,EL-01,11,12,160920
2026-01-18,쿠팡,유큐어,WR-01,11,14,162540
2026-01-18,쿠팡,유큐어,IN-02,7,7,74970
2026-01-18,쿠팡,유큐어,KN-02,2,2,62820
2026-01-18,쿠팡,유큐어,KN-01,4,4,71640
2026-01-18,쿠팡,유큐어,BK-01,5,5,134550
2026-01-18,쿠팡,유큐어,WR-02,7,8,71280
2026-01-18,쿠팡,유큐어,IN-01,6,7,106470
2026-01-18,기타,기타사이트,BK-01,4,4,116012
2026-01-18,기타,기타사이트,KN-02,4,4,135412
2026-01-18,기타,기타사이트,IN-02,2,3,34629
2026-01-18,기타,기타사이트,KN-01,5,5,96515
2026-01-18,기타,기타사이트,IN-01,5,6,98358
2026-01-18,기타,기타사이트,EL-01,2,2,28906
2026-01-18,기타,기타사이트,WR-01,1,1,12513
2026-01-19,네이버,네이버,BK-01,40,45,1264770
2026-01-19,네이버,네이버,EL-01,37,44,616264
2026-01-19,네이버,네이버,KN-02,31,34,1115404
2026-01-19,네이버,네이버,WR-02,20,23,214038
2026-01-19,네이버,네이버,KN-01,49,52,972712
2026-01-19,네이버,네이버,IN-02,23,26,290836
2026-01-19,네이버,네이버,WR-01,24,26,315276
2026-01-19,네이버,네이버,IN-01,39,41,651326
2026-01-19,쿠팡,올투게더나우,BK-01,2,3,80730
2026-01-19,쿠팡,올투게더나우,IN-01,3,3,45630
2026-01-19,쿠팡,올투게더나우,WR-01,8,11,127710
2026-01-19,쿠팡,올투게더나우,WR-02,8,8,71280
2026-01-19,쿠팡,올투게더나우,EL-01,2,2,26820
2026-01-19,쿠팡,올투게더나우,KN-01,6,6,107460
2026-01-19,쿠팡,올투게더나우,IN-02,1,1,10710
2026-01-19,쿠팡,올투게더나우,KN-02,3,4,125640
2026-01-19,쿠팡,휴책,IN-02,6,6,64260
2026-01-19,쿠팡,휴책,WR-02,8,9,80190
2026-01-19,쿠팡,휴책,KN-01,21,23,411930
2026-01-19,쿠팡,휴책,KN-02,12,13,408330
2026-01-19,쿠팡,휴책,IN-01,3,3,45630
2026-01-19,쿠팡,휴책,WR-01,6,7,81270
2026-01-19,쿠팡,휴책,EL-01,3,4,53640
2026-01-19,쿠팡,휴책,BK-01,8,8,215280
2026-01-19,쿠팡,유큐어,IN-01,12,15,228150
2026-01-19,쿠팡,유큐어,WR-01,11,13,150930
2026-01-19,쿠팡,유큐어,WR-02,8,11,98010
2026-01-19,쿠팡,유큐어,KN-01,7,7,125370
2026-01-19,쿠팡,유큐어,EL-01,9,10,134100
2026-01-19,쿠팡,유큐어,IN-02,6,7,74970
2026-01-19,쿠팡,유큐어,KN-02,5,5,157050
2026-01-19,쿠팡,유큐어,BK-01,1,1,26910
2026-01-19,기타,기타사이트,KN-01,6,8,154424
2026-01-19,기타,기타사이트,WR-02,6,6,57618
2026-01-19,기타,기타사이트,EL-01,1,1,14453
2026-01-19,기타,기타사이트,BK-01,6,6,174018
2026-01-19,기타,기타사이트,IN-01,13,15,245895
2026-01-19,기타,기타사이트,KN-02,11,11,372383
2026-01-19,기타,기타사이트,WR-01,2,3,37539
2026-01-19,기타,기타사이트,IN-02,1,1,11543
2026-01-20,네이버,네이버,IN-01,35,43,683098
2026-01-20,네이버,네이버,KN-02,38,42,1377852
2026-01-20,네이버,네이버,WR-01,32,37,448662
2026-01-20,네이버,네이버,WR-02,15,19,176814
2026-01-20,네이버,네이버,BK-01,29,31,871286
2026-01-20,네이버,네이버,KN-01,69,76,1421656
2026-01-20,네이버,네이버,IN-02,15,16,178976
2026-01-20,네이버,네이버,EL-01,35,40,560240
2026-01-20,쿠팡,올투게더나우,WR-02,9,12,106920
2026-01-20,쿠팡,올투게더나우,IN-02,5,7,74970
2026-01-20,쿠팡,올투게더나우,KN-02,5,6,188460
2026-01-20,쿠팡,올투게더나우,IN-01,2,2,30420
2026-01-20,쿠팡,올투게더나우,WR-01,14,16,185760
2026-01-20,쿠팡,올투게더나우,EL-01,2,3,40230
2026-01-20,쿠팡,올투게더나우,BK-01,4,4,107640
2026-01-20,쿠팡,올투게더나우,KN-01,9,10,179100
2026-01-20,쿠팡,휴책,KN-02,16,18,565380
2026-01-20,쿠팡,휴책,KN-01,18,20,358200
2026-01-20,쿠팡,휴책,IN-02,13,15,160650
2026-01-20,쿠팡,휴책,EL-01,12,15,201150
2026-01-20,쿠팡,휴책,BK-01,12,12,322920
2026-01-20,쿠팡,휴책,WR-02,5,5,44550
2026-01-20,쿠팡,휴책,WR-01,8,8,92880
2026-01-20,쿠팡,휴책,IN-01,7,8,121680
2026-01-20,쿠팡,유큐어,IN-02,15,15,160650
2026-01-20,쿠팡,유큐어,IN-01,10,12,182520
2026-01-20,쿠팡,유큐어,WR-02,11,13,115830
2026-01-20,쿠팡,유큐어,KN-02,6,7,219870
2026-01-20,쿠팡,유큐어,EL-01,10,11,147510
2026-01-20,쿠팡,유큐어,KN-01,7,7,125370
2026-01-20,쿠팡,유큐어,WR-01,13,14,162540
2026-01-20,쿠팡,유큐어,BK-01,7,9,242190
2026-01-20,기타,기타사이트,WR-01,6,7,87591
2026-01-20,기타,기타사이트,IN-01,11,11,180323
2026-01-20,기타,기타사이트,EL-01,3,3,43359
2026-01-20,기타,기타사이트,KN-02,4,4,135412
2026-01-20,기타,기타사이트,IN-02,1,1,11543
2026-01-20,기타,기타사이트,WR-02,2,2,19206
2026-01-20,기타,기타사이트,KN-01,5,5,96515
2026-01-20,기타,기타사이트,BK-01,8,10,290030
2026-01-21,네이버,네이버,KN-02,27,28,918568
2026-01-21,네이버,네이버,WR-01,26,31,375906
2026-01-21,네이버,네이버,KN-01,34,36,673416
2026-01-21,네이버,네이버,BK-01,27,31,871286
2026-01-21,네이버,네이버,IN-01,27,28,444808
2026-01-21,네이버,네이버,EL-01,22,25,350150
2026-01-21,네이버,네이버,IN-02,11,12,134232
2026-01-21,네이버,네이버,WR-02,11,14,130284
2026-01-21,쿠팡,올투게더나우,WR-01,12,14,162540
2026-01-21,쿠팡,올투게더나우,WR-02,7,8,71280
2026-01-21,쿠팡,올투게더나우,EL-01,3,5,67050
2026-01-21,쿠팡,올투게더나우,KN-01,10,10,179100
2026-01-21,쿠팡,올투게더나우,IN-01,2,4,60840
2026-01-21,쿠팡,올투게더나우,IN-02,3,4,42840
2026-01-21,쿠팡,올투게더나우,KN-02,2,2,62820
2026-01-21,쿠팡,올투게더나우,BK-01,2,2,53820
2026-01-21,쿠팡,휴책,BK-01,9,9,242190
2026-01-21,쿠팡,휴책,KN-01,14,15,268650
2026-01-21,쿠팡,휴책,WR-02,5,5,44550
2026-01-21,쿠팡,휴책,KN-02,10,11,345510
2026-01-21,쿠팡,휴책,WR-01,7,8,92880
2026-01-21,쿠팡,휴책,EL-01,3,3,40230
2026-01-21,쿠팡,휴책,IN-02,8,9,96390
2026-01-21,쿠팡,휴책,IN-01,2,4,60840
2026-01-21,쿠팡,유큐어,WR-02,21,22,196020
2026-01-21,쿠팡,유큐어,IN-01,9,12,182520
2026-01-21,쿠팡,유큐어,IN-02,8,9,96390
2026-01-21,쿠팡,유큐어,EL-01,9,9,120690
2026-01-21,쿠팡,유큐어,KN-01,3,4,71640
2026-01-21,쿠팡,유큐어,WR-01,9,9,104490
2026-01-21,쿠팡,유큐어,BK-01,2,2,53820
2026-01-21,쿠팡,유큐어,KN-02,4,4,125640
2026-01-21,기타,기타사이트,BK-01,5,5,145015
2026-01-21,기타,기타사이트,IN-02,4,4,46172
2026-01-21,기타,기타사이트,EL-01,3,4,57812
2026-01-21,기타,기타사이트,IN-01,4,5,81965
2026-01-21,기타,기타사이트,KN-01,11,13,250939
2026-01-21,기타,기타사이트,WR-01,5,6,75078
2026-01-21,기타,기타사이트,KN-02,7,7,236971
2026-01-21,기타,기타사이트,WR-02,3,4,38412
2026-01-22,네이버,네이버,WR-01,32,38,460788
2026-01-22,네이버,네이버,KN-01,56,65,1215890
2026-01-22,네이버,네이버,EL-01,26,31,434186
2026-01-22,네이버,네이버,BK-01,25,31,871286
2026-01-22,네이버,네이버,IN-02,12,12,134232
2026-01-22,네이버,네이버,KN-02,25,28,918568
2026-01-22,네이버,네이버,IN-01,25,26,413036
2026-01-22,네이버,네이버,WR-02,17,18,167508
2026-01-22,쿠팡,올투게더나우,WR-01,11,13,150930
2026-01-22,쿠팡,올투게더나우,EL-01,3,3,40230
2026-01-22,쿠팡,올투게더나우,IN-02,2,4,42840
2026-01-22,쿠팡,올투게더나우,WR-02,5,6,53460
2026-01-22,쿠팡,올투게더나우,KN-02,5,6,188460
2026-01-22,쿠팡,올투게더나우,KN-01,6,6,107460
2026-01-22,쿠팡,올투게더나우,BK-01,3,4,107640
2026-01-22,쿠팡,올투게더나우,IN-01,4,4,60840
2026-01-22,쿠팡,휴책,KN-01,23,26,465660
2026-01-22,쿠팡,휴책,BK-01,13,14,376740
2026-01-22,쿠팡,휴책,WR-02,6,6,53460
2026-01-22,쿠팡,휴책,WR-01,6,8,92880
2026-01-22,쿠팡,휴책,EL-01,6,7,93870
2026-01-22,쿠팡,휴책,KN-02,15,17,533970
2026-01-22,쿠팡,휴책,IN-02,3,3,32130
2026-01-22,쿠팡,휴책,IN-01,3,3,45630
2026-01-22,쿠팡,유큐어,WR-01,14,17,197370
2026-01-22,쿠팡,유큐어,BK-01,8,8,215280
2026-01-22,쿠팡,유큐어,IN-02,7,8,85680
2026-01-22,쿠팡,유큐어,WR-02,17,20,178200
2026-01-22,쿠팡,유큐어,EL-01,13,14,187740
2026-01-22,쿠팡,유큐어,IN-01,9,9,136890
2026-01-22,쿠팡,유큐어,KN-01,7,9,161190
2026-01-22,쿠팡,유큐어,KN-02,10,10,314100
2026-01-22,기타,기타사이트,WR-01,3,4,50052
2026-01-22,기타,기타사이트,IN-01,3,3,49179
2026-01-22,기타,기타사이트,WR-02,6,6,57618
2026-01-22,기타,기타사이트,IN-02,4,4,46172
2026-01-22,기타,기타사이트,KN-01,9,9,173727
2026-01-22,기타,기타사이트,KN-02,7,8,270824
2026-01-22,기타,기타사이트,BK-01,5,7,203021
2026-01-22,기타,기타사이트,EL-01,1,1,14453
2026-01-23,네이버,네이버,KN-02,29,30,984180
2026-01-23,네이버,네이버,EL-01,31,37,518222
2026-01-23,네이버,네이버,BK-01,36,41,1152346
2026-01-23,네이버,네이버,IN-01,36,40,635440
2026-01-23,네이버,네이버,WR-01,39,43,521418
2026-01-23,네이버,네이버,KN-01,43,47,879182
2026-01-23,네이버,네이버,WR-02,16,16,148896
2026-01-23,네이버,네이버,IN-02,16,17,190162
2026-01-23,쿠팡,올투게더나우,WR-01,11,12,139320
2026-01-23,쿠팡,올투게더나우,IN-02,7,7,74970
2026-01-23,쿠팡,올투게더나우,WR-02,6,6,53460
2026-01-23,쿠팡,올투게더나우,EL-01,2,3,40230
2026-01-23,쿠팡,올투게더나우,KN-01,5,5,89550
2026-01-23,쿠팡,올투게더나우,IN-01,1,1,15210
2026-01-23,쿠팡,올투게더나우,BK-01,1,2,53820
2026-01-23,쿠팡,올투게더나우,KN-02,1,1,31410
2026-01-23,쿠팡,휴책,KN-02,21,21,659610
2026-01-23,쿠팡,휴책,IN-02,6,7,74970
2026-01-23,쿠팡,휴책,WR-01,6,6,69660
2026-01-23,쿠팡,휴책,KN-01,29,36,644760
2026-01-23,쿠팡,휴책,EL-01,7,8,107280
2026-01-23,쿠팡,휴책,IN-01,7,7,106470
2026-01-23,쿠팡,휴책,WR-02,7,7,62370
2026-01-23,쿠팡,휴책,BK-01,5,6,161460
2026-01-23,쿠팡,유큐어,EL-01,12,12,160920
2026-01-23,쿠팡,유큐어,IN-02,11,12,128520
2026-01-23,쿠팡,유큐어,WR-02,26,31,276210
2026-01-23,쿠팡,유큐어,WR-01,8,8,92880
2026-01-23,쿠팡,유큐어,IN-01,15,18,273780
2026-01-23,쿠팡,유큐어,KN-02,14,14,439740
2026-01-23,쿠팡,유큐어,KN-01,2,2,35820
2026-01-23,쿠팡,유큐어,BK-01,2,3,80730
2026-01-23,기타,기타사이트,WR-02,2,2,19206
2026-01-23,기타,기타사이트,EL-01,4,4,57812
2026-01-23,기타,기타사이트,KN-02,7,7,236971
2026-01-23,기타,기타사이트,KN-01,6,6,115818
2026-01-23,기타,기타사이트,IN-01,3,3,49179
2026-01-23,기타,기타사이트,BK-01,3,3,87009
2026-01-23,기타,기타사이트,WR-01,3,3,37539
2026-01-24,네이버,네이버,WR-01,18,20,242520
2026-01-24,네이버,네이버,EL-01,25,28,392168
2026-01-24,네이버,네이버,BK-01,19,22,618332
2026-01-24,네이버,네이버,WR-02,9,9,83754
2026-01-24,네이버,네이버,KN-02,16,19,623314
2026-01-24,네이버,네이버,KN-01,20,21,392826
2026-01-24,네이버,네이버,IN-01,16,18,285948
2026-01-24,네이버,네이버,IN-02,6,7,78302
2026-01-24,쿠팡,올투게더나우,WR-01,13,18,208980
2026-01-24,쿠팡,올투게더나우,KN-01,6,8,143280
2026-01-24,쿠팡,올투게더나우,BK-01,1,1,26910
2026-01-24,쿠팡,올투게더나우,WR-02,11,11,98010
2026-01-24,쿠팡,올투게더나우,EL-01,1,1,13410
2026-01-24,쿠팡,올투게더나우,KN-02,2,3,94230
2026-01-24,쿠팡,올투게더나우,IN-02,3,3,32130
2026-01-24,쿠팡,올투게더나우,IN-01,2,3,45630
2026-01-24,쿠팡,휴책,IN-02,5,6,64260
2026-01-24,쿠팡,휴책,IN-01,4,4,60840
2026-01-24,쿠팡,휴책,KN-01,13,14,250740
2026-01-24,쿠팡,휴책,KN-02,19,20,628200
2026-01-24,쿠팡,휴책,BK-01,14,15,403650
2026-01-24,쿠팡,휴책,WR-01,3,3,34830
2026-01-24,쿠팡,휴책,EL-01,3,3,40230
2026-01-24,쿠팡,휴책,WR-02,2,3,26730
2026-01-24,쿠팡,유큐어,IN-01,8,10,152100
2026-01-24,쿠팡,유큐어,IN-02,8,11,117810
2026-01-24,쿠팡,유큐어,WR-01,6,6,69660
2026-01-24,쿠팡,유큐어,KN-02,4,5,157050
2026-01-24,쿠팡,유큐어,KN-01,4,6,107460
2026-01-24,쿠팡,유큐어,WR-02,14,15,133650
2026-01-24,쿠팡,유큐어,EL-01,7,7,93870
2026-01-24,쿠팡,유큐어,BK-01,1,2,53820
2026-01-24,기타,기타사이트,KN-02,4,5,169265
2026-01-24,기타,기타사이트,KN-01,4,4,77212
2026-01-24,기타,기타사이트,WR-02,3,3,28809
2026-01-24,기타,기타사이트,WR-01,3,3,37539
2026-01-24,기타,기타사이트,IN-01,4,5,81965
2026-01-24,기타,기타사이트,BK-01,2,2,58006
2026-01-25,네이버,네이버,IN-01,25,28,444808
2026-01-25,네이버,네이버,KN-01,30,32,598592
2026-01-25,네이버,네이버,WR-01,31,35,424410
2026-01-25,네이버,네이버,EL-01,20,22,308132
2026-01-25,네이버,네이버,BK-01,23,28,786968
2026-01-25,네이버,네이버,KN-02,20,23,754538
2026-01-25,네이버,네이버,IN-02,13,18,201348
2026-01-25,네이버,네이버,WR-02,6,6,55836
2026-01-25,쿠팡,올투게더나우,WR-01,6,6,69660
2026-01-25,쿠팡,올투게더나우,WR-02,8,10,89100
2026-01-25,쿠팡,올투게더나우,BK-01,4,6,161460
2026-01-25,쿠팡,올투게더나우,IN-02,6,6,64260
2026-01-25,쿠팡,올투게더나우,KN-01,8,8,143280
2026-01-25,쿠팡,올투게더나우,EL-01,1,1,13410
2026-01-25,쿠팡,휴책,IN-02,6,8,85680
2026-01-25,쿠팡,휴책,IN-01,4,5,76050
2026-01-25,쿠팡,휴책,KN-02,13,14,439740
2026-01-25,쿠팡,휴책,WR-01,7,9,104490
2026-01-25,쿠팡,휴책,KN-01,11,12,214920
2026-01-25,쿠팡,휴책,EL-01,5,5,67050
2026-01-25,쿠팡,휴책,BK-01,4,5,134550
2026-01-25,쿠팡,휴책,WR-02,2,2,17820
2026-01-25,쿠팡,유큐어,EL-01,5,5,67050
2026-01-25,쿠팡,유큐어,IN-02,11,13,139230
2026-01-25,쿠팡,유큐어,IN-01,6,8,121680
2026-01-25,쿠팡,유큐어,KN-01,3,3,53730
2026-01-25,쿠팡,유큐어,WR-02,9,11,98010
2026-01-25,쿠팡,유큐어,BK-01,2,2,53820
2026-01-25,쿠팡,유큐어,WR-01,5,5,58050
2026-01-25,쿠팡,유큐어,KN-02,1,1,31410
2026-01-25,기타,기타사이트,KN-02,6,7,236971
2026-01-25,기타,기타사이트,IN-01,7,7,114751
2026-01-25,기타,기타사이트,WR-02,2,3,28809
2026-01-25,기타,기타사이트,KN-01,5,5,96515
2026-01-25,기타,기타사이트,IN-02,1,1,11543
2026-01-25,기타,기타사이트,BK-01,2,2,58006
2026-01-25,기타,기타사이트,WR-01,1,1,12513
2026-01-26,네이버,네이버,KN-01,58,65,1215890
2026-01-26,네이버,네이버,KN-02,45,52,1705912
2026-01-26,네이버,네이버,BK-01,45,53,1489618
2026-01-26,네이버,네이버,EL-01,38,45,630270
2026-01-26,네이버,네이버,IN-01,33,37,587782
2026-01-26,네이버,네이버,WR-02,13,15,139590
2026-01-26,네이버,네이버,WR-01,24,28,339528
2026-01-26,네이버,네이버,IN-02,13,14,156604
2026-01-26,쿠팡,올투게더나우,WR-02,9,11,98010
2026-01-26,쿠팡,올투게더나우,EL-01,1,1,13410
2026-01-26,쿠팡,올투게더나우,KN-01,8,8,143280
2026-01-26,쿠팡,올투게더나우,WR-01,13,13,150930
2026-01-26,쿠팡,올투게더나우,BK-01,7,9,242190
2026-01-26,쿠팡,올투게더나우,KN-02,5,5,157050
2026-01-26,쿠팡,올투게더나우,IN-02,3,3,32130
2026-01-26,쿠팡,올투게더나우,IN-01,1,1,15210
2026-01-26,쿠팡,휴책,KN-01,19,20,358200
2026-01-26,쿠팡,휴책,WR-02,13,15,133650
2026-01-26,쿠팡,휴책,WR-01,11,11,127710
2026-01-26,쿠팡,휴책,BK-01,19,21,565110
2026-01-26,쿠팡,휴책,EL-01,7,7,93870
2026-01-26,쿠팡,휴책,KN-02,16,18,565380
2026-01-26,쿠팡,휴책,IN-01,7,7,106470
2026-01-26,쿠팡,휴책,IN-02,8,9,96390
2026-01-26,쿠팡,유큐어,IN-01,9,10,152100
2026-01-26,쿠팡,유큐어,EL-01,13,14,187740
2026-01-26,쿠팡,유큐어,WR-02,11,13,115830
2026-01-26,쿠팡,유큐어,KN-02,6,6,188460
2026-01-26,쿠팡,유큐어,IN-02,5,5,53550
2026-01-26,쿠팡,유큐어,BK-01,2,2,53820
2026-01-26,쿠팡,유큐어,WR-01,5,5,58050
2026-01-26,쿠팡,유큐어,KN-01,3,3,53730
2026-01-26,기타,기타사이트,KN-02,8,9,304677
2026-01-26,기타,기타사이트,IN-02,3,4,46172
2026-01-26,기타,기타사이트,WR-02,5,6,57618
2026-01-26,기타,기타사이트,IN-01,4,4,65572
2026-01-26,기타,기타사이트,WR-01,2,2,25026
2026-01-26,기타,기타사이트,KN-01,4,5,96515
2026-01-26,기타,기타사이트,BK-01,4,4,116012
2026-01-27,네이버,네이버,WR-01,42,46,557796
2026-01-27,네이버,네이버,IN-02,22,23,257278
2026-01-27,네이버,네이버,KN-02,38,42,1377852
2026-01-27,네이버,네이버,KN-01,53,61,1141066
2026-01-27,네이버,네이버,IN-01,47,52,826072
2026-01-27,네이버,네이버,BK-01,36,43,1208558
2026-01-27,네이버,네이버,WR-02,22,27,251262
2026-01-27,네이버,네이버,EL-01,51,56,784336
2026-01-27,쿠팡,올투게더나우,EL-01,4,4,53640
2026-01-27,쿠팡,올투게더나우,WR-02,6,7,62370
2026-01-27,쿠팡,올투게더나우,KN-02,6,7,219870
2026-01-27,쿠팡,올투게더나우,KN-01,7,8,143280
2026-01-27,쿠팡,올투게더나우,WR-01,7,8,92880
2026-01-27,쿠팡,올투게더나우,IN-01,4,4,60840
2026-01-27,쿠팡,올투게더나우,BK-01,3,3,80730
2026-01-27,쿠팡,올투게더나우,IN-02,3,4,42840
2026-01-27,쿠팡,휴책,EL-01,14,17,227970
2026-01-27,쿠팡,휴책,KN-02,18,20,628200
2026-01-27,쿠팡,휴책,WR-02,7,7,62370
2026-01-27,쿠팡,휴책,BK-01,9,11,296010
2026-01-27,쿠팡,휴책,IN-02,10,10,107100
2026-01-27,쿠팡,휴책,WR-01,7,10,116100
2026-01-27,쿠팡,휴책,KN-01,19,20,358200
2026-01-27,쿠팡,휴책,IN-01,3,3,45630
2026-01-27,쿠팡,유큐어,IN-01,16,17,258570
2026-01-27,쿠팡,유큐어,IN-02,14,16,171360
2026-01-27,쿠팡,유큐어,EL-01,11,12,160920
2026-01-27,쿠팡,유큐어,KN-02,11,13,408330
2026-01-27,쿠팡,유큐어,WR-02,17,20,178200
2026-01-27,쿠팡,유큐어,WR-01,10,13,150930
2026-01-27,쿠팡,유큐어,KN-01,1,1,17910
2026-01-27,쿠팡,유큐어,BK-01,7,7,188370
2026-01-27,기타,기타사이트,WR-01,2,2,25026
2026-01-27,기타,기타사이트,BK-01,9,11,319033
2026-01-27,기타,기타사이트,IN-02,4,4,46172
2026-01-27,기타,기타사이트,KN-01,7,7,135121
2026-01-27,기타,기타사이트,IN-01,6,6,98358
2026-01-27,기타,기타사이트,EL-01,4,4,57812
2026-01-27,기타,기타사이트,WR-02,4,4,38412
2026-01-27,기타,기타사이트,KN-02,6,6,203118
2026-01-28,네이버,네이버,WR-01,44,50,606300
2026-01-28,네이버,네이버,IN-02,18,24,268464
2026-01-28,네이버,네이버,WR-02,20,20,186120
2026-01-28,네이버,네이버,EL-01,44,48,672288
2026-01-28,네이버,네이버,KN-02,36,40,1312240
2026-01-28,네이버,네이버,KN-01,49,56,1047536
2026-01-28,네이버,네이버,BK-01,37,42,1180452
2026-01-28,네이버,네이버,IN-01,43,48,762528
2026-01-28,쿠팡,올투게더나우,KN-01,5,6,107460
2026-01-28,쿠팡,올투게더나우,BK-01,3,3,80730
2026-01-28,쿠팡,올투게더나우,EL-01,4,4,53640
2026-01-28,쿠팡,올투게더나우,WR-02,7,7,62370
2026-01-28,쿠팡,올투게더나우,KN-02,3,4,125640
2026-01-28,쿠팡,올투게더나우,WR-01,5,5,58050
2026-01-28,쿠팡,올투게더나우,IN-01,3,3,45630
2026-01-28,쿠팡,올투게더나우,IN-02,5,5,53550
2026-01-28,쿠팡,휴책,IN-01,4,4,60840
2026-01-28,쿠팡,휴책,KN-01,17,19,340290
2026-01-28,쿠팡,휴책,KN-02,20,20,628200
2026-01-28,쿠팡,휴책,WR-01,8,9,104490
2026-01-28,쿠팡,휴책,BK-01,18,22,592020
2026-01-28,쿠팡,휴책,IN-02,6,6,64260
2026-01-28,쿠팡,휴책,EL-01,13,13,174330
2026-01-28,쿠팡,휴책,WR-02,7,7,62370
2026-01-28,쿠팡,유큐어,WR-01,8,9,104490
2026-01-28,쿠팡,유큐어,IN-02,7,8,85680
2026-01-28,쿠팡,유큐어,KN-02,4,4,125640
2026-01-28,쿠팡,유큐어,EL-01,9,10,134100
2026-01-28,쿠팡,유큐어,BK-01,5,6,161460
2026-01-28,쿠팡,유큐어,IN-01,9,9,136890
2026-01-28,쿠팡,유큐어,WR-02,9,9,80190
2026-01-28,쿠팡,유큐어,KN-01,2,3,53730
2026-01-28,기타,기타사이트,IN-01,8,9,147537
2026-01-28,기타,기타사이트,KN-02,5,7,236971
2026-01-28,기타,기타사이트,BK-01,7,7,203021
2026-01-28,기타,기타사이트,KN-01,5,5,96515
2026-01-28,기타,기타사이트,EL-01,2,2,28906
2026-01-28,기타,기타사이트,WR-01,1,2,25026
2026-01-28,기타,기타사이트,IN-02,1,1,11543
2026-01-29,네이버,네이버,KN-02,43,46,1509076
2026-01-29,네이버,네이버,IN-01,40,46,730756
2026-01-29,네이버,네이버,KN-01,64,68,1272008
2026-01-29,네이버,네이버,IN-02,21,25,279650
2026-01-29,네이버,네이버,EL-01,36,37,518222
2026-01-29,네이버,네이버,WR-01,43,49,594174
2026-01-29,네이버,네이버,BK-01,37,41,1152346
2026-01-29,네이버,네이버,WR-02,20,22,204732
2026-01-29,쿠팡,올투게더나우,WR-01,14,15,174150
2026-01-29,쿠팡,올투게더나우,WR-02,6,7,62370
2026-01-29,쿠팡,올투게더나우,IN-02,8,9,96390
2026-01-29,쿠팡,올투게더나우,KN-02,9,10,314100
2026-01-29,쿠팡,올투게더나우,IN-01,3,3,45630
2026-01-29,쿠팡,올투게더나우,EL-01,2,4,53640
2026-01-29,쿠팡,올투게더나우,KN-01,6,7,125370
2026-01-29,쿠팡,올투게더나우,BK-01,3,3,80730
2026-01-29,쿠팡,휴책,BK-01,11,12,322920
2026-01-29,쿠팡,휴책,KN-01,18,22,394020
2026-01-29,쿠팡,휴책,EL-01,4,4,53640
2026-01-29,쿠팡,휴책,IN-01,9,11,167310
2026-01-29,쿠팡,휴책,IN-02,10,11,117810
2026-01-29,쿠팡,휴책,WR-01,7,7,81270
2026-01-29,쿠팡,휴책,KN-02,23,24,753840
2026-01-29,쿠팡,휴책,WR-02,2,2,17820
2026-01-29,쿠팡,유큐어,KN-02,8,9,282690
2026-01-29,쿠팡,유큐어,WR-01,15,18,208980
2026-01-29,쿠팡,유큐어,EL-01,9,11,147510
2026-01-29,쿠팡,유큐어,KN-01,7,8,143280
2026-01-29,쿠팡,유큐어,IN-02,14,16,171360
2026-01-29,쿠팡,유큐어,WR-02,16,16,142560
2026-01-29,쿠팡,유큐어,IN-01,12,12,182520
2026-01-29,쿠팡,유큐어,BK-01,5,6,161460
2026-01-29,기타,기타사이트,KN-01,3,3,57909
2026-01-29,기타,기타사이트,BK-01,8,9,261027
2026-01-29,기타,기타사이트,WR-02,5,5,48015
2026-01-29,기타,기타사이트,IN-01,9,10,163930
2026-01-29,기타,기타사이트,KN-02,6,6,203118
2026-01-29,기타,기타사이트,WR-01,5,6,75078
2026-01-29,기타,기타사이트,EL-01,6,9,130077
2026-01-29,기타,기타사이트,IN-02,3,4,46172
2026-01-30,네이버,네이버,WR-01,27,35,424410
2026-01-30,네이버,네이버,WR-02,16,17,158202
2026-01-30,네이버,네이버,KN-01,38,39,729534
2026-01-30,네이버,네이버,IN-01,28,33,524238
2026-01-30,네이버,네이버,EL-01,24,26,364156
2026-01-30,네이버,네이버,KN-02,18,20,656120
2026-01-30,네이버,네이버,BK-01,28,30,843180
2026-01-30,네이버,네이버,IN-02,6,7,78302
2026-01-30,쿠팡,올투게더나우,WR-01,13,14,162540
2026-01-30,쿠팡,올투게더나우,KN-01,6,6,107460
2026-01-30,쿠팡,올투게더나우,KN-02,2,3,94230
2026-01-30,쿠팡,올투게더나우,IN-02,2,3,32130
2026-01-30,쿠팡,올투게더나우,IN-01,1,1,15210
2026-01-30,쿠팡,올투게더나우,BK-01,2,2,53820
2026-01-30,쿠팡,올투게더나우,WR-02,4,5,44550
2026-01-30,쿠팡,휴책,KN-02,24,27,848070
2026-01-30,쿠팡,휴책,WR-01,9,10,116100
2026-01-30,쿠팡,휴책,IN-01,8,9,136890
2026-01-30,쿠팡,휴책,BK-01,17,21,565110
2026-01-30,쿠팡,휴책,KN-01,25,29,519390
2026-01-30,쿠팡,휴책,IN-02,11,13,139230
2026-01-30,쿠팡,휴책,EL-01,7,7,93870
2026-01-30,쿠팡,휴책,WR-02,6,7,62370
2026-01-30,쿠팡,유큐어,WR-02,20,22,196020
2026-01-30,쿠팡,유큐어,IN-02,8,9,96390
2026-01-30,쿠팡,유큐어,IN-01,19,22,334620
2026-01-30,쿠팡,유큐어,BK-01,8,11,296010
2026-01-30,쿠팡,유큐어,EL-01,10,15,201150
2026-01-30,쿠팡,유큐어,WR-01,5,5,58050
2026-01-30,쿠팡,유큐어,KN-01,5,5,89550
2026-01-30,쿠팡,유큐어,KN-02,5,5,157050
2026-01-30,기타,기타사이트,IN-01,14,15,245895
2026-01-30,기타,기타사이트,KN-02,8,8,270824
2026-01-30,기타,기타사이트,WR-02,3,3,28809
2026-01-30,기타,기타사이트,WR-01,5,5,62565
2026-01-30,기타,기타사이트,KN-01,7,7,135121
2026-01-30,기타,기타사이트,EL-01,3,3,43359
2026-01-30,기타,기타사이트,BK-01,2,3,87009
2026-01-30,기타,기타사이트,IN-02,2,2,23086
2026-01-31,네이버,네이버,WR-02,7,8,74448
2026-01-31,네이버,네이버,EL-01,25,30,420180
2026-01-31,네이버,네이버,WR-01,20,23,278898
2026-01-31,네이버,네이버,IN-01,16,20,317720
2026-01-31,네이버,네이버,KN-01,20,22,411532
2026-01-31,네이버,네이버,KN-02,21,24,787344
2026-01-31,네이버,네이버,BK-01,16,18,505908
2026-01-31,네이버,네이버,IN-02,11,11,123046
2026-01-31,쿠팡,올투게더나우,WR-01,10,10,116100
2026-01-31,쿠팡,올투게더나우,WR-02,7,9,80190
2026-01-31,쿠팡,올투게더나우,KN-02,5,6,188460
2026-01-31,쿠팡,올투게더나우,BK-01,2,2,53820
2026-01-31,쿠팡,올투게더나우,EL-01,2,2,26820
2026-01-31,쿠팡,올투게더나우,KN-01,2,3,53730
2026-01-31,쿠팡,올투게더나우,IN-02,2,2,21420
2026-01-31,쿠팡,휴책,KN-02,20,23,722430
2026-01-31,쿠팡,휴책,KN-01,19,22,394020
2026-01-31,쿠팡,휴책,WR-01,2,3,34830
2026-01-31,쿠팡,휴책,IN-02,9,11,117810
2026-01-31,쿠팡,휴책,BK-01,10,11,296010
2026-01-31,쿠팡,휴책,WR-02,3,5,44550
2026-01-31,쿠팡,휴책,EL-01,4,5,67050
2026-01-31,쿠팡,휴책,IN-01,4,4,60840
2026-01-31,쿠팡,유큐어,IN-02,15,17,182070
2026-01-31,쿠팡,유큐어,WR-01,11,14,162540
2026-01-31,쿠팡,유큐어,KN-01,7,7,125370
2026-01-31,쿠팡,유큐어,BK-01,6,7,188370
2026-01-31,쿠팡,유큐어,WR-02,10,11,98010
2026-01-31,쿠팡,유큐어,IN-01,5,5,76050
2026-01-31,쿠팡,유큐어,EL-01,10,12,160920
2026-01-31,쿠팡,유큐어,KN-02,2,2,62820
2026-01-31,기타,기타사이트,WR-01,2,2,25026
2026-01-31,기타,기타사이트,IN-02,3,3,34629
2026-01-31,기타,기타사이트,KN-01,1,2,38606
2026-01-31,기타,기타사이트,BK-01,4,4,116012
2026-01-31,기타,기타사이트,KN-02,4,7,236971
2026-01-31,기타,기타사이트,IN-01,4,5,81965
2026-01-31,기타,기타사이트,WR-02,4,5,48015
2026-02-01,네이버,네이버,KN-02,28,32,1049792
2026-02-01,네이버,네이버,WR-01,23,23,278898
2026-02-01,네이버,네이버,WR-02,18,24,223344
2026-02-01,네이버,네이버,BK-01,19,23,646438
2026-02-01,네이버,네이버,KN-01,43,45,841770
2026-02-01,네이버,네이버,EL-01,28,29,406174
2026-02-01,네이버,네이버,IN-01,33,36,571896
2026-02-01,네이버,네이버,IN-02,12,13,145418
2026-02-01,쿠팡,올투게더나우,BK-01,5,5,134550
2026-02-01,쿠팡,올투게더나우,WR-01,8,8,92880
2026-02-01,쿠팡,올투게더나우,KN-02,5,7,219870
2026-02-01,쿠팡,올투게더나우,IN-02,2,3,32130
2026-02-01,쿠팡,올투게더나우,WR-02,6,6,53460
2026-02-01,쿠팡,올투게더나우,KN-01,3,4,71640
2026-02-01,쿠팡,올투게더나우,IN-01,2,3,45630
2026-02-01,쿠팡,올투게더나우,EL-01,1,1,13410
2026-02-01,쿠팡,휴책,KN-02,23,27,848070
2026-02-01,쿠팡,휴책,IN-02,7,7,74970
2026-02-01,쿠팡,휴책,BK-01,11,12,322920
2026-02-01,쿠팡,휴책,WR-02,4,5,44550
2026-02-01,쿠팡,휴책,KN-01,17,19,340290
2026-02-01,쿠팡,휴책,WR-01,3,3,34830
2026-02-01,쿠팡,휴책,IN-01,5,7,106470
2026-02-01,쿠팡,휴책,EL-01,1,1,13410
2026-02-01,쿠팡,유큐어,EL-01,15,18,241380
2026-02-01,쿠팡,유큐어,IN-02,15,19,203490
2026-02-01,쿠팡,유큐어,WR-02,10,11,98010
2026-02-01,쿠팡,유큐어,IN-01,4,4,60840
2026-02-01,쿠팡,유큐어,BK-01,7,9,242190
2026-02-01,쿠팡,유큐어,WR-01,6,7,81270
2026-02-01,쿠팡,유큐어,KN-01,5,6,107460
2026-02-01,쿠팡,유큐어,KN-02,3,4,125640
2026-02-01,기타,기타사이트,BK-01,6,7,203021
2026-02-01,기타,기타사이트,KN-01,9,10,193030
2026-02-01,기타,기타사이트,KN-02,8,9,304677
2026-02-01,기타,기타사이트,WR-01,1,1,12513
2026-02-01,기타,기타사이트,EL-01,2,2,28906
2026-02-01,기타,기타사이트,IN-02,2,2,23086
2026-02-01,기타,기타사이트,IN-01,3,4,65572
2026-02-01,기타,기타사이트,WR-02,3,3,28809
2026-02-02,네이버,네이버,WR-01,32,33,400158
2026-02-02,네이버,네이버,BK-01,41,45,1264770
2026-02-02,네이버,네이버,EL-01,44,52,728312
2026-02-02,네이버,네이버,KN-01,56,65,1215890
2026-02-02,네이버,네이버,IN-02,17,17,190162
2026-02-02,네이버,네이버,IN-01,52,58,921388
2026-02-02,네이버,네이버,KN-02,38,40,1312240
2026-02-02,네이버,네이버,WR-02,18,22,204732
2026-02-02,쿠팡,올투게더나우,WR-01,12,14,162540
2026-02-02,쿠팡,올투게더나우,KN-02,3,3,94230
2026-02-02,쿠팡,올투게더나우,BK-01,4,5,134550
2026-02-02,쿠팡,올투게더나우,KN-01,7,7,125370
2026-02-02,쿠팡,올투게더나우,WR-02,6,8,71280
2026-02-02,쿠팡,올투게더나우,EL-01,3,3,40230
2026-02-02,쿠팡,올투게더나우,IN-02,2,3,32130
2026-02-02,쿠팡,올투게더나우,IN-01,1,2,30420
2026-02-02,쿠팡,휴책,KN-01,27,30,537300
2026-02-02,쿠팡,휴책,KN-02,15,16,502560
2026-02-02,쿠팡,휴책,BK-01,20,22,592020
2026-02-02,쿠팡,휴책,WR-01,7,8,92880
2026-02-02,쿠팡,휴책,IN-02,8,8,85680
2026-02-02,쿠팡,휴책,WR-02,8,8,71280
2026-02-02,쿠팡,휴책,EL-01,7,7,93870
2026-02-02,쿠팡,휴책,IN-01,5,6,91260
2026-02-02,쿠팡,유큐어,WR-01,8,9,104490
2026-02-02,쿠팡,유큐어,KN-01,7,7,125370
2026-02-02,쿠팡,유큐어,EL-01,12,15,201150
2026-02-02,쿠팡,유큐어,WR-02,13,17,151470
2026-02-02,쿠팡,유큐어,IN-01,5,5,76050
2026-02-02,쿠팡,유큐어,BK-01,6,6,161460
2026-02-02,쿠팡,유큐어,IN-02,8,8,85680
2026-02-02,쿠팡,유큐어,KN-02,3,3,94230
2026-02-02,기타,기타사이트,IN-02,2,2,23086
2026-02-02,기타,기타사이트,WR-01,3,3,37539
2026-02-02,기타,기타사이트,BK-01,4,4,116012
2026-02-02,기타,기타사이트,IN-01,3,3,49179
2026-02-02,기타,기타사이트,KN-02,8,8,270824
2026-02-02,기타,기타사이트,KN-01,6,6,115818
2026-02-02,기타,기타사이트,EL-01,2,3,43359
2026-02-02,기타,기타사이트,WR-02,4,5,48015
2026-02-03,네이버,네이버,IN-01,39,45,714870
2026-02-03,네이버,네이버,KN-02,52,61,2001166
2026-02-03,네이버,네이버,IN-02,14,17,190162
2026-02-03,네이버,네이버,KN-01,59,69,1290714
2026-02-03,네이버,네이버,WR-01,38,44,533544
2026-02-03,네이버,네이버,EL-01,39,46,644276
2026-02-03,네이버,네이버,WR-02,26,27,251262
2026-02-03,네이버,네이버,BK-01,36,40,1124240
2026-02-03,쿠팡,올투게더나우,BK-01,6,6,161460
2026-02-03,쿠팡,올투게더나우,KN-02,3,3,94230
2026-02-03,쿠팡,올투게더나우,IN-01,3,3,45630
2026-02-03,쿠팡,올투게더나우,EL-01,5,7,93870
2026-02-03,쿠팡,올투게더나우,WR-02,13,14,124740
2026-02-03,쿠팡,올투게더나우,IN-02,5,5,53550
2026-02-03,쿠팡,올투게더나우,WR-01,13,13,150930
2026-02-03,쿠팡,올투게더나우,KN-01,4,4,71640
2026-02-03,쿠팡,휴책,KN-01,15,16,286560
2026-02-03,쿠팡,휴책,EL-01,5,6,80460
2026-02-03,쿠팡,휴책,KN-02,19,23,722430
2026-02-03,쿠팡,휴책,BK-01,7,7,188370
2026-02-03,쿠팡,휴책,IN-01,6,6,91260
2026-02-03,쿠팡,휴책,WR-02,7,7,62370
2026-02-03,쿠팡,휴책,IN-02,3,4,42840
2026-02-03,쿠팡,유큐어,EL-01,12,17,227970
2026-02-03,쿠팡,유큐어,WR-02,22,23,204930
2026-02-03,쿠팡,유큐어,BK-01,7,7,188370
2026-02-03,쿠팡,유큐어,KN-02,5,5,157050
2026-02-03,쿠팡,유큐어,IN-02,14,14,149940
2026-02-03,쿠팡,유큐어,IN-01,12,13,197730
2026-02-03,쿠팡,유큐어,WR-01,13,16,185760
2026-02-03,쿠팡,유큐어,KN-01,9,9,161190
2026-02-03,기타,기타사이트,IN-02,4,6,69258
2026-02-03,기타,기타사이트,KN-02,3,3,101559
2026-02-03,기타,기타사이트,IN-01,6,7,114751
2026-02-03,기타,기타사이트,BK-01,2,2,58006
2026-02-03,기타,기타사이트,EL-01,6,8,115624
2026-02-03,기타,기타사이트,WR-02,5,5,48015
2026-02-03,기타,기타사이트,WR-01,2,2,25026
2026-02-03,기타,기타사이트,KN-01,4,6,115818
2026-02-04,네이버,네이버,EL-01,32,33,462198
2026-02-04,네이버,네이버,BK-01,38,41,1152346
2026-02-04,네이버,네이버,WR-02,20,23,214038
2026-02-04,네이버,네이버,IN-01,40,45,714870
2026-02-04,네이버,네이버,WR-01,38,44,533544
2026-02-04,네이버,네이버,KN-01,56,66,1234596
2026-02-04,네이버,네이버,IN-02,20,22,246092
2026-02-04,네이버,네이버,KN-02,43,48,1574688
2026-02-04,쿠팡,올투게더나우,KN-01,5,6,107460
2026-02-04,쿠팡,올투게더나우,WR-02,9,9,80190
2026-02-04,쿠팡,올투게더나우,BK-01,1,1,26910
2026-02-04,쿠팡,올투게더나우,IN-01,3,3,45630
2026-02-04,쿠팡,올투게더나우,IN-02,3,3,32130
2026-02-04,쿠팡,올투게더나우,WR-01,11,12,139320
2026-02-04,쿠팡,올투게더나우,KN-02,4,5,157050
2026-02-04,쿠팡,올투게더나우,EL-01,1,1,13410
2026-02-04,쿠팡,휴책,KN-01,19,20,358200
2026-02-04,쿠팡,휴책,WR-02,11,13,115830
2026-02-04,쿠팡,휴책,IN-01,6,7,106470
2026-02-04,쿠팡,휴책,BK-01,24,25,672750
2026-02-04,쿠팡,휴책,KN-02,23,24,753840
2026-02-04,쿠팡,휴책,EL-01,4,4,53640
2026-02-04,쿠팡,휴책,WR-01,4,4,46440
2026-02-04,쿠팡,휴책,IN-02,9,10,107100
2026-02-04,쿠팡,유큐어,WR-02,21,25,222750
2026-02-04,쿠팡,유큐어,WR-01,16,19,220590
2026-02-04,쿠팡,유큐어,EL-01,15,16,214560
2026-02-04,쿠팡,유큐어,KN-02,5,7,219870
2026-02-04,쿠팡,유큐어,KN-01,2,3,53730
2026-02-04,쿠팡,유큐어,IN-01,14,17,258570
2026-02-04,쿠팡,유큐어,IN-02,13,14,149940
2026-02-04,쿠팡,유큐어,BK-01,5,5,134550
2026-02-04,기타,기타사이트,KN-02,8,8,270824
2026-02-04,기타,기타사이트,IN-01,5,5,81965
2026-02-04,기타,기타사이트,WR-02,5,6,57618
2026-02-04,기타,기타사이트,EL-01,2,2,28906
2026-02-04,기타,기타사이트,IN-02,5,5,57715
2026-02-04,기타,기타사이트,WR-01,1,1,12513
2026-02-04,기타,기타사이트,KN-01,2,2,38606
2026-02-04,기타,기타사이트,BK-01,2,3,87009
2026-02-05,네이버,네이버,IN-01,38,42,667212
2026-02-05,네이버,네이버,KN-02,40,45,1476270
2026-02-05,네이버,네이버,WR-02,25,29,269874
2026-02-05,네이버,네이버,WR-01,44,52,630552
2026-02-05,네이버,네이버,BK-01,21,22,618332
2026-02-05,네이버,네이버,IN-02,23,26,290836
2026-02-05,네이버,네이버,KN-01,42,48,897888
2026-02-05,네이버,네이버,EL-01,38,44,616264
2026-02-05,쿠팡,올투게더나우,WR-02,10,10,89100
2026-02-05,쿠팡,올투게더나우,WR-01,12,15,174150
2026-02-05,쿠팡,올투게더나우,EL-01,2,3,40230
2026-02-05,쿠팡,올투게더나우,KN-01,5,5,89550
2026-02-05,쿠팡,올투게더나우,IN-01,4,4,60840
2026-02-05,쿠팡,올투게더나우,IN-02,3,3,32130
2026-02-05,쿠팡,올투게더나우,KN-02,4,4,125640
2026-02-05,쿠팡,올투게더나우,BK-01,1,1,26910
2026-02-05,쿠팡,휴책,BK-01,12,13,349830
2026-02-05,쿠팡,휴책,KN-02,17,18,565380
2026-02-05,쿠팡,휴책,WR-01,6,7,81270
2026-02-05,쿠팡,휴책,IN-02,5,5,53550
2026-02-05,쿠팡,휴책,KN-01,24,27,483570
2026-02-05,쿠팡,휴책,IN-01,7,8,121680
2026-02-05,쿠팡,휴책,WR-02,11,12,106920
2026-02-05,쿠팡,휴책,EL-01,5,7,93870
2026-02-05,쿠팡,유큐어,BK-01,9,9,242190
2026-02-05,쿠팡,유큐어,WR-01,11,13,150930
2026-02-05,쿠팡,유큐어,WR-02,11,11,98010
2026-02-05,쿠팡,유큐어,IN-01,10,12,182520
2026-02-05,쿠팡,유큐어,EL-01,6,6,80460
2026-02-05,쿠팡,유큐어,IN-02,5,5,53550
2026-02-05,쿠팡,유큐어,KN-01,3,3,53730
2026-02-05,쿠팡,유큐어,KN-02,2,3,94230
2026-02-05,기타,기타사이트,IN-02,2,2,23086
2026-02-05,기타,기타사이트,KN-02,6,7,236971
2026-02-05,기타,기타사이트,KN-01,7,9,173727
2026-02-05,기타,기타사이트,WR-02,5,5,48015
2026-02-05,기타,기타사이트,EL-01,9,12,173436
2026-02-05,기타,기타사이트,IN-01,10,13,213109
2026-02-05,기타,기타사이트,BK-01,4,6,174018
2026-02-05,기타,기타사이트,WR-01,3,4,50052
2026-02-06,네이버,네이버,KN-02,24,27,885762
2026-02-06,네이버,네이버,KN-01,35,40,748240
2026-02-06,네이버,네이버,WR-01,24,25,303150
2026-02-06,네이버,네이버,IN-01,33,37,587782
2026-02-06,네이버,네이버,EL-01,24,26,364156
2026-02-06,네이버,네이버,WR-02,15,17,158202
2026-02-06,네이버,네이버,BK-01,23,25,702650
2026-02-06,네이버,네이버,IN-02,10,11,123046
2026-02-06,쿠팡,올투게더나우,IN-02,2,2,21420
2026-02-06,쿠팡,올투게더나우,WR-01,14,15,174150
2026-02-06,쿠팡,올투게더나우,WR-02,10,10,89100
2026-02-06,쿠팡,올투게더나우,KN-02,2,2,62820
2026-02-06,쿠팡,올투게더나우,KN-01,6,7,125370
2026-02-06,쿠팡,올투게더나우,IN-01,6,8,121680
2026-02-06,쿠팡,올투게더나우,EL-01,5,6,80460
2026-02-06,쿠팡,올투게더나우,BK-01,7,7,188370
2026-02-06,쿠팡,휴책,EL-01,4,4,53640
2026-02-06,쿠팡,휴책,BK-01,15,18,484380
2026-02-06,쿠팡,휴책,KN-02,21,23,722430
2026-02-06,쿠팡,휴책,KN-01,13,14,250740
2026-02-06,쿠팡,휴책,IN-02,4,5,53550
2026-02-06,쿠팡,휴책,IN-01,1,1,15210
2026-02-06,쿠팡,휴책,WR-01,4,4,46440
2026-02-06,쿠팡,휴책,WR-02,6,7,62370
2026-02-06,쿠팡,유큐어,IN-02,12,13,139230
2026-02-06,쿠팡,유큐어,IN-01,13,14,212940
2026-02-06,쿠팡,유큐어,WR-01,10,12,139320
2026-02-06,쿠팡,유큐어,KN-02,6,7,219870
2026-02-06,쿠팡,유큐어,WR-02,14,14,124740
2026-02-06,쿠팡,유큐어,KN-01,10,10,179100
2026-02-06,쿠팡,유큐어,BK-01,5,6,161460
2026-02-06,쿠팡,유큐어,EL-01,7,8,107280
2026-02-06,기타,기타사이트,BK-01,10,11,319033
2026-02-06,기타,기타사이트,IN-02,7,9,103887
2026-02-06,기타,기타사이트,KN-01,7,8,154424
2026-02-06,기타,기타사이트,IN-01,7,7,114751
2026-02-06,기타,기타사이트,EL-01,2,2,28906
2026-02-06,기타,기타사이트,KN-02,4,5,169265
2026-02-06,기타,기타사이트,WR-01,1,1,12513
2026-02-06,기타,기타사이트,WR-02,2,2,19206
2026-02-07,네이버,네이버,WR-02,11,12,111672
2026-02-07,네이버,네이버,WR-01,22,23,278898
2026-02-07,네이버,네이버,KN-01,32,36,673416
2026-02-07,네이버,네이버,IN-01,26,28,444808
2026-02-07,네이버,네이버,KN-02,21,24,787344
2026-02-07,네이버,네이버,EL-01,12,14,196084
2026-02-07,네이버,네이버,IN-02,10,11,123046
2026-02-07,네이버,네이버,BK-01,9,11,309166
2026-02-07,쿠팡,올투게더나우,KN-01,5,7,125370
2026-02-07,쿠팡,올투게더나우,WR-01,8,8,92880
2026-02-07,쿠팡,올투게더나우,IN-02,4,5,53550
2026-02-07,쿠팡,올투게더나우,WR-02,8,12,106920
2026-02-07,쿠팡,올투게더나우,IN-01,2,3,45630
2026-02-07,쿠팡,올투게더나우,KN-02,3,3,94230
2026-02-07,쿠팡,올투게더나우,EL-01,3,3,40230
2026-02-07,쿠팡,올투게더나우,BK-01,3,3,80730
2026-02-07,쿠팡,휴책,BK-01,13,13,349830
2026-02-07,쿠팡,휴책,EL-01,7,8,107280
2026-02-07,쿠팡,휴책,WR-02,10,11,98010
2026-02-07,쿠팡,휴책,KN-02,16,20,628200
2026-02-07,쿠팡,휴책,KN-01,16,18,322380
2026-02-07,쿠팡,휴책,WR-01,7,7,81270
2026-02-07,쿠팡,휴책,IN-01,10,10,152100
2026-02-07,쿠팡,휴책,IN-02,5,5,53550
2026-02-07,쿠팡,유큐어,IN-02,8,9,96390
2026-02-07,쿠팡,유큐어,KN-02,3,3,94230
2026-02-07,쿠팡,유큐어,WR-01,5,6,69660
2026-02-07,쿠팡,유큐어,KN-01,3,4,71640
2026-02-07,쿠팡,유큐어,WR-02,7,11,98010
2026-02-07,쿠팡,유큐어,EL-01,7,8,107280
2026-02-07,쿠팡,유큐어,IN-01,9,9,136890
2026-02-07,쿠팡,유큐어,BK-01,4,4,107640
2026-02-07,기타,기타사이트,BK-01,6,6,174018
2026-02-07,기타,기타사이트,IN-01,4,4,65572
2026-02-07,기타,기타사이트,KN-01,1,1,19303
2026-02-07,기타,기타사이트,EL-01,1,1,14453
2026-02-07,기타,기타사이트,KN-02,5,5,169265
2026-02-07,기타,기타사이트,WR-01,3,3,37539
2026-02-08,네이버,네이버,EL-01,22,25,350150
2026-02-08,네이버,네이버,KN-01,33,36,673416
2026-02-08,네이버,네이버,KN-02,20,22,721732
2026-02-08,네이버,네이버,BK-01,13,15,421590
2026-02-08,네이버,네이버,WR-02,9,9,83754
2026-02-08,네이버,네이버,IN-01,18,20,317720
2026-02-08,네이버,네이버,WR-01,13,16,194016
2026-02-08,네이버,네이버,IN-02,5,6,67116
2026-02-08,쿠팡,올투게더나우,WR-01,13,16,185760
2026-02-08,쿠팡,올투게더나우,WR-02,6,6,53460
2026-02-08,쿠팡,올투게더나우,KN-01,4,4,71640
2026-02-08,쿠팡,올투게더나우,KN-02,3,3,94230
2026-02-08,쿠팡,올투게더나우,IN-01,3,3,45630
2026-02-08,쿠팡,올투게더나우,EL-01,3,3,40230
2026-02-08,쿠팡,올투게더나우,IN-02,1,1,10710
2026-02-08,쿠팡,올투게더나우,BK-01,1,2,53820
2026-02-08,쿠팡,휴책,IN-01,7,8,121680
2026-02-08,쿠팡,휴책,BK-01,11,12,322920
2026-02-08,쿠팡,휴책,KN-02,14,18,565380
2026-02-08,쿠팡,휴책,WR-01,11,13,150930
2026-02-08,쿠팡,휴책,KN-01,19,21,376110
2026-02-08,쿠팡,휴책,EL-01,7,9,120690
2026-02-08,쿠팡,휴책,WR-02,3,4,35640
2026-02-08,쿠팡,휴책,IN-02,1,1,10710
2026-02-08,쿠팡,유큐어,WR-02,13,13,115830
2026-02-08,쿠팡,유큐어,EL-01,5,6,80460
2026-02-08,쿠팡,유큐어,IN-01,8,8,121680
2026-02-08,쿠팡,유큐어,KN-02,4,4,125640
2026-02-08,쿠팡,유큐어,WR-01,7,9,104490
2026-02-08,쿠팡,유큐어,BK-01,6,7,188370
2026-02-08,쿠팡,유큐어,KN-01,5,5,89550
2026-02-08,쿠팡,유큐어,IN-02,6,6,64260
2026-02-08,기타,기타사이트,IN-01,6,7,114751
2026-02-08,기타,기타사이트,BK-01,3,5,145015
2026-02-08,기타,기타사이트,WR-01,2,2,25026
2026-02-08,기타,기타사이트,KN-02,6,8,270824
2026-02-08,기타,기타사이트,IN-02,5,5,57715
2026-02-08,기타,기타사이트,EL-01,1,1,14453
2026-02-08,기타,기타사이트,WR-02,1,1,9603
2026-02-08,기타,기타사이트,KN-01,3,3,57909
2026-02-09,네이버,네이버,EL-01,38,43,602258
2026-02-09,네이버,네이버,WR-02,23,28,260568
2026-02-09,네이버,네이버,IN-01,37,40,635440
2026-02-09,네이버,네이버,BK-01,31,35,983710
2026-02-09,네이버,네이버,KN-02,37,43,1410658
2026-02-09,네이버,네이버,WR-01,33,36,436536
2026-02-09,네이버,네이버,IN-02,22,25,279650
2026-02-09,네이버,네이버,KN-01,54,63,1178478
2026-02-09,쿠팡,올투게더나우,KN-01,9,10,179100
2026-02-09,쿠팡,올투게더나우,KN-02,2,2,62820
2026-02-09,쿠팡,올투게더나우,IN-01,6,7,106470
2026-02-09,쿠팡,올투게더나우,EL-01,8,8,107280
2026-02-09,쿠팡,올투게더나우,WR-02,11,13,115830
2026-02-09,쿠팡,올투게더나우,BK-01,4,4,107640
2026-02-09,쿠팡,올투게더나우,IN-02,3,3,32130
2026-02-09,쿠팡,올투게더나우,WR-01,7,7,81270
2026-02-09,쿠팡,휴책,WR-01,10,10,116100
2026-02-09,쿠팡,휴책,BK-01,15,16,430560
2026-02-09,쿠팡,휴책,KN-02,24,24,753840
2026-02-09,쿠팡,휴책,KN-01,22,27,483570
2026-02-09,쿠팡,휴책,EL-01,7,7,93870
2026-02-09,쿠팡,휴책,WR-02,5,6,53460
2026-02-09,쿠팡,휴책,IN-02,8,9,96390
2026-02-09,쿠팡,휴책,IN-01,3,3,45630
2026-02-09,쿠팡,유큐어,IN-02,16,20,214200
2026-02-09,쿠팡,유큐어,IN-01,10,12,182520
2026-02-09,쿠팡,유큐어,WR-02,24,28,249480
2026-02-09,쿠팡,유큐어,KN-02,4,6,188460
2026-02-09,쿠팡,유큐어,WR-01,14,17,197370
2026-02-09,쿠팡,유큐어,BK-01,6,7,188370
2026-02-09,쿠팡,유큐어,KN-01,5,5,89550
2026-02-09,쿠팡,유큐어,EL-01,14,18,241380
2026-02-09,기타,기타사이트,BK-01,8,10,290030
2026-02-09,기타,기타사이트,EL-01,1,2,28906
2026-02-09,기타,기타사이트,WR-02,1,1,9603
2026-02-09,기타,기타사이트,WR-01,3,5,62565
2026-02-09,기타,기타사이트,IN-02,2,2,23086
2026-02-09,기타,기타사이트,IN-01,7,8,131144
2026-02-09,기타,기타사이트,KN-01,3,4,77212
2026-02-09,기타,기타사이트,KN-02,2,2,67706
2026-02-10,네이버,네이버,IN-01,33,37,587782
2026-02-10,네이버,네이버,KN-02,35,38,1246628
2026-02-10,네이버,네이버,WR-02,23,25,232650
2026-02-10,네이버,네이버,KN-01,46,51,954006
2026-02-10,네이버,네이버,BK-01,45,49,1377194
2026-02-10,네이버,네이버,WR-01,45,52,630552
2026-02-10,네이버,네이버,IN-02,25,30,335580
2026-02-10,네이버,네이버,EL-01,35,41,574246
2026-02-10,쿠팡,올투게더나우,BK-01,7,8,215280
2026-02-10,쿠팡,올투게더나우,IN-01,5,5,76050
2026-02-10,쿠팡,올투게더나우,WR-02,5,5,44550
2026-02-10,쿠팡,올투게더나우,WR-01,18,20,232200
2026-02-10,쿠팡,올투게더나우,KN-01,9,9,161190
2026-02-10,쿠팡,올투게더나우,KN-02,1,1,31410
2026-02-10,쿠팡,올투게더나우,EL-01,4,4,53640
2026-02-10,쿠팡,올투게더나우,IN-02,2,2,21420
2026-02-10,쿠팡,휴책,EL-01,12,12,160920
2026-02-10,쿠팡,휴책,KN-01,23,27,483570
2026-02-10,쿠팡,휴책,WR-01,7,7,81270
2026-02-10,쿠팡,휴책,BK-01,21,23,618930
2026-02-10,쿠팡,휴책,WR-02,10,11,98010
2026-02-10,쿠팡,휴책,KN-02,14,17,533970
2026-02-10,쿠팡,휴책,IN-02,9,10,107100
2026-02-10,쿠팡,휴책,IN-01,7,7,106470
2026-02-10,쿠팡,유큐어,EL-01,10,11,147510
2026-02-10,쿠팡,유큐어,IN-01,9,11,167310
2026-02-10,쿠팡,유큐어,WR-01,12,12,139320
2026-02-10,쿠팡,유큐어,BK-01,3,3,80730
2026-02-10,쿠팡,유큐어,IN-02,8,10,107100
2026-02-10,쿠팡,유큐어,WR-02,14,16,142560
2026-02-10,쿠팡,유큐어,KN-02,2,2,62820
2026-02-10,쿠팡,유큐어,KN-01,2,2,35820
2026-02-10,기타,기타사이트,BK-01,10,11,319033
2026-02-10,기타,기타사이트,EL-01,2,2,28906
2026-02-10,기타,기타사이트,KN-01,6,8,154424
2026-02-10,기타,기타사이트,IN-01,5,5,81965
2026-02-10,기타,기타사이트,IN-02,1,1,11543
2026-02-10,기타,기타사이트,KN-02,6,6,203118
2026-02-10,기타,기타사이트,WR-01,3,3,37539
2026-02-10,기타,기타사이트,WR-02,3,3,28809
2026-02-11,네이버,네이버,WR-02,16,18,167508
2026-02-11,네이버,네이버,KN-02,24,26,852956
2026-02-11,네이버,네이버,WR-01,34,36,436536
2026-02-11,네이버,네이버,IN-01,30,33,524238
2026-02-11,네이버,네이버,EL-01,33,37,518222
2026-02-11,네이버,네이버,BK-01,33,37,1039922
2026-02-11,네이버,네이버,KN-01,57,66,1234596
2026-02-11,네이버,네이버,IN-02,20,21,234906
2026-02-11,쿠팡,올투게더나우,IN-01,4,4,60840
2026-02-11,쿠팡,올투게더나우,IN-02,4,5,53550
2026-02-11,쿠팡,올투게더나우,KN-01,5,6,107460
2026-02-11,쿠팡,올투게더나우,WR-02,6,7,62370
2026-02-11,쿠팡,올투게더나우,WR-01,2,3,34830
2026-02-11,쿠팡,올투게더나우,EL-01,6,6,80460
2026-02-11,쿠팡,올투게더나우,BK-01,2,2,53820
2026-02-11,쿠팡,올투게더나우,KN-02,1,1,31410
2026-02-11,쿠팡,휴책,KN-02,23,27,848070
2026-02-11,쿠팡,휴책,IN-02,8,8,85680
2026-02-11,쿠팡,휴책,WR-01,8,9,104490
2026-02-11,쿠팡,휴책,BK-01,16,17,457470
2026-02-11,쿠팡,휴책,KN-01,32,37,662670
2026-02-11,쿠팡,휴책,WR-02,9,10,89100
2026-02-11,쿠팡,휴책,EL-01,3,4,53640
2026-02-11,쿠팡,휴책,IN-01,3,4,60840
2026-02-11,쿠팡,유큐어,WR-01,16,17,197370
2026-02-11,쿠팡,유큐어,KN-01,9,9,161190
2026-02-11,쿠팡,유큐어,WR-02,14,16,142560
2026-02-11,쿠팡,유큐어,IN-02,12,16,171360
2026-02-11,쿠팡,유큐어,BK-01,9,13,349830
2026-02-11,쿠팡,유큐어,IN-01,12,12,182520
2026-02-11,쿠팡,유큐어,EL-01,14,16,214560
2026-02-11,쿠팡,유큐어,KN-02,5,5,157050
2026-02-11,기타,기타사이트,WR-02,3,3,28809
2026-02-11,기타,기타사이트,KN-02,4,4,135412
2026-02-11,기타,기타사이트,BK-01,5,5,145015
2026-02-11,기타,기타사이트,KN-01,4,6,115818
2026-02-11,기타,기타사이트,IN-01,5,5,81965
2026-02-11,기타,기타사이트,EL-01,4,4,57812
2026-02-11,기타,기타사이트,WR-01,2,3,37539
2026-02-11,기타,기타사이트,IN-02,2,3,34629
2026-02-12,네이버,네이버,KN-01,48,55,1028830
2026-02-12,네이버,네이버,KN-02,40,44,1443464
2026-02-12,네이버,네이버,IN-01,34,39,619554
2026-02-12,네이버,네이버,WR-01,41,44,533544
2026-02-12,네이버,네이버,WR-02,26,32,297792
2026-02-12,네이버,네이버,IN-02,17,19,212534
2026-02-12,네이버,네이버,BK-01,31,35,983710
2026-02-12,네이버,네이버,EL-01,24,27,378162
2026-02-12,쿠팡,올투게더나우,WR-01,4,4,46440
2026-02-12,쿠팡,올투게더나우,WR-02,6,6,53460
2026-02-12,쿠팡,올투게더나우,EL-01,3,4,53640
2026-02-12,쿠팡,올투게더나우,KN-01,5,5,89550
2026-02-12,쿠팡,올투게더나우,IN-01,3,3,45630
2026-02-12,쿠팡,올투게더나우,KN-02,6,8,251280
2026-02-12,쿠팡,올투게더나우,IN-02,3,3,32130
2026-02-12,쿠팡,올투게더나우,BK-01,2,2,53820
2026-02-12,쿠팡,휴책,KN-02,22,25,785250
2026-02-12,쿠팡,휴책,BK-01,9,9,242190
2026-02-12,쿠팡,휴책,IN-01,9,9,136890
2026-02-12,쿠팡,휴책,IN-02,6,6,64260
2026-02-12,쿠팡,휴책,WR-02,7,7,62370
2026-02-12,쿠팡,휴책,KN-01,22,23,411930
2026-02-12,쿠팡,휴책,EL-01,6,6,80460
2026-02-12,쿠팡,휴책,WR-01,11,13,150930
2026-02-12,쿠팡,유큐어,WR-01,10,12,139320
2026-02-12,쿠팡,유큐어,IN-01,15,17,258570
2026-02-12,쿠팡,유큐어,EL-01,9,11,147510
2026-02-12,쿠팡,유큐어,KN-01,9,10,179100
2026-02-12,쿠팡,유큐어,IN-02,15,17,182070
2026-02-12,쿠팡,유큐어,WR-02,24,28,249480
2026-02-12,쿠팡,유큐어,BK-01,5,6,161460
2026-02-12,쿠팡,유큐어,KN-02,6,6,188460
2026-02-12,기타,기타사이트,IN-01,8,10,163930
2026-02-12,기타,기타사이트,KN-01,8,8,154424
2026-02-12,기타,기타사이트,IN-02,3,3,34629
2026-02-12,기타,기타사이트,WR-02,1,1,9603
2026-02-12,기타,기타사이트,KN-02,7,7,236971
2026-02-12,기타,기타사이트,BK-01,10,10,290030
2026-02-12,기타,기타사이트,EL-01,4,4,57812
2026-02-12,기타,기타사이트,WR-01,1,1,12513
2026-02-13,네이버,네이버,KN-02,36,42,1377852
2026-02-13,네이버,네이버,KN-01,57,58,1084948
2026-02-13,네이버,네이버,WR-02,19,21,195426
2026-02-13,네이버,네이버,EL-01,24,27,378162
2026-02-13,네이버,네이버,BK-01,36,40,1124240
2026-02-13,네이버,네이버,IN-02,11,13,145418
2026-02-13,네이버,네이버,IN-01,29,32,508352
2026-02-13,네이버,네이버,WR-01,22,23,278898
2026-02-13,쿠팡,올투게더나우,KN-02,7,7,219870
2026-02-13,쿠팡,올투게더나우,KN-01,3,4,71640
2026-02-13,쿠팡,올투게더나우,EL-01,5,6,80460
2026-02-13,쿠팡,올투게더나우,IN-02,2,2,21420
2026-02-13,쿠팡,올투게더나우,WR-02,6,6,53460
2026-02-13,쿠팡,올투게더나우,BK-01,2,2,53820
2026-02-13,쿠팡,올투게더나우,IN-01,3,4,60840
2026-02-13,쿠팡,올투게더나우,WR-01,9,12,139320
2026-02-13,쿠팡,휴책,KN-01,18,23,411930
2026-02-13,쿠팡,휴책,KN-02,20,25,785250
2026-02-13,쿠팡,휴책,BK-01,16,17,457470
2026-02-13,쿠팡,휴책,WR-01,6,6,69660
2026-02-13,쿠팡,휴책,IN-01,5,6,91260
2026-02-13,쿠팡,휴책,EL-01,9,10,134100
2026-02-13,쿠팡,휴책,IN-02,9,9,96390
2026-02-13,쿠팡,휴책,WR-02,8,9,80190
2026-02-13,쿠팡,유큐어,KN-01,8,8,143280
2026-02-13,쿠팡,유큐어,WR-02,21,23,204930
2026-02-13,쿠팡,유큐어,IN-02,14,15,160650
2026-02-13,쿠팡,유큐어,EL-01,8,9,120690
2026-02-13,쿠팡,유큐어,WR-01,14,14,162540
2026-02-13,쿠팡,유큐어,KN-02,4,4,125640
2026-02-13,쿠팡,유큐어,BK-01,5,6,161460
2026-02-13,쿠팡,유큐어,IN-01,12,13,197730
2026-02-13,기타,기타사이트,KN-01,4,6,115818
2026-02-13,기타,기타사이트,IN-01,7,8,131144
2026-02-13,기타,기타사이트,BK-01,4,5,145015
2026-02-13,기타,기타사이트,KN-02,9,10,338530
2026-02-13,기타,기타사이트,EL-01,3,4,57812
2026-02-13,기타,기타사이트,WR-02,4,4,38412
2026-02-13,기타,기타사이트,IN-02,6,6,69258
2026-02-13,기타,기타사이트,WR-01,1,2,25026
2026-02-14,네이버,네이버,IN-01,36,40,635440
2026-02-14,네이버,네이버,WR-01,28,31,375906
2026-02-14,네이버,네이버,KN-02,25,29,951374
2026-02-14,네이버,네이버,IN-02,17,21,234906
2026-02-14,네이버,네이버,BK-01,34,40,1124240
2026-02-14,네이버,네이버,EL-01,33,34,476204
2026-02-14,네이버,네이버,KN-01,39,49,916594
2026-02-14,네이버,네이버,WR-02,8,10,93060
2026-02-14,쿠팡,올투게더나우,WR-02,7,8,71280
2026-02-14,쿠팡,올투게더나우,IN-02,4,5,53550
2026-02-14,쿠팡,올투게더나우,KN-02,2,2,62820
2026-02-14,쿠팡,올투게더나우,WR-01,5,5,58050
2026-02-14,쿠팡,올투게더나우,EL-01,4,4,53640
2026-02-14,쿠팡,올투게더나우,KN-01,5,6,107460
2026-02-14,쿠팡,올투게더나우,IN-01,1,1,15210
2026-02-14,쿠팡,휴책,BK-01,7,7,188370
2026-02-14,쿠팡,휴책,KN-02,17,18,565380
2026-02-14,쿠팡,휴책,KN-01,14,18,322380
2026-02-14,쿠팡,휴책,IN-02,1,1,10710
2026-02-14,쿠팡,휴책,WR-02,4,5,44550
2026-02-14,쿠팡,휴책,EL-01,3,3,40230
2026-02-14,쿠팡,휴책,WR-01,6,6,69660
2026-02-14,쿠팡,휴책,IN-01,4,4,60840
2026-02-14,쿠팡,유큐어,IN-02,11,12,128520
2026-02-14,쿠팡,유큐어,EL-01,12,13,174330
2026-02-14,쿠팡,유큐어,BK-01,6,9,242190
2026-02-14,쿠팡,유큐어,WR-02,15,17,151470
2026-02-14,쿠팡,유큐어,KN-02,5,5,157050
2026-02-14,쿠팡,유큐어,IN-01,7,9,136890
2026-02-14,쿠팡,유큐어,KN-01,2,2,35820
2026-02-14,쿠팡,유큐어,WR-01,11,12,139320
2026-02-14,기타,기타사이트,EL-01,2,3,43359
2026-02-14,기타,기타사이트,BK-01,3,3,87009
2026-02-14,기타,기타사이트,IN-01,4,4,65572
2026-02-14,기타,기타사이트,KN-02,2,2,67706
2026-02-14,기타,기타사이트,IN-02,1,1,11543
2026-02-14,기타,기타사이트,KN-01,4,5,96515
2026-02-14,기타,기타사이트,WR-01,1,1,12513
2026-02-14,기타,기타사이트,WR-02,3,3,28809
2026-02-15,네이버,네이버,EL-01,22,27,378162
2026-02-15,네이버,네이버,IN-02,10,10,111860
2026-02-15,네이버,네이버,KN-01,48,52,972712
2026-02-15,네이버,네이버,WR-01,24,25,303150
2026-02-15,네이버,네이버,IN-01,33,37,587782
2026-02-15,네이버,네이버,KN-02,31,37,1213822
2026-02-15,네이버,네이버,BK-01,27,33,927498
2026-02-15,네이버,네이버,WR-02,10,10,93060
2026-02-15,쿠팡,올투게더나우,BK-01,3,3,80730
2026-02-15,쿠팡,올투게더나우,WR-01,2,2,23220
2026-02-15,쿠팡,올투게더나우,KN-02,4,4,125640
2026-02-15,쿠팡,올투게더나우,IN-02,3,3,32130
2026-02-15,쿠팡,올투게더나우,IN-01,3,3,45630
2026-02-15,쿠팡,올투게더나우,KN-01,8,9,161190
2026-02-15,쿠팡,올투게더나우,WR-02,4,5,44550
2026-02-15,쿠팡,올투게더나우,EL-01,1,1,13410
2026-02-15,쿠팡,휴책,WR-01,1,1,11610
2026-02-15,쿠팡,휴책,IN-02,4,5,53550
2026-02-15,쿠팡,휴책,KN-01,8,8,143280
2026-02-15,쿠팡,휴책,IN-01,9,9,136890
2026-02-15,쿠팡,휴책,BK-01,10,12,322920
2026-02-15,쿠팡,휴책,WR-02,5,7,62370
2026-02-15,쿠팡,휴책,KN-02,10,11,345510
2026-02-15,쿠팡,휴책,EL-01,2,2,26820
2026-02-15,쿠팡,유큐어,EL-01,10,10,134100
2026-02-15,쿠팡,유큐어,WR-02,9,9,80190
2026-02-15,쿠팡,유큐어,KN-01,5,6,107460
2026-02-15,쿠팡,유큐어,IN-01,7,7,106470
2026-02-15,쿠팡,유큐어,WR-01,11,13,150930
2026-02-15,쿠팡,유큐어,IN-02,7,9,96390
2026-02-15,쿠팡,유큐어,KN-02,5,6,188460
2026-02-15,쿠팡,유큐어,BK-01,3,3,80730
2026-02-15,기타,기타사이트,WR-02,3,3,28809
2026-02-15,기타,기타사이트,KN-01,4,4,77212
2026-02-15,기타,기타사이트,KN-02,5,6,203118
2026-02-15,기타,기타사이트,BK-01,2,2,58006
2026-02-15,기타,기타사이트,IN-02,2,3,34629
2026-02-15,기타,기타사이트,EL-01,2,2,28906
2026-02-15,기타,기타사이트,IN-01,2,2,32786
2026-02-16,네이버,네이버,KN-01,57,61,1141066
2026-02-16,네이버,네이버,KN-02,39,49,1607494
2026-02-16,네이버,네이버,EL-01,52,59,826354
2026-02-16,네이버,네이버,WR-01,33,38,460788
2026-02-16,네이버,네이버,BK-01,45,50,1405300
2026-02-16,네이버,네이버,IN-02,23,28,313208
2026-02-16,네이버,네이버,WR-02,27,34,316404
2026-02-16,네이버,네이버,IN-01,36,40,635440
2026-02-16,쿠팡,올투게더나우,EL-01,2,2,26820
2026-02-16,쿠팡,올투게더나우,KN-01,10,13,232830
2026-02-16,쿠팡,올투게더나우,WR-01,16,20,232200
2026-02-16,쿠팡,올투게더나우,IN-01,5,7,106470
2026-02-16,쿠팡,올투게더나우,BK-01,4,4,107640
2026-02-16,쿠팡,올투게더나우,KN-02,3,3,94230
2026-02-16,쿠팡,올투게더나우,WR-02,8,9,80190
2026-02-16,쿠팡,올투게더나우,IN-02,3,3,32130
2026-02-16,쿠팡,휴책,IN-01,7,8,121680
2026-02-16,쿠팡,휴책,KN-02,25,30,942300
2026-02-16,쿠팡,휴책,WR-01,7,9,104490
2026-02-16,쿠팡,휴책,BK-01,14,16,430560
2026-02-16,쿠팡,휴책,IN-02,7,9,96390
2026-02-16,쿠팡,휴책,KN-01,27,33,591030
2026-02-16,쿠팡,휴책,WR-02,4,4,35640
2026-02-16,쿠팡,휴책,EL-01,5,5,67050
2026-02-16,쿠팡,유큐어,WR-02,13,16,142560
2026-02-16,쿠팡,유큐어,IN-02,15,19,203490
2026-02-16,쿠팡,유큐어,BK-01,4,4,107640
2026-02-16,쿠팡,유큐어,WR-01,7,8,92880
2026-02-16,쿠팡,유큐어,IN-01,15,18,273780
2026-02-16,쿠팡,유큐어,KN-01,6,7,125370
2026-02-16,쿠팡,유큐어,EL-01,9,10,134100
2026-02-16,쿠팡,유큐어,KN-02,4,4,125640
2026-02-16,기타,기타사이트,WR-02,3,3,28809
2026-02-16,기타,기타사이트,EL-01,5,6,86718
2026-02-16,기타,기타사이트,IN-02,5,6,69258
2026-02-16,기타,기타사이트,KN-01,5,6,115818
2026-02-16,기타,기타사이트,IN-01,6,6,98358
2026-02-16,기타,기타사이트,KN-02,10,10,338530
2026-02-16,기타,기타사이트,WR-01,6,7,87591
2026-02-16,기타,기타사이트,BK-01,3,3,87009
2026-02-17,네이버,네이버,WR-01,36,40,485040
2026-02-17,네이버,네이버,KN-02,30,30,984180
2026-02-17,네이버,네이버,KN-01,50,61,1141066
2026-02-17,네이버,네이버,IN-01,38,39,619554
2026-02-17,네이버,네이버,BK-01,37,42,1180452
2026-02-17,네이버,네이버,EL-01,34,40,560240
2026-02-17,네이버,네이버,IN-02,10,10,111860
2026-02-17,네이버,네이버,WR-02,19,21,195426
2026-02-17,쿠팡,올투게더나우,WR-01,13,13,150930
2026-02-17,쿠팡,올투게더나우,IN-02,3,3,32130
2026-02-17,쿠팡,올투게더나우,WR-02,9,9,80190
2026-02-17,쿠팡,올투게더나우,KN-01,8,10,179100
2026-02-17,쿠팡,올투게더나우,KN-02,5,6,188460
2026-02-17,쿠팡,올투게더나우,EL-01,6,7,93870
2026-02-17,쿠팡,올투게더나우,BK-01,3,4,107640
2026-02-17,쿠팡,올투게더나우,IN-01,2,2,30420
2026-02-17,쿠팡,휴책,KN-01,23,26,465660
2026-02-17,쿠팡,휴책,BK-01,9,9,242190
2026-02-17,쿠팡,휴책,EL-01,8,9,120690
2026-02-17,쿠팡,휴책,KN-02,12,15,471150
2026-02-17,쿠팡,휴책,WR-02,15,16,142560
2026-02-17,쿠팡,휴책,IN-01,10,10,152100
2026-02-17,쿠팡,휴책,IN-02,5,7,74970
2026-02-17,쿠팡,휴책,WR-01,3,3,34830
2026-02-17,쿠팡,유큐어,KN-01,4,4,71640
2026-02-17,쿠팡,유큐어,WR-02,17,17,151470
2026-02-17,쿠팡,유큐어,EL-01,11,12,160920
2026-02-17,쿠팡,유큐어,IN-02,8,8,85680
2026-02-17,쿠팡,유큐어,IN-01,6,7,106470
2026-02-17,쿠팡,유큐어,KN-02,6,6,188460
2026-02-17,쿠팡,유큐어,WR-01,9,12,139320
2026-02-17,쿠팡,유큐어,BK-01,2,2,53820
2026-02-17,기타,기타사이트,KN-01,10,11,212333
2026-02-17,기타,기타사이트,BK-01,7,7,203021
2026-02-17,기타,기타사이트,KN-02,10,10,338530
2026-02-17,기타,기타사이트,WR-01,2,3,37539
2026-02-17,기타,기타사이트,IN-02,6,6,69258
2026-02-17,기타,기타사이트,WR-02,5,7,67221
2026-02-17,기타,기타사이트,EL-01,3,3,43359
2026-02-17,기타,기타사이트,IN-01,2,2,32786
2026-02-18,네이버,네이버,IN-02,12,15,167790
2026-02-18,네이버,네이버,KN-01,58,62,1159772
2026-02-18,네이버,네이버,BK-01,27,31,871286
2026-02-18,네이버,네이버,WR-01,31,33,400158
2026-02-18,네이버,네이버,WR-02,13,15,139590
2026-02-18,네이버,네이버,KN-02,30,32,1049792
2026-02-18,네이버,네이버,EL-01,32,36,504216
2026-02-18,네이버,네이버,IN-01,28,32,508352
2026-02-18,쿠팡,올투게더나우,IN-02,3,3,32130
2026-02-18,쿠팡,올투게더나우,KN-01,9,9,161190
2026-02-18,쿠팡,올투게더나우,KN-02,4,4,125640
2026-02-18,쿠팡,올투게더나우,WR-01,13,13,150930
2026-02-18,쿠팡,올투게더나우,WR-02,9,10,89100
2026-02-18,쿠팡,올투게더나우,BK-01,3,3,80730
2026-02-18,쿠팡,올투게더나우,EL-01,4,4,53640
2026-02-18,쿠팡,올투게더나우,IN-01,1,1,15210
2026-02-18,쿠팡,휴책,EL-01,5,6,80460
2026-02-18,쿠팡,휴책,BK-01,15,15,403650
2026-02-18,쿠팡,휴책,KN-02,20,25,785250
2026-02-18,쿠팡,휴책,KN-01,24,28,501480
2026-02-18,쿠팡,휴책,WR-02,9,11,98010
2026-02-18,쿠팡,휴책,IN-01,3,4,60840
2026-02-18,쿠팡,휴책,IN-02,6,6,64260
2026-02-18,쿠팡,휴책,WR-01,7,10,116100
2026-02-18,쿠팡,유큐어,IN-02,9,12,128520
2026-02-18,쿠팡,유큐어,KN-01,7,7,125370
2026-02-18,쿠팡,유큐어,IN-01,12,14,212940
2026-02-18,쿠팡,유큐어,EL-01,10,12,160920
2026-02-18,쿠팡,유큐어,WR-01,10,10,116100
2026-02-18,쿠팡,유큐어,WR-02,11,12,106920
2026-02-18,쿠팡,유큐어,KN-02,8,9,282690
2026-02-18,쿠팡,유큐어,BK-01,5,6,161460
2026-02-18,기타,기타사이트,KN-02,6,7,236971
2026-02-18,기타,기타사이트,EL-01,2,2,28906
2026-02-18,기타,기타사이트,WR-02,4,4,38412
2026-02-18,기타,기타사이트,KN-01,8,10,193030
2026-02-18,기타,기타사이트,IN-02,3,3,34629
2026-02-18,기타,기타사이트,BK-01,6,6,174018
2026-02-18,기타,기타사이트,IN-01,6,7,114751
2026-02-18,기타,기타사이트,WR-01,2,2,25026
2026-02-19,네이버,네이버,KN-01,56,68,1272008
2026-02-19,네이버,네이버,EL-01,41,45,630270
2026-02-19,네이버,네이버,IN-01,35,38,603668
2026-02-19,네이버,네이버,IN-02,18,20,223720
2026-02-19,네이버,네이버,KN-02,40,44,1443464
2026-02-19,네이버,네이버,BK-01,40,42,1180452
2026-02-19,네이버,네이버,WR-01,32,39,472914
2026-02-19,네이버,네이버,WR-02,10,10,93060
2026-02-19,쿠팡,올투게더나우,WR-02,5,6,53460
2026-02-19,쿠팡,올투게더나우,IN-02,4,4,42840
2026-02-19,쿠팡,올투게더나우,IN-01,5,7,106470
2026-02-19,쿠팡,올투게더나우,WR-01,10,11,127710
2026-02-19,쿠팡,올투게더나우,EL-01,3,3,40230
2026-02-19,쿠팡,올투게더나우,BK-01,5,5,134550
2026-02-19,쿠팡,올투게더나우,KN-02,2,2,62820
2026-02-19,쿠팡,올투게더나우,KN-01,3,3,53730
2026-02-19,쿠팡,휴책,KN-01,21,24,429840
2026-02-19,쿠팡,휴책,BK-01,14,15,403650
2026-02-19,쿠팡,휴책,EL-01,7,9,120690
2026-02-19,쿠팡,휴책,KN-02,27,29,910890
2026-02-19,쿠팡,휴책,IN-02,9,10,107100
2026-02-19,쿠팡,휴책,WR-01,5,6,69660
2026-02-19,쿠팡,휴책,WR-02,6,6,53460
2026-02-19,쿠팡,휴책,IN-01,3,3,45630
2026-02-19,쿠팡,유큐어,BK-01,7,7,188370
2026-02-19,쿠팡,유큐어,EL-01,13,14,187740
2026-02-19,쿠팡,유큐어,WR-01,9,11,127710
2026-02-19,쿠팡,유큐어,WR-02,10,11,98010
2026-02-19,쿠팡,유큐어,KN-02,4,4,125640
2026-02-19,쿠팡,유큐어,IN-01,6,6,91260
2026-02-19,쿠팡,유큐어,IN-02,8,10,107100
2026-02-19,쿠팡,유큐어,KN-01,2,2,35820
2026-02-19,기타,기타사이트,BK-01,7,9,261027
2026-02-19,기타,기타사이트,WR-02,5,6,57618
2026-02-19,기타,기타사이트,KN-02,5,7,236971
2026-02-19,기타,기타사이트,KN-01,10,10,193030
2026-02-19,기타,기타사이트,IN-02,5,5,57715
2026-02-19,기타,기타사이트,IN-01,2,2,32786
2026-02-19,기타,기타사이트,WR-01,1,1,12513
2026-02-20,네이버,네이버,WR-02,15,16,148896
2026-02-20,네이버,네이버,KN-02,36,42,1377852
2026-02-20,네이버,네이버,KN-01,36,42,785652
2026-02-20,네이버,네이버,IN-01,28,34,540124
2026-02-20,네이버,네이버,IN-02,12,13,145418
2026-02-20,네이버,네이버,EL-01,26,28,392168
2026-02-20,네이버,네이버,WR-01,23,25,303150
2026-02-20,네이버,네이버,BK-01,29,34,955604
2026-02-20,쿠팡,올투게더나우,KN-02,5,6,188460
2026-02-20,쿠팡,올투게더나우,IN-02,6,6,64260
2026-02-20,쿠팡,올투게더나우,WR-02,8,9,80190
2026-02-20,쿠팡,올투게더나우,WR-01,14,16,185760
2026-02-20,쿠팡,올투게더나우,KN-01,4,4,71640
2026-02-20,쿠팡,올투게더나우,IN-01,2,2,30420
2026-02-20,쿠팡,올투게더나우,BK-01,3,3,80730
2026-02-20,쿠팡,휴책,BK-01,19,25,672750
2026-02-20,쿠팡,휴책,KN-02,27,30,942300
2026-02-20,쿠팡,휴책,WR-01,6,6,69660
2026-02-20,쿠팡,휴책,EL-01,7,8,107280
2026-02-20,쿠팡,휴책,IN-02,8,10,107100
2026-02-20,쿠팡,휴책,KN-01,17,18,322380
2026-02-20,쿠팡,휴책,IN-01,11,12,182520
2026-02-20,쿠팡,휴책,WR-02,10,12,106920
2026-02-20,쿠팡,유큐어,IN-01,10,12,182520
2026-02-20,쿠팡,유큐어,EL-01,8,8,107280
2026-02-20,쿠팡,유큐어,WR-01,9,9,104490
2026-02-20,쿠팡,유큐어,WR-02,16,19,169290
2026-02-20,쿠팡,유큐어,KN-01,7,7,125370
2026-02-20,쿠팡,유큐어,KN-02,3,3,94230
2026-02-20,쿠팡,유큐어,BK-01,4,5,134550
2026-02-20,쿠팡,유큐어,IN-02,4,4,42840
2026-02-20,기타,기타사이트,IN-02,3,3,34629
2026-02-20,기타,기타사이트,BK-01,7,7,203021
2026-02-20,기타,기타사이트,IN-01,6,7,114751
2026-02-20,기타,기타사이트,WR-01,2,2,25026
2026-02-20,기타,기타사이트,KN-02,7,8,270824
2026-02-20,기타,기타사이트,EL-01,1,1,14453
2026-02-20,기타,기타사이트,KN-01,1,1,19303
2026-02-20,기타,기타사이트,WR-02,1,1,9603
2026-02-21,네이버,네이버,BK-01,34,38,1068028
2026-02-21,네이버,네이버,IN-02,17,17,190162
2026-02-21,네이버,네이버,KN-01,33,34,636004
2026-02-21,네이버,네이버,EL-01,21,21,294126
2026-02-21,네이버,네이버,KN-02,15,17,557702
2026-02-21,네이버,네이버,IN-01,17,18,285948
2026-02-21,네이버,네이버,WR-02,8,11,102366
2026-02-21,네이버,네이버,WR-01,15,15,181890
2026-02-21,쿠팡,올투게더나우,WR-01,3,3,34830
2026-02-21,쿠팡,올투게더나우,IN-01,3,3,45630
2026-02-21,쿠팡,올투게더나우,BK-01,3,3,80730
2026-02-21,쿠팡,올투게더나우,EL-01,4,7,93870
2026-02-21,쿠팡,올투게더나우,KN-02,1,1,31410
2026-02-21,쿠팡,올투게더나우,KN-01,6,7,125370
2026-02-21,쿠팡,올투게더나우,WR-02,7,8,71280
2026-02-21,쿠팡,올투게더나우,IN-02,1,1,10710
2026-02-21,쿠팡,휴책,KN-01,26,28,501480
2026-02-21,쿠팡,휴책,BK-01,14,17,457470
2026-02-21,쿠팡,휴책,KN-02,19,19,596790
2026-02-21,쿠팡,휴책,IN-01,3,3,45630
2026-02-21,쿠팡,휴책,WR-02,8,9,80190
2026-02-21,쿠팡,휴책,EL-01,1,2,26820
2026-02-21,쿠팡,휴책,IN-02,2,3,32130
2026-02-21,쿠팡,휴책,WR-01,2,2,23220
2026-02-21,쿠팡,유큐어,IN-01,11,12,182520
2026-02-21,쿠팡,유큐어,WR-02,12,14,124740
2026-02-21,쿠팡,유큐어,EL-01,4,4,53640
2026-02-21,쿠팡,유큐어,WR-01,8,11,127710
2026-02-21,쿠팡,유큐어,KN-02,3,4,125640
2026-02-21,쿠팡,유큐어,BK-01,4,4,107640
2026-02-21,쿠팡,유큐어,IN-02,6,7,74970
2026-02-21,쿠팡,유큐어,KN-01,1,1,17910
2026-02-21,기타,기타사이트,WR-02,1,1,9603
2026-02-21,기타,기타사이트,KN-02,8,9,304677
2026-02-21,기타,기타사이트,WR-01,3,4,50052
2026-02-21,기타,기타사이트,IN-02,2,2,23086
2026-02-21,기타,기타사이트,IN-01,7,8,131144
2026-02-21,기타,기타사이트,EL-01,1,1,14453
2026-02-21,기타,기타사이트,BK-01,2,2,58006
2026-02-21,기타,기타사이트,KN-01,1,1,19303
2026-02-22,네이버,네이버,KN-01,55,60,1122360
2026-02-22,네이버,네이버,BK-01,28,30,843180
2026-02-22,네이버,네이버,KN-02,36,39,1279434
2026-02-22,네이버,네이버,EL-01,34,38,532228
2026-02-22,네이버,네이버,IN-01,33,40,635440
2026-02-22,네이버,네이버,IN-02,12,12,134232
2026-02-22,네이버,네이버,WR-02,12,12,111672
2026-02-22,네이버,네이버,WR-01,28,31,375906
2026-02-22,쿠팡,올투게더나우,WR-01,2,2,23220
2026-02-22,쿠팡,올투게더나우,KN-02,6,6,188460
2026-02-22,쿠팡,올투게더나우,EL-01,2,3,40230
2026-02-22,쿠팡,올투게더나우,KN-01,4,4,71640
2026-02-22,쿠팡,올투게더나우,IN-02,4,4,42840
2026-02-22,쿠팡,올투게더나우,WR-02,4,6,53460
2026-02-22,쿠팡,올투게더나우,IN-01,1,1,15210
2026-02-22,쿠팡,올투게더나우,BK-01,2,2,53820
2026-02-22,쿠팡,휴책,KN-02,17,19,596790
2026-02-22,쿠팡,휴책,KN-01,12,13,232830
2026-02-22,쿠팡,휴책,IN-02,4,4,42840
2026-02-22,쿠팡,휴책,BK-01,12,15,403650
2026-02-22,쿠팡,휴책,IN-01,3,3,45630
2026-02-22,쿠팡,휴책,EL-01,8,9,120690
2026-02-22,쿠팡,휴책,WR-01,4,6,69660
2026-02-22,쿠팡,휴책,WR-02,4,4,35640
2026-02-22,쿠팡,유큐어,IN-01,14,15,228150
2026-02-22,쿠팡,유큐어,KN-01,5,5,89550
2026-02-22,쿠팡,유큐어,KN-02,5,5,157050
2026-02-22,쿠팡,유큐어,EL-01,3,3,40230
2026-02-22,쿠팡,유큐어,WR-01,6,7,81270
2026-02-22,쿠팡,유큐어,WR-02,15,17,151470
2026-02-22,쿠팡,유큐어,BK-01,3,3,80730
2026-02-22,쿠팡,유큐어,IN-02,6,7,74970
2026-02-22,기타,기타사이트,KN-01,8,10,193030
2026-02-22,기타,기타사이트,BK-01,3,3,87009
2026-02-22,기타,기타사이트,WR-01,1,1,12513
2026-02-22,기타,기타사이트,KN-02,3,3,101559
2026-02-22,기타,기타사이트,IN-01,4,4,65572
2026-02-22,기타,기타사이트,EL-01,4,5,72265
2026-02-22,기타,기타사이트,IN-02,1,1,11543
2026-02-23,네이버,네이버,WR-01,37,41,497166
2026-02-23,네이버,네이버,KN-01,61,71,1328126
2026-02-23,네이버,네이버,KN-02,26,28,918568
2026-02-23,네이버,네이버,IN-01,34,38,603668
2026-02-23,네이버,네이버,EL-01,32,37,518222
2026-02-23,네이버,네이버,BK-01,32,36,1011816
2026-02-23,네이버,네이버,IN-02,10,12,134232
2026-02-23,네이버,네이버,WR-02,10,10,93060
2026-02-23,쿠팡,올투게더나우,WR-01,6,7,81270
2026-02-23,쿠팡,올투게더나우,IN-02,5,5,53550
2026-02-23,쿠팡,올투게더나우,IN-01,2,2,30420
2026-02-23,쿠팡,올투게더나우,WR-02,5,6,53460
2026-02-23,쿠팡,올투게더나우,KN-01,4,4,71640
2026-02-23,쿠팡,올투게더나우,EL-01,4,5,67050
2026-02-23,쿠팡,올투게더나우,BK-01,2,2,53820
2026-02-23,쿠팡,올투게더나우,KN-02,1,1,31410
2026-02-23,쿠팡,휴책,KN-02,22,25,785250
2026-02-23,쿠팡,휴책,KN-01,26,34,608940
2026-02-23,쿠팡,휴책,WR-02,5,7,62370
2026-02-23,쿠팡,휴책,IN-01,10,13,197730
2026-02-23,쿠팡,휴책,BK-01,16,18,484380
2026-02-23,쿠팡,휴책,EL-01,13,15,201150
2026-02-23,쿠팡,휴책,IN-02,2,2,21420
2026-02-23,쿠팡,휴책,WR-01,4,6,69660
2026-02-23,쿠팡,유큐어,KN-01,8,9,161190
2026-02-23,쿠팡,유큐어,EL-01,12,14,187740
2026-02-23,쿠팡,유큐어,KN-02,10,11,345510
2026-02-23,쿠팡,유큐어,IN-01,11,12,182520
2026-02-23,쿠팡,유큐어,WR-02,21,22,196020
2026-02-23,쿠팡,유큐어,WR-01,10,13,150930
2026-02-23,쿠팡,유큐어,BK-01,3,5,134550
2026-02-23,쿠팡,유큐어,IN-02,10,11,117810
2026-02-23,기타,기타사이트,KN-02,7,8,270824
2026-02-23,기타,기타사이트,BK-01,7,7,203021
2026-02-23,기타,기타사이트,IN-01,13,16,262288
2026-02-23,기타,기타사이트,KN-01,7,7,135121
2026-02-23,기타,기타사이트,WR-01,3,4,50052
2026-02-23,기타,기타사이트,IN-02,3,4,46172
2026-02-23,기타,기타사이트,EL-01,2,2,28906
2026-02-23,기타,기타사이트,WR-02,3,3,28809
2026-02-24,네이버,네이버,WR-02,20,22,204732
2026-02-24,네이버,네이버,KN-02,40,46,1509076
2026-02-24,네이버,네이버,KN-01,61,67,1253302
2026-02-24,네이버,네이버,IN-02,16,22,246092
2026-02-24,네이버,네이버,BK-01,39,40,1124240
2026-02-24,네이버,네이버,WR-01,36,40,485040
2026-02-24,네이버,네이버,EL-01,34,37,518222
2026-02-24,네이버,네이버,IN-01,37,42,667212
2026-02-24,쿠팡,올투게더나우,KN-01,5,5,89550
2026-02-24,쿠팡,올투게더나우,WR-01,7,9,104490
2026-02-24,쿠팡,올투게더나우,IN-01,4,4,60840
2026-02-24,쿠팡,올투게더나우,IN-02,2,2,21420
2026-02-24,쿠팡,올투게더나우,WR-02,3,4,35640
2026-02-24,쿠팡,올투게더나우,BK-01,4,4,107640
2026-02-24,쿠팡,올투게더나우,EL-01,2,3,40230
2026-02-24,쿠팡,올투게더나우,KN-02,2,2,62820
2026-02-24,쿠팡,휴책,IN-02,9,9,96390
2026-02-24,쿠팡,휴책,KN-01,22,26,465660
2026-02-24,쿠팡,휴책,KN-02,22,24,753840
2026-02-24,쿠팡,휴책,IN-01,5,6,91260
2026-02-24,쿠팡,휴책,WR-02,9,10,89100
2026-02-24,쿠팡,휴책,EL-01,6,7,93870
2026-02-24,쿠팡,휴책,WR-01,5,6,69660
2026-02-24,쿠팡,휴책,BK-01,6,6,161460
2026-02-24,쿠팡,유큐어,EL-01,11,12,160920
2026-02-24,쿠팡,유큐어,IN-01,7,8,121680
2026-02-24,쿠팡,유큐어,WR-01,7,8,92880
2026-02-24,쿠팡,유큐어,WR-02,19,23,204930
2026-02-24,쿠팡,유큐어,BK-01,9,11,296010
2026-02-24,쿠팡,유큐어,KN-02,10,13,408330
2026-02-24,쿠팡,유큐어,KN-01,5,6,107460
2026-02-24,쿠팡,유큐어,IN-02,10,10,107100
2026-02-24,기타,기타사이트,KN-02,10,12,406236
2026-02-24,기타,기타사이트,EL-01,5,5,72265
2026-02-24,기타,기타사이트,BK-01,4,4,116012
2026-02-24,기타,기타사이트,IN-02,3,3,34629
2026-02-24,기타,기타사이트,IN-01,3,5,81965
2026-02-24,기타,기타사이트,WR-01,1,1,12513
2026-02-24,기타,기타사이트,KN-01,3,4,77212
2026-02-24,기타,기타사이트,WR-02,1,2,19206
2026-02-25,네이버,네이버,KN-01,65,76,1421656
2026-02-25,네이버,네이버,IN-01,44,46,730756
2026-02-25,네이버,네이버,WR-02,20,25,232650
2026-02-25,네이버,네이버,EL-01,45,48,672288
2026-02-25,네이버,네이버,BK-01,39,46,1292876
2026-02-25,네이버,네이버,WR-01,41,44,533544
2026-02-25,네이버,네이버,KN-02,39,45,1476270
2026-02-25,네이버,네이버,IN-02,19,22,246092
2026-02-25,쿠팡,올투게더나우,WR-01,7,9,104490
2026-02-25,쿠팡,올투게더나우,IN-02,3,3,32130
2026-02-25,쿠팡,올투게더나우,KN-01,4,4,71640
2026-02-25,쿠팡,올투게더나우,WR-02,8,11,98010
2026-02-25,쿠팡,올투게더나우,BK-01,4,4,107640
2026-02-25,쿠팡,올투게더나우,IN-01,2,3,45630
2026-02-25,쿠팡,올투게더나우,KN-02,3,3,94230
2026-02-25,쿠팡,올투게더나우,EL-01,2,3,40230
2026-02-25,쿠팡,휴책,KN-01,20,24,429840
2026-02-25,쿠팡,휴책,IN-01,5,5,76050
2026-02-25,쿠팡,휴책,BK-01,9,11,296010
2026-02-25,쿠팡,휴책,EL-01,9,9,120690
2026-02-25,쿠팡,휴책,WR-01,4,4,46440
2026-02-25,쿠팡,휴책,KN-02,16,19,596790
2026-02-25,쿠팡,휴책,WR-02,6,7,62370
2026-02-25,쿠팡,휴책,IN-02,3,3,32130
2026-02-25,쿠팡,유큐어,WR-02,10,10,89100
2026-02-25,쿠팡,유큐어,IN-02,11,13,139230
2026-02-25,쿠팡,유큐어,IN-01,4,5,76050
2026-02-25,쿠팡,유큐어,EL-01,8,9,120690
2026-02-25,쿠팡,유큐어,KN-01,5,5,89550
2026-02-25,쿠팡,유큐어,KN-02,3,4,125640
2026-02-25,쿠팡,유큐어,WR-01,7,8,92880
2026-02-25,쿠팡,유큐어,BK-01,5,6,161460
2026-02-25,기타,기타사이트,KN-02,9,12,406236
2026-02-25,기타,기타사이트,IN-01,5,6,98358
2026-02-25,기타,기타사이트,KN-01,5,6,115818
2026-02-25,기타,기타사이트,IN-02,6,6,69258
2026-02-25,기타,기타사이트,BK-01,4,5,145015
2026-02-25,기타,기타사이트,EL-01,2,2,28906
2026-02-25,기타,기타사이트,WR-02,4,4,38412
2026-02-25,기타,기타사이트,WR-01,2,2,25026
2026-02-26,네이버,네이버,BK-01,25,26,730756
2026-02-26,네이버,네이버,KN-01,41,46,860476
2026-02-26,네이버,네이버,IN-02,24,26,290836
2026-02-26,네이버,네이버,KN-02,20,21,688926
2026-02-26,네이버,네이버,EL-01,21,23,322138
2026-02-26,네이버,네이버,WR-02,14,14,130284
2026-02-26,네이버,네이버,IN-01,23,29,460694
2026-02-26,네이버,네이버,WR-01,20,21,254646
2026-02-26,쿠팡,올투게더나우,EL-01,4,4,53640
2026-02-26,쿠팡,올투게더나우,KN-01,9,9,161190
2026-02-26,쿠팡,올투게더나우,KN-02,4,5,157050
2026-02-26,쿠팡,올투게더나우,WR-02,2,2,17820
2026-02-26,쿠팡,올투게더나우,IN-01,3,3,45630
2026-02-26,쿠팡,올투게더나우,WR-01,6,7,81270
2026-02-26,쿠팡,올투게더나우,BK-01,2,2,53820
2026-02-26,쿠팡,휴책,KN-01,28,32,573120
2026-02-26,쿠팡,휴책,BK-01,13,14,376740
2026-02-26,쿠팡,휴책,WR-01,7,9,104490
2026-02-26,쿠팡,휴책,KN-02,18,22,691020
2026-02-26,쿠팡,휴책,IN-01,5,6,91260
2026-02-26,쿠팡,휴책,IN-02,7,8,85680
2026-02-26,쿠팡,휴책,EL-01,10,11,147510
2026-02-26,쿠팡,휴책,WR-02,6,6,53460
2026-02-26,쿠팡,유큐어,EL-01,15,17,227970
2026-02-26,쿠팡,유큐어,WR-01,7,8,92880
2026-02-26,쿠팡,유큐어,IN-01,16,17,258570
2026-02-26,쿠팡,유큐어,KN-02,11,12,376920
2026-02-26,쿠팡,유큐어,IN-02,13,14,149940
2026-02-26,쿠팡,유큐어,WR-02,26,30,267300
2026-02-26,쿠팡,유큐어,KN-01,4,4,71640
2026-02-26,쿠팡,유큐어,BK-01,5,5,134550
2026-02-26,기타,기타사이트,KN-01,10,10,193030
2026-02-26,기타,기타사이트,IN-02,3,4,46172
2026-02-26,기타,기타사이트,BK-01,5,5,145015
2026-02-26,기타,기타사이트,WR-02,2,3,28809
2026-02-26,기타,기타사이트,EL-01,4,5,72265
2026-02-26,기타,기타사이트,KN-02,8,9,304677
2026-02-26,기타,기타사이트,IN-01,5,6,98358
2026-02-26,기타,기타사이트,WR-01,5,5,62565
2026-02-27,네이버,네이버,WR-02,10,11,102366
2026-02-27,네이버,네이버,WR-01,27,29,351654
2026-02-27,네이버,네이버,KN-01,45,46,860476
2026-02-27,네이버,네이버,KN-02,35,39,1279434
2026-02-27,네이버,네이버,BK-01,27,29,815074
2026-02-27,네이버,네이버,IN-02,15,15,167790
2026-02-27,네이버,네이버,EL-01,22,24,336144
2026-02-27,네이버,네이버,IN-01,23,26,413036
2026-02-27,쿠팡,올투게더나우,WR-01,9,10,116100
2026-02-27,쿠팡,올투게더나우,EL-01,4,5,67050
2026-02-27,쿠팡,올투게더나우,BK-01,6,7,188370
2026-02-27,쿠팡,올투게더나우,WR-02,4,4,35640
2026-02-27,쿠팡,올투게더나우,KN-01,3,3,53730
2026-02-27,쿠팡,올투게더나우,IN-01,2,2,30420
2026-02-27,쿠팡,올투게더나우,KN-02,2,2,62820
2026-02-27,쿠팡,올투게더나우,IN-02,1,1,10710
2026-02-27,쿠팡,휴책,WR-02,11,11,98010
2026-02-27,쿠팡,휴책,EL-01,12,16,214560
2026-02-27,쿠팡,휴책,KN-01,22,24,429840
2026-02-27,쿠팡,휴책,BK-01,15,19,511290
2026-02-27,쿠팡,휴책,IN-01,11,12,182520
2026-02-27,쿠팡,휴책,IN-02,14,15,160650
2026-02-27,쿠팡,휴책,WR-01,4,5,58050
2026-02-27,쿠팡,휴책,KN-02,31,34,1067940
2026-02-27,쿠팡,유큐어,WR-02,15,17,151470
2026-02-27,쿠팡,유큐어,KN-01,2,2,35820
2026-02-27,쿠팡,유큐어,EL-01,10,10,134100
2026-02-27,쿠팡,유큐어,IN-02,9,11,117810
2026-02-27,쿠팡,유큐어,BK-01,5,5,134550
2026-02-27,쿠팡,유큐어,IN-01,10,11,167310
2026-02-27,쿠팡,유큐어,KN-02,10,12,376920
2026-02-27,쿠팡,유큐어,WR-01,12,14,162540
2026-02-27,기타,기타사이트,IN-01,3,3,49179
2026-02-27,기타,기타사이트,BK-01,5,6,174018
2026-02-27,기타,기타사이트,WR-01,4,4,50052
2026-02-27,기타,기타사이트,WR-02,3,3,28809
2026-02-27,기타,기타사이트,EL-01,3,4,57812
2026-02-27,기타,기타사이트,KN-01,7,10,193030
2026-02-27,기타,기타사이트,KN-02,4,4,135412
2026-02-27,기타,기타사이트,IN-02,2,2,23086
2026-02-28,네이버,네이버,EL-01,29,31,434186
2026-02-28,네이버,네이버,IN-01,30,33,524238
2026-02-28,네이버,네이버,WR-02,17,21,195426
2026-02-28,네이버,네이버,BK-01,32,34,955604
2026-02-28,네이버,네이버,WR-01,31,34,412284
2026-02-28,네이버,네이버,KN-02,31,35,1148210
2026-02-28,네이버,네이버,KN-01,47,53,991418
2026-02-28,네이버,네이버,IN-02,11,13,145418
2026-02-28,쿠팡,올투게더나우,WR-02,7,7,62370
2026-02-28,쿠팡,올투게더나우,IN-01,4,5,76050
2026-02-28,쿠팡,올투게더나우,KN-02,5,5,157050
2026-02-28,쿠팡,올투게더나우,IN-02,5,6,64260
2026-02-28,쿠팡,올투게더나우,EL-01,2,3,40230
2026-02-28,쿠팡,올투게더나우,KN-01,5,6,107460
2026-02-28,쿠팡,올투게더나우,BK-01,1,2,53820
2026-02-28,쿠팡,올투게더나우,WR-01,4,4,46440
2026-02-28,쿠팡,휴책,IN-01,5,6,91260
2026-02-28,쿠팡,휴책,KN-02,14,15,471150
2026-02-28,쿠팡,휴책,WR-01,9,9,104490
2026-02-28,쿠팡,휴책,WR-02,7,7,62370
2026-02-28,쿠팡,휴책,KN-01,12,13,232830
2026-02-28,쿠팡,휴책,BK-01,6,6,161460
2026-02-28,쿠팡,휴책,EL-01,3,3,40230
2026-02-28,쿠팡,휴책,IN-02,4,5,53550
2026-02-28,쿠팡,유큐어,WR-01,13,14,162540
2026-02-28,쿠팡,유큐어,WR-02,15,16,142560
2026-02-28,쿠팡,유큐어,IN-02,12,14,149940
2026-02-28,쿠팡,유큐어,BK-01,5,5,134550
2026-02-28,쿠팡,유큐어,KN-01,6,6,107460
2026-02-28,쿠팡,유큐어,EL-01,7,9,120690
2026-02-28,쿠팡,유큐어,IN-01,8,9,136890
2026-02-28,쿠팡,유큐어,KN-02,3,3,94230
2026-02-28,기타,기타사이트,IN-01,9,9,147537
2026-02-28,기타,기타사이트,KN-02,4,5,169265
2026-02-28,기타,기타사이트,WR-02,2,3,28809
2026-02-28,기타,기타사이트,KN-01,6,9,173727
2026-02-28,기타,기타사이트,IN-02,4,5,57715
2026-02-28,기타,기타사이트,WR-01,4,6,75078
2026-02-28,기타,기타사이트,BK-01,3,3,87009
2026-02-28,기타,기타사이트,EL-01,1,2,28906
2026-03-01,네이버,네이버,KN-02,24,26,852956
2026-03-01,네이버,네이버,KN-01,46,54,1010124
2026-03-01,네이버,네이버,BK-01,26,30,843180
2026-03-01,네이버,네이버,IN-01,25,29,460694
2026-03-01,네이버,네이버,WR-02,15,18,167508
2026-03-01,네이버,네이버,EL-01,21,21,294126
2026-03-01,네이버,네이버,IN-02,11,12,134232
2026-03-01,네이버,네이버,WR-01,22,27,327402
2026-03-01,쿠팡,올투게더나우,WR-02,7,7,62370
2026-03-01,쿠팡,올투게더나우,WR-01,5,6,69660
2026-03-01,쿠팡,올투게더나우,IN-01,3,3,45630
2026-03-01,쿠팡,올투게더나우,BK-01,4,4,107640
2026-03-01,쿠팡,올투게더나우,KN-01,2,2,35820
2026-03-01,쿠팡,올투게더나우,IN-02,2,2,21420
2026-03-01,쿠팡,올투게더나우,KN-02,2,2,62820
2026-03-01,쿠팡,올투게더나우,EL-01,1,2,26820
2026-03-01,쿠팡,휴책,KN-01,17,19,340290
2026-03-01,쿠팡,휴책,EL-01,4,4,53640
2026-03-01,쿠팡,휴책,KN-02,20,21,659610
2026-03-01,쿠팡,휴책,IN-02,12,14,149940
2026-03-01,쿠팡,휴책,WR-02,10,12,106920
2026-03-01,쿠팡,휴책,BK-01,11,14,376740
2026-03-01,쿠팡,휴책,WR-01,4,5,58050
2026-03-01,쿠팡,휴책,IN-01,7,7,106470
2026-03-01,쿠팡,유큐어,IN-01,15,18,273780
2026-03-01,쿠팡,유큐어,IN-02,11,14,149940
2026-03-01,쿠팡,유큐어,EL-01,8,9,120690
2026-03-01,쿠팡,유큐어,KN-01,1,1,17910
2026-03-01,쿠팡,유큐어,KN-02,7,7,219870
2026-03-01,쿠팡,유큐어,BK-01,7,7,188370
2026-03-01,쿠팡,유큐어,WR-02,11,13,115830
2026-03-01,쿠팡,유큐어,WR-01,7,7,81270
2026-03-01,기타,기타사이트,IN-01,5,7,114751
2026-03-01,기타,기타사이트,IN-02,1,1,11543
2026-03-01,기타,기타사이트,BK-01,5,5,145015
2026-03-01,기타,기타사이트,KN-02,1,1,33853
2026-03-01,기타,기타사이트,KN-01,4,4,77212
2026-03-01,기타,기타사이트,WR-02,3,3,28809
2026-03-01,기타,기타사이트,EL-01,3,4,57812
2026-03-01,기타,기타사이트,WR-01,2,2,25026
2026-03-02,네이버,네이버,IN-02,18,19,212534
2026-03-02,네이버,네이버,KN-01,51,57,1066242
2026-03-02,네이버,네이버,WR-01,42,45,545670
2026-03-02,네이버,네이버,BK-01,28,30,843180
2026-03-02,네이버,네이버,KN-02,27,33,1082598
2026-03-02,네이버,네이버,EL-01,39,44,616264
2026-03-02,네이버,네이버,IN-01,39,41,651326
2026-03-02,네이버,네이버,WR-02,14,16,148896
2026-03-02,쿠팡,올투게더나우,WR-01,10,11,127710
2026-03-02,쿠팡,올투게더나우,KN-01,6,7,125370
2026-03-02,쿠팡,올투게더나우,BK-01,2,2,53820
2026-03-02,쿠팡,올투게더나우,WR-02,4,5,44550
2026-03-02,쿠팡,올투게더나우,IN-01,2,2,30420
2026-03-02,쿠팡,올투게더나우,EL-01,3,3,40230
2026-03-02,쿠팡,올투게더나우,IN-02,3,3,32130
2026-03-02,쿠팡,올투게더나우,KN-02,1,1,31410
2026-03-02,쿠팡,휴책,IN-01,11,13,197730
2026-03-02,쿠팡,휴책,WR-01,13,16,185760
2026-03-02,쿠팡,휴책,KN-02,24,27,848070
2026-03-02,쿠팡,휴책,KN-01,21,25,447750
2026-03-02,쿠팡,휴책,WR-02,3,3,26730
2026-03-02,쿠팡,휴책,EL-01,7,7,93870
2026-03-02,쿠팡,휴책,BK-01,22,26,699660
2026-03-02,쿠팡,휴책,IN-02,10,10,107100
2026-03-02,쿠팡,유큐어,IN-01,7,7,106470
2026-03-02,쿠팡,유큐어,IN-02,10,11,117810
2026-03-02,쿠팡,유큐어,KN-01,5,6,107460
2026-03-02,쿠팡,유큐어,WR-01,7,7,81270
2026-03-02,쿠팡,유큐어,EL-01,9,9,120690
2026-03-02,쿠팡,유큐어,WR-02,12,15,133650
2026-03-02,쿠팡,유큐어,BK-01,4,4,107640
2026-03-02,쿠팡,유큐어,KN-02,5,6,188460
2026-03-02,기타,기타사이트,KN-01,8,9,173727
2026-03-02,기타,기타사이트,IN-01,4,5,81965
2026-03-02,기타,기타사이트,WR-01,2,2,25026
2026-03-02,기타,기타사이트,KN-02,7,7,236971
2026-03-02,기타,기타사이트,BK-01,3,3,87009
2026-03-02,기타,기타사이트,WR-02,3,3,28809
2026-03-02,기타,기타사이트,EL-01,4,6,86718
2026-03-02,기타,기타사이트,IN-02,2,2,23086
2026-03-03,네이버,네이버,IN-01,37,40,635440
2026-03-03,네이버,네이버,KN-01,69,85,1590010
2026-03-03,네이버,네이버,BK-01,41,47,1320982
2026-03-03,네이버,네이버,KN-02,44,49,1607494
2026-03-03,네이버,네이버,WR-01,38,41,497166
2026-03-03,네이버,네이버,WR-02,22,22,204732
2026-03-03,네이버,네이버,EL-01,35,37,518222
2026-03-03,네이버,네이버,IN-02,21,23,257278
2026-03-03,쿠팡,올투게더나우,WR-02,7,8,71280
2026-03-03,쿠팡,올투게더나우,IN-01,5,6,91260
2026-03-03,쿠팡,올투게더나우,KN-01,3,3,53730
2026-03-03,쿠팡,올투게더나우,WR-01,12,14,162540
2026-03-03,쿠팡,올투게더나우,KN-02,4,5,157050
2026-03-03,쿠팡,올투게더나우,EL-01,1,1,13410
2026-03-03,쿠팡,올투게더나우,IN-02,2,2,21420
2026-03-03,쿠팡,휴책,IN-02,7,9,96390
2026-03-03,쿠팡,휴책,KN-01,28,32,573120
2026-03-03,쿠팡,휴책,IN-01,7,8,121680
2026-03-03,쿠팡,휴책,BK-01,18,21,565110
2026-03-03,쿠팡,휴책,KN-02,19,22,691020
2026-03-03,쿠팡,휴책,WR-01,9,9,104490
2026-03-03,쿠팡,휴책,WR-02,7,8,71280
2026-03-03,쿠팡,휴책,EL-01,5,5,67050
2026-03-03,쿠팡,유큐어,KN-01,8,8,143280
2026-03-03,쿠팡,유큐어,EL-01,9,10,134100
2026-03-03,쿠팡,유큐어,WR-02,21,25,222750
2026-03-03,쿠팡,유큐어,IN-01,15,18,273780
2026-03-03,쿠팡,유큐어,WR-01,18,23,267030
2026-03-03,쿠팡,유큐어,KN-02,4,5,157050
2026-03-03,쿠팡,유큐어,BK-01,6,6,161460
2026-03-03,쿠팡,유큐어,IN-02,7,9,96390
2026-03-03,기타,기타사이트,IN-02,6,6,69258
2026-03-03,기타,기타사이트,KN-02,3,4,135412
2026-03-03,기타,기타사이트,IN-01,8,12,196716
2026-03-03,기타,기타사이트,BK-01,5,8,232024
2026-03-03,기타,기타사이트,WR-01,1,1,12513
2026-03-03,기타,기타사이트,EL-01,3,3,43359
2026-03-03,기타,기타사이트,WR-02,2,2,19206
2026-03-03,기타,기타사이트,KN-01,2,2,38606
2026-03-04,네이버,네이버,KN-01,40,46,860476
2026-03-04,네이버,네이버,IN-01,31,35,556010
2026-03-04,네이버,네이버,WR-02,9,11,102366
2026-03-04,네이버,네이버,EL-01,30,33,462198
2026-03-04,네이버,네이버,BK-01,16,20,562120
2026-03-04,네이버,네이버,KN-02,32,37,1213822
2026-03-04,네이버,네이버,WR-01,23,26,315276
2026-03-04,네이버,네이버,IN-02,10,10,111860
2026-03-04,쿠팡,올투게더나우,EL-01,3,3,40230
2026-03-04,쿠팡,올투게더나우,WR-02,6,6,53460
2026-03-04,쿠팡,올투게더나우,IN-02,7,7,74970
2026-03-04,쿠팡,올투게더나우,IN-01,4,4,60840
2026-03-04,쿠팡,올투게더나우,WR-01,11,11,127710
2026-03-04,쿠팡,올투게더나우,KN-02,4,4,125640
2026-03-04,쿠팡,올투게더나우,KN-01,6,8,143280
2026-03-04,쿠팡,올투게더나우,BK-01,2,3,80730
2026-03-04,쿠팡,휴책,KN-01,27,33,591030
2026-03-04,쿠팡,휴책,IN-01,13,14,212940
2026-03-04,쿠팡,휴책,KN-02,31,32,1005120
2026-03-04,쿠팡,휴책,WR-01,9,10,116100
2026-03-04,쿠팡,휴책,BK-01,18,21,565110
2026-03-04,쿠팡,휴책,EL-01,10,11,147510
2026-03-04,쿠팡,휴책,WR-02,10,12,106920
2026-03-04,쿠팡,휴책,IN-02,10,11,117810
2026-03-04,쿠팡,유큐어,WR-02,20,21,187110
2026-03-04,쿠팡,유큐어,BK-01,9,12,322920
2026-03-04,쿠팡,유큐어,KN-02,8,8,251280
2026-03-04,쿠팡,유큐어,KN-01,4,4,71640
2026-03-04,쿠팡,유큐어,IN-02,13,16,171360
2026-03-04,쿠팡,유큐어,EL-01,12,14,187740
2026-03-04,쿠팡,유큐어,WR-01,10,11,127710
2026-03-04,쿠팡,유큐어,IN-01,9,9,136890
2026-03-04,기타,기타사이트,IN-02,4,4,46172
2026-03-04,기타,기타사이트,IN-01,3,3,49179
2026-03-04,기타,기타사이트,EL-01,4,6,86718
2026-03-04,기타,기타사이트,KN-01,8,9,173727
2026-03-04,기타,기타사이트,KN-02,6,7,236971
2026-03-04,기타,기타사이트,WR-02,5,7,67221
2026-03-04,기타,기타사이트,BK-01,10,12,348036
2026-03-04,기타,기타사이트,WR-01,3,3,37539
2026-03-05,네이버,네이버,EL-01,39,43,602258
2026-03-05,네이버,네이버,KN-02,39,44,1443464
2026-03-05,네이버,네이버,WR-01,21,23,278898
2026-03-05,네이버,네이버,KN-01,46,46,860476
2026-03-05,네이버,네이버,BK-01,32,36,1011816
2026-03-05,네이버,네이버,WR-02,14,14,130284
2026-03-05,네이버,네이버,IN-01,34,40,635440
2026-03-05,네이버,네이버,IN-02,21,23,257278
2026-03-05,쿠팡,올투게더나우,EL-01,7,8,107280
2026-03-05,쿠팡,올투게더나우,WR-01,7,7,81270
2026-03-05,쿠팡,올투게더나우,KN-01,4,7,125370
2026-03-05,쿠팡,올투게더나우,KN-02,5,5,157050
2026-03-05,쿠팡,올투게더나우,WR-02,5,5,44550
2026-03-05,쿠팡,올투게더나우,IN-02,1,1,10710
2026-03-05,쿠팡,올투게더나우,BK-01,1,2,53820
2026-03-05,쿠팡,휴책,IN-01,14,15,228150
2026-03-05,쿠팡,휴책,IN-02,11,12,128520
2026-03-05,쿠팡,휴책,WR-02,13,14,124740
2026-03-05,쿠팡,휴책,KN-02,31,34,1067940
2026-03-05,쿠팡,휴책,BK-01,22,24,645840
2026-03-05,쿠팡,휴책,KN-01,18,18,322380
2026-03-05,쿠팡,휴책,WR-01,9,10,116100
2026-03-05,쿠팡,휴책,EL-01,9,9,120690
2026-03-05,쿠팡,유큐어,WR-02,17,18,160380
2026-03-05,쿠팡,유큐어,KN-01,8,9,161190
2026-03-05,쿠팡,유큐어,IN-02,13,13,139230
2026-03-05,쿠팡,유큐어,BK-01,3,3,80730
2026-03-05,쿠팡,유큐어,EL-01,8,9,120690
2026-03-05,쿠팡,유큐어,KN-02,5,5,157050
2026-03-05,쿠팡,유큐어,IN-01,10,10,152100
2026-03-05,쿠팡,유큐어,WR-01,5,6,69660
2026-03-05,기타,기타사이트,IN-02,6,7,80801
2026-03-05,기타,기타사이트,EL-01,3,3,43359
2026-03-05,기타,기타사이트,KN-02,9,11,372383
2026-03-05,기타,기타사이트,BK-01,6,6,174018
2026-03-05,기타,기타사이트,IN-01,4,4,65572
2026-03-05,기타,기타사이트,KN-01,5,5,96515
2026-03-05,기타,기타사이트,WR-01,4,4,50052
2026-03-06,네이버,네이버,KN-01,58,66,1234596
2026-03-06,네이버,네이버,IN-01,40,44,698984
2026-03-06,네이버,네이버,WR-02,27,29,269874
2026-03-06,네이버,네이버,BK-01,34,38,1068028
2026-03-06,네이버,네이버,KN-02,46,49,1607494
2026-03-06,네이버,네이버,IN-02,13,14,156604
2026-03-06,네이버,네이버,WR-01,41,50,606300
2026-03-06,네이버,네이버,EL-01,37,41,574246
2026-03-06,쿠팡,올투게더나우,WR-02,9,10,89100
2026-03-06,쿠팡,올투게더나우,EL-01,3,5,67050
2026-03-06,쿠팡,올투게더나우,WR-01,13,13,150930
2026-03-06,쿠팡,올투게더나우,IN-02,3,4,42840
2026-03-06,쿠팡,올투게더나우,BK-01,4,6,161460
2026-03-06,쿠팡,올투게더나우,KN-02,3,3,94230
2026-03-06,쿠팡,올투게더나우,IN-01,4,6,91260
2026-03-06,쿠팡,올투게더나우,KN-01,5,6,107460
2026-03-06,쿠팡,휴책,BK-01,15,16,430560
2026-03-06,쿠팡,휴책,EL-01,3,4,53640
2026-03-06,쿠팡,휴책,KN-02,16,19,596790
2026-03-06,쿠팡,휴책,WR-02,4,4,35640
2026-03-06,쿠팡,휴책,KN-01,24,29,519390
2026-03-06,쿠팡,휴책,IN-01,6,7,106470
2026-03-06,쿠팡,휴책,WR-01,8,9,104490
2026-03-06,쿠팡,휴책,IN-02,2,2,21420
2026-03-06,쿠팡,유큐어,BK-01,6,7,188370
2026-03-06,쿠팡,유큐어,IN-02,13,13,139230
2026-03-06,쿠팡,유큐어,IN-01,10,10,152100
2026-03-06,쿠팡,유큐어,KN-02,4,5,157050
2026-03-06,쿠팡,유큐어,EL-01,12,12,160920
2026-03-06,쿠팡,유큐어,KN-01,8,9,161190
2026-03-06,쿠팡,유큐어,WR-02,14,16,142560
2026-03-06,쿠팡,유큐어,WR-01,12,12,139320
2026-03-06,기타,기타사이트,BK-01,4,4,116012
2026-03-06,기타,기타사이트,KN-02,6,6,203118
2026-03-06,기타,기타사이트,WR-02,3,3,28809
2026-03-06,기타,기타사이트,KN-01,12,12,231636
2026-03-06,기타,기타사이트,EL-01,2,3,43359
2026-03-06,기타,기타사이트,IN-01,6,7,114751
2026-03-06,기타,기타사이트,IN-02,2,3,34629
2026-03-06,기타,기타사이트,WR-01,3,4,50052
2026-03-07,네이버,네이버,BK-01,27,32,899392
2026-03-07,네이버,네이버,WR-01,39,47,569922
2026-03-07,네이버,네이버,EL-01,23,24,336144
2026-03-07,네이버,네이버,KN-01,37,40,748240
2026-03-07,네이버,네이버,IN-01,22,24,381264
2026-03-07,네이버,네이버,WR-02,14,18,167508
2026-03-07,네이버,네이버,KN-02,20,22,721732
2026-03-07,네이버,네이버,IN-02,13,13,145418
2026-03-07,쿠팡,올투게더나우,EL-01,5,5,67050
2026-03-07,쿠팡,올투게더나우,KN-01,4,4,71640
2026-03-07,쿠팡,올투게더나우,WR-02,5,6,53460
2026-03-07,쿠팡,올투게더나우,WR-01,8,11,127710
2026-03-07,쿠팡,올투게더나우,BK-01,2,3,80730
2026-03-07,쿠팡,올투게더나우,KN-02,3,3,94230
2026-03-07,쿠팡,올투게더나우,IN-01,3,3,45630
2026-03-07,쿠팡,휴책,KN-01,21,25,447750
2026-03-07,쿠팡,휴책,KN-02,18,20,628200
2026-03-07,쿠팡,휴책,IN-01,10,12,182520
2026-03-07,쿠팡,휴책,WR-02,5,5,44550
2026-03-07,쿠팡,휴책,BK-01,11,12,322920
2026-03-07,쿠팡,휴책,WR-01,5,5,58050
2026-03-07,쿠팡,휴책,IN-02,6,6,64260
2026-03-07,쿠팡,휴책,EL-01,3,3,40230
2026-03-07,쿠팡,유큐어,EL-01,9,10,134100
2026-03-07,쿠팡,유큐어,WR-02,14,17,151470
2026-03-07,쿠팡,유큐어,IN-02,6,7,74970
2026-03-07,쿠팡,유큐어,WR-01,7,8,92880
2026-03-07,쿠팡,유큐어,IN-01,3,3,45630
2026-03-07,쿠팡,유큐어,KN-02,3,3,94230
2026-03-07,쿠팡,유큐어,KN-01,2,2,35820
2026-03-07,쿠팡,유큐어,BK-01,3,4,107640
2026-03-07,기타,기타사이트,WR-02,3,3,28809
2026-03-07,기타,기타사이트,KN-01,6,7,135121
2026-03-07,기타,기타사이트,BK-01,5,6,174018
2026-03-07,기타,기타사이트,EL-01,1,1,14453
2026-03-07,기타,기타사이트,IN-01,6,7,114751
2026-03-07,기타,기타사이트,WR-01,2,2,25026
2026-03-07,기타,기타사이트,KN-02,3,4,135412
2026-03-07,기타,기타사이트,IN-02,1,2,23086
2026-03-08,네이버,네이버,IN-01,18,21,333606
2026-03-08,네이버,네이버,BK-01,16,21,590226
2026-03-08,네이버,네이버,EL-01,18,22,308132
2026-03-08,네이버,네이버,KN-02,17,20,656120
2026-03-08,네이버,네이버,IN-02,12,12,134232
2026-03-08,네이버,네이버,KN-01,27,28,523768
2026-03-08,네이버,네이버,WR-02,7,7,65142
2026-03-08,네이버,네이버,WR-01,23,25,303150
2026-03-08,쿠팡,올투게더나우,KN-02,4,6,188460
2026-03-08,쿠팡,올투게더나우,IN-01,3,3,45630
2026-03-08,쿠팡,올투게더나우,KN-01,11,12,214920
2026-03-08,쿠팡,올투게더나우,BK-01,6,6,161460
2026-03-08,쿠팡,올투게더나우,WR-02,1,1,8910
2026-03-08,쿠팡,올투게더나우,EL-01,3,3,40230
2026-03-08,쿠팡,올투게더나우,WR-01,8,9,104490
2026-03-08,쿠팡,올투게더나우,IN-02,2,2,21420
2026-03-08,쿠팡,휴책,IN-01,6,6,91260
2026-03-08,쿠팡,휴책,WR-02,6,6,53460
2026-03-08,쿠팡,휴책,EL-01,6,6,80460
2026-03-08,쿠팡,휴책,KN-01,12,14,250740
2026-03-08,쿠팡,휴책,KN-02,14,14,439740
2026-03-08,쿠팡,휴책,IN-02,7,7,74970
2026-03-08,쿠팡,휴책,WR-01,5,6,69660
2026-03-08,쿠팡,휴책,BK-01,3,3,80730
2026-03-08,쿠팡,유큐어,IN-02,11,12,128520
2026-03-08,쿠팡,유큐어,IN-01,8,8,121680
2026-03-08,쿠팡,유큐어,KN-02,5,6,188460
2026-03-08,쿠팡,유큐어,EL-01,9,9,120690
2026-03-08,쿠팡,유큐어,WR-01,5,8,92880
2026-03-08,쿠팡,유큐어,WR-02,13,16,142560
2026-03-08,쿠팡,유큐어,KN-01,6,9,161190
2026-03-08,쿠팡,유큐어,BK-01,2,2,53820
2026-03-08,기타,기타사이트,IN-02,3,3,34629
2026-03-08,기타,기타사이트,KN-02,5,5,169265
2026-03-08,기타,기타사이트,BK-01,4,4,116012
2026-03-08,기타,기타사이트,KN-01,5,5,96515
2026-03-08,기타,기타사이트,EL-01,6,6,86718
2026-03-08,기타,기타사이트,IN-01,3,3,49179
2026-03-08,기타,기타사이트,WR-02,2,2,19206
2026-03-08,기타,기타사이트,WR-01,1,1,12513
2026-03-09,네이버,네이버,KN-01,57,65,1215890
2026-03-09,네이버,네이버,BK-01,50,55,1545830
2026-03-09,네이버,네이버,KN-02,47,53,1738718
2026-03-09,네이버,네이버,EL-01,51,56,784336
2026-03-09,네이버,네이버,WR-01,47,54,654804
2026-03-09,네이버,네이버,IN-01,38,43,683098
2026-03-09,네이버,네이버,WR-02,20,23,214038
2026-03-09,네이버,네이버,IN-02,13,14,156604
2026-03-09,쿠팡,올투게더나우,KN-01,10,10,179100
2026-03-09,쿠팡,올투게더나우,IN-01,4,4,60840
2026-03-09,쿠팡,올투게더나우,WR-01,7,8,92880
2026-03-09,쿠팡,올투게더나우,BK-01,4,4,107640
2026-03-09,쿠팡,올투게더나우,KN-02,4,5,157050
2026-03-09,쿠팡,올투게더나우,WR-02,6,6,53460
2026-03-09,쿠팡,올투게더나우,EL-01,2,2,26820
2026-03-09,쿠팡,올투게더나우,IN-02,2,2,21420
2026-03-09,쿠팡,휴책,IN-01,6,8,121680
2026-03-09,쿠팡,휴책,BK-01,15,15,403650
2026-03-09,쿠팡,휴책,KN-01,29,32,573120
2026-03-09,쿠팡,휴책,KN-02,24,26,816660
2026-03-09,쿠팡,휴책,EL-01,12,14,187740
2026-03-09,쿠팡,휴책,WR-02,10,10,89100
2026-03-09,쿠팡,휴책,IN-02,16,18,192780
2026-03-09,쿠팡,휴책,WR-01,9,9,104490
2026-03-09,쿠팡,유큐어,EL-01,16,20,268200
2026-03-09,쿠팡,유큐어,IN-01,12,15,228150
2026-03-09,쿠팡,유큐어,WR-02,27,33,294030
2026-03-09,쿠팡,유큐어,WR-01,11,13,150930
2026-03-09,쿠팡,유큐어,BK-01,7,7,188370
2026-03-09,쿠팡,유큐어,IN-02,13,16,171360
2026-03-09,쿠팡,유큐어,KN-02,3,4,125640
2026-03-09,쿠팡,유큐어,KN-01,2,2,35820
2026-03-09,기타,기타사이트,KN-02,6,7,236971
2026-03-09,기타,기타사이트,WR-02,2,2,19206
2026-03-09,기타,기타사이트,IN-01,5,6,98358
2026-03-09,기타,기타사이트,KN-01,7,9,173727
2026-03-09,기타,기타사이트,IN-02,3,3,34629
2026-03-09,기타,기타사이트,EL-01,2,3,43359
2026-03-09,기타,기타사이트,BK-01,4,5,145015
2026-03-09,기타,기타사이트,WR-01,1,2,25026
2026-03-10,네이버,네이버,KN-01,61,66,1234596
2026-03-10,네이버,네이버,IN-01,38,42,667212
2026-03-10,네이버,네이버,WR-02,20,22,204732
2026-03-10,네이버,네이버,EL-01,31,36,504216
2026-03-10,네이버,네이버,KN-02,41,48,1574688
2026-03-10,네이버,네이버,WR-01,49,52,630552
2026-03-10,네이버,네이버,BK-01,36,41,1152346
2026-03-10,네이버,네이버,IN-02,21,23,257278
2026-03-10,쿠팡,올투게더나우,WR-02,6,6,53460
2026-03-10,쿠팡,올투게더나우,KN-02,3,3,94230
2026-03-10,쿠팡,올투게더나우,EL-01,2,2,26820
2026-03-10,쿠팡,올투게더나우,BK-01,5,6,161460
2026-03-10,쿠팡,올투게더나우,KN-01,5,6,107460
2026-03-10,쿠팡,올투게더나우,WR-01,6,6,69660
2026-03-10,쿠팡,올투게더나우,IN-01,2,2,30420
2026-03-10,쿠팡,휴책,KN-02,33,39,1224990
2026-03-10,쿠팡,휴책,BK-01,18,19,511290
2026-03-10,쿠팡,휴책,WR-01,7,9,104490
2026-03-10,쿠팡,휴책,WR-02,8,11,98010
2026-03-10,쿠팡,휴책,EL-01,9,9,120690
2026-03-10,쿠팡,휴책,IN-02,8,9,96390
2026-03-10,쿠팡,휴책,KN-01,21,22,394020
2026-03-10,쿠팡,휴책,IN-01,11,12,182520
2026-03-10,쿠팡,유큐어,KN-01,7,9,161190
2026-03-10,쿠팡,유큐어,WR-02,12,14,124740
2026-03-10,쿠팡,유큐어,IN-02,15,18,192780
2026-03-10,쿠팡,유큐어,BK-01,9,10,269100
2026-03-10,쿠팡,유큐어,EL-01,16,16,214560
2026-03-10,쿠팡,유큐어,WR-01,13,14,162540
2026-03-10,쿠팡,유큐어,KN-02,10,12,376920
2026-03-10,쿠팡,유큐어,IN-01,9,12,182520
2026-03-10,기타,기타사이트,EL-01,5,7,101171
2026-03-10,기타,기타사이트,IN-01,5,5,81965
2026-03-10,기타,기타사이트,KN-02,12,14,473942
2026-03-10,기타,기타사이트,IN-02,2,2,23086
2026-03-10,기타,기타사이트,WR-02,3,3,28809
2026-03-10,기타,기타사이트,BK-01,5,5,145015
2026-03-10,기타,기타사이트,WR-01,1,1,12513
2026-03-10,기타,기타사이트,KN-01,2,3,57909
2026-03-11,네이버,네이버,EL-01,31,33,462198
2026-03-11,네이버,네이버,BK-01,27,32,899392
2026-03-11,네이버,네이버,KN-01,43,49,916594
2026-03-11,네이버,네이버,KN-02,24,25,820150
2026-03-11,네이버,네이버,WR-02,13,13,120978
2026-03-11,네이버,네이버,IN-01,24,26,413036
2026-03-11,네이버,네이버,IN-02,11,14,156604
2026-03-11,네이버,네이버,WR-01,29,33,400158
2026-03-11,쿠팡,올투게더나우,WR-01,10,10,116100
2026-03-11,쿠팡,올투게더나우,WR-02,5,5,44550
2026-03-11,쿠팡,올투게더나우,IN-02,4,4,42840
2026-03-11,쿠팡,올투게더나우,BK-01,5,5,134550
2026-03-11,쿠팡,올투게더나우,KN-02,1,1,31410
2026-03-11,쿠팡,올투게더나우,KN-01,4,4,71640
2026-03-11,쿠팡,올투게더나우,EL-01,1,1,13410
2026-03-11,쿠팡,올투게더나우,IN-01,2,3,45630
2026-03-11,쿠팡,휴책,IN-01,9,10,152100
2026-03-11,쿠팡,휴책,BK-01,22,25,672750
2026-03-11,쿠팡,휴책,EL-01,10,10,134100
2026-03-11,쿠팡,휴책,KN-01,29,32,573120
2026-03-11,쿠팡,휴책,KN-02,28,29,910890
2026-03-11,쿠팡,휴책,WR-02,8,9,80190
2026-03-11,쿠팡,휴책,WR-01,10,11,127710
2026-03-11,쿠팡,휴책,IN-02,6,6,64260
2026-03-11,쿠팡,유큐어,WR-02,15,16,142560
2026-03-11,쿠팡,유큐어,IN-01,17,19,288990
2026-03-11,쿠팡,유큐어,IN-02,14,16,171360
2026-03-11,쿠팡,유큐어,BK-01,2,2,53820
2026-03-11,쿠팡,유큐어,KN-01,7,8,143280
2026-03-11,쿠팡,유큐어,WR-01,9,9,104490
2026-03-11,쿠팡,유큐어,KN-02,1,1,31410
2026-03-11,쿠팡,유큐어,EL-01,8,10,134100
2026-03-11,기타,기타사이트,KN-01,5,7,135121
2026-03-11,기타,기타사이트,IN-01,5,5,81965
2026-03-11,기타,기타사이트,IN-02,7,9,103887
2026-03-11,기타,기타사이트,WR-01,6,6,75078
2026-03-11,기타,기타사이트,BK-01,5,5,145015
2026-03-11,기타,기타사이트,WR-02,4,5,48015
2026-03-11,기타,기타사이트,EL-01,5,6,86718
2026-03-11,기타,기타사이트,KN-02,4,4,135412
2026-03-12,네이버,네이버,KN-02,40,45,1476270
2026-03-12,네이버,네이버,IN-02,22,25,279650
2026-03-12,네이버,네이버,KN-01,60,72,1346832
2026-03-12,네이버,네이버,IN-01,35,39,619554
2026-03-12,네이버,네이버,EL-01,40,52,728312
2026-03-12,네이버,네이버,BK-01,42,46,1292876
2026-03-12,네이버,네이버,WR-01,37,42,509292
2026-03-12,네이버,네이버,WR-02,16,17,158202
2026-03-12,쿠팡,올투게더나우,IN-01,6,6,91260
2026-03-12,쿠팡,올투게더나우,WR-02,3,3,26730
2026-03-12,쿠팡,올투게더나우,EL-01,3,3,40230
2026-03-12,쿠팡,올투게더나우,WR-01,8,9,104490
2026-03-12,쿠팡,올투게더나우,KN-01,9,9,161190
2026-03-12,쿠팡,올투게더나우,BK-01,4,4,107640
2026-03-12,쿠팡,올투게더나우,IN-02,5,7,74970
2026-03-12,쿠팡,올투게더나우,KN-02,2,2,62820
2026-03-12,쿠팡,휴책,IN-02,12,13,139230
2026-03-12,쿠팡,휴책,WR-02,11,11,98010
2026-03-12,쿠팡,휴책,WR-01,8,8,92880
2026-03-12,쿠팡,휴책,EL-01,11,11,147510
2026-03-12,쿠팡,휴책,KN-02,20,21,659610
2026-03-12,쿠팡,휴책,BK-01,19,21,565110
2026-03-12,쿠팡,휴책,KN-01,19,24,429840
2026-03-12,쿠팡,휴책,IN-01,8,10,152100
2026-03-12,쿠팡,유큐어,EL-01,12,12,160920
2026-03-12,쿠팡,유큐어,WR-02,19,22,196020
2026-03-12,쿠팡,유큐어,WR-01,5,5,58050
2026-03-12,쿠팡,유큐어,IN-01,11,14,212940
2026-03-12,쿠팡,유큐어,KN-01,4,5,89550
2026-03-12,쿠팡,유큐어,BK-01,9,9,242190
2026-03-12,쿠팡,유큐어,KN-02,6,6,188460
2026-03-12,쿠팡,유큐어,IN-02,3,3,32130
2026-03-12,기타,기타사이트,WR-02,6,8,76824
2026-03-12,기타,기타사이트,WR-01,9,11,137643
2026-03-12,기타,기타사이트,KN-01,5,6,115818
2026-03-12,기타,기타사이트,IN-01,6,8,131144
2026-03-12,기타,기타사이트,EL-01,2,2,28906
2026-03-12,기타,기타사이트,IN-02,3,3,34629
2026-03-12,기타,기타사이트,KN-02,5,5,169265
2026-03-12,기타,기타사이트,BK-01,7,8,232024
2026-03-13,네이버,네이버,KN-01,36,42,785652
2026-03-13,네이버,네이버,BK-01,29,30,843180
2026-03-13,네이버,네이버,IN-02,18,20,223720
2026-03-13,네이버,네이버,WR-01,27,31,375906
2026-03-13,네이버,네이버,WR-02,11,14,130284
2026-03-13,네이버,네이버,IN-01,37,44,698984
2026-03-13,네이버,네이버,EL-01,28,33,462198
2026-03-13,네이버,네이버,KN-02,21,26,852956
2026-03-13,쿠팡,올투게더나우,IN-02,3,3,32130
2026-03-13,쿠팡,올투게더나우,WR-01,11,12,139320
2026-03-13,쿠팡,올투게더나우,IN-01,2,2,30420
2026-03-13,쿠팡,올투게더나우,KN-01,12,14,250740
2026-03-13,쿠팡,올투게더나우,KN-02,6,7,219870
2026-03-13,쿠팡,올투게더나우,WR-02,5,5,44550
2026-03-13,쿠팡,올투게더나우,BK-01,1,1,26910
2026-03-13,쿠팡,올투게더나우,EL-01,1,1,13410
2026-03-13,쿠팡,휴책,WR-02,6,6,53460
2026-03-13,쿠팡,휴책,EL-01,9,10,134100
2026-03-13,쿠팡,휴책,IN-01,11,12,182520
2026-03-13,쿠팡,휴책,KN-02,24,28,879480
2026-03-13,쿠팡,휴책,IN-02,5,6,64260
2026-03-13,쿠팡,휴책,WR-01,7,7,81270
2026-03-13,쿠팡,휴책,BK-01,15,16,430560
2026-03-13,쿠팡,휴책,KN-01,25,29,519390
2026-03-13,쿠팡,유큐어,WR-02,18,20,178200
2026-03-13,쿠팡,유큐어,IN-01,11,12,182520
2026-03-13,쿠팡,유큐어,KN-01,3,4,71640
2026-03-13,쿠팡,유큐어,IN-02,6,7,74970
2026-03-13,쿠팡,유큐어,EL-01,6,7,93870
2026-03-13,쿠팡,유큐어,KN-02,2,2,62820
2026-03-13,쿠팡,유큐어,WR-01,7,8,92880
2026-03-13,쿠팡,유큐어,BK-01,2,2,53820
2026-03-13,기타,기타사이트,KN-02,4,4,135412
2026-03-13,기타,기타사이트,EL-01,3,3,43359
2026-03-13,기타,기타사이트,IN-01,6,7,114751
2026-03-13,기타,기타사이트,WR-01,1,1,12513
2026-03-13,기타,기타사이트,IN-02,1,1,11543
2026-03-13,기타,기타사이트,WR-02,2,3,28809
2026-03-13,기타,기타사이트,KN-01,4,5,96515
2026-03-13,기타,기타사이트,BK-01,6,6,174018
2026-03-14,네이버,네이버,KN-01,38,42,785652
2026-03-14,네이버,네이버,WR-01,26,29,351654
2026-03-14,네이버,네이버,KN-02,29,32,1049792
2026-03-14,네이버,네이버,IN-01,20,25,397150
2026-03-14,네이버,네이버,BK-01,21,25,702650
2026-03-14,네이버,네이버,WR-02,13,17,158202
2026-03-14,네이버,네이버,EL-01,14,16,224096
2026-03-14,네이버,네이버,IN-02,9,9,100674
2026-03-14,쿠팡,올투게더나우,KN-02,3,3,94230
2026-03-14,쿠팡,올투게더나우,WR-01,12,13,150930
2026-03-14,쿠팡,올투게더나우,WR-02,8,11,98010
2026-03-14,쿠팡,올투게더나우,EL-01,1,1,13410
2026-03-14,쿠팡,올투게더나우,IN-01,2,2,30420
2026-03-14,쿠팡,올투게더나우,IN-02,4,5,53550
2026-03-14,쿠팡,올투게더나우,BK-01,1,1,26910
2026-03-14,쿠팡,올투게더나우,KN-01,1,1,17910
2026-03-14,쿠팡,휴책,WR-01,7,9,104490
2026-03-14,쿠팡,휴책,EL-01,5,6,80460
2026-03-14,쿠팡,휴책,BK-01,10,10,269100
2026-03-14,쿠팡,휴책,IN-02,9,10,107100
2026-03-14,쿠팡,휴책,KN-01,14,17,304470
2026-03-14,쿠팡,휴책,WR-02,6,7,62370
2026-03-14,쿠팡,휴책,KN-02,11,11,345510
2026-03-14,쿠팡,휴책,IN-01,6,6,91260
2026-03-14,쿠팡,유큐어,KN-02,4,4,125640
2026-03-14,쿠팡,유큐어,EL-01,7,8,107280
2026-03-14,쿠팡,유큐어,IN-02,9,9,96390
2026-03-14,쿠팡,유큐어,IN-01,9,10,152100
2026-03-14,쿠팡,유큐어,KN-01,2,2,35820
2026-03-14,쿠팡,유큐어,WR-02,9,10,89100
2026-03-14,쿠팡,유큐어,WR-01,5,6,69660
2026-03-14,쿠팡,유큐어,BK-01,7,8,215280
2026-03-14,기타,기타사이트,BK-01,7,7,203021
2026-03-14,기타,기타사이트,KN-02,2,2,67706
2026-03-14,기타,기타사이트,IN-02,2,2,23086
2026-03-14,기타,기타사이트,KN-01,5,6,115818
2026-03-14,기타,기타사이트,WR-02,3,3,28809
2026-03-14,기타,기타사이트,WR-01,2,2,25026
2026-03-14,기타,기타사이트,IN-01,3,4,65572
2026-03-14,기타,기타사이트,EL-01,1,1,14453
2026-03-15,네이버,네이버,KN-02,29,33,1082598
2026-03-15,네이버,네이버,BK-01,32,35,983710
2026-03-15,네이버,네이버,EL-01,29,33,462198
2026-03-15,네이버,네이버,IN-01,32,36,571896
2026-03-15,네이버,네이버,IN-02,15,17,190162
2026-03-15,네이버,네이버,KN-01,38,45,841770
2026-03-15,네이버,네이버,WR-02,11,11,102366
2026-03-15,네이버,네이버,WR-01,17,17,206142
2026-03-15,쿠팡,올투게더나우,BK-01,1,1,26910
2026-03-15,쿠팡,올투게더나우,KN-01,4,5,89550
2026-03-15,쿠팡,올투게더나우,WR-02,6,7,62370
2026-03-15,쿠팡,올투게더나우,WR-01,8,8,92880
2026-03-15,쿠팡,올투게더나우,IN-02,2,2,21420
2026-03-15,쿠팡,올투게더나우,KN-02,1,1,31410
2026-03-15,쿠팡,올투게더나우,IN-01,2,2,30420
2026-03-15,쿠팡,올투게더나우,EL-01,4,4,53640
2026-03-15,쿠팡,휴책,KN-01,13,13,232830
2026-03-15,쿠팡,휴책,WR-01,7,7,81270
2026-03-15,쿠팡,휴책,KN-02,16,16,502560
2026-03-15,쿠팡,휴책,IN-02,4,5,53550
2026-03-15,쿠팡,휴책,WR-02,8,8,71280
2026-03-15,쿠팡,휴책,BK-01,10,11,296010
2026-03-15,쿠팡,휴책,EL-01,4,5,67050
2026-03-15,쿠팡,휴책,IN-01,4,4,60840
2026-03-15,쿠팡,유큐어,KN-01,6,6,107460
2026-03-15,쿠팡,유큐어,IN-01,9,9,136890
2026-03-15,쿠팡,유큐어,WR-02,20,22,196020
2026-03-15,쿠팡,유큐어,WR-01,5,5,58050
2026-03-15,쿠팡,유큐어,BK-01,2,2,53820
2026-03-15,쿠팡,유큐어,EL-01,9,9,120690
2026-03-15,쿠팡,유큐어,KN-02,4,4,125640
2026-03-15,쿠팡,유큐어,IN-02,1,1,10710
2026-03-15,기타,기타사이트,IN-02,5,5,57715
2026-03-15,기타,기타사이트,WR-02,6,6,57618
2026-03-15,기타,기타사이트,KN-02,7,7,236971
2026-03-15,기타,기타사이트,KN-01,4,4,77212
2026-03-15,기타,기타사이트,EL-01,6,6,86718
2026-03-15,기타,기타사이트,BK-01,3,3,87009
2026-03-15,기타,기타사이트,WR-01,2,2,25026
2026-03-16,네이버,네이버,WR-01,28,31,375906
2026-03-16,네이버,네이버,KN-01,44,50,935300
2026-03-16,네이버,네이버,IN-01,24,31,492466
2026-03-16,네이버,네이버,EL-01,25,29,406174
2026-03-16,네이버,네이버,KN-02,27,29,951374
2026-03-16,네이버,네이버,BK-01,23,25,702650
2026-03-16,네이버,네이버,IN-02,12,14,156604
2026-03-16,네이버,네이버,WR-02,16,20,186120
2026-03-16,쿠팡,올투게더나우,WR-01,15,20,232200
2026-03-16,쿠팡,올투게더나우,EL-01,3,3,40230
2026-03-16,쿠팡,올투게더나우,KN-01,10,10,179100
2026-03-16,쿠팡,올투게더나우,KN-02,4,4,125640
2026-03-16,쿠팡,올투게더나우,WR-02,3,3,26730
2026-03-16,쿠팡,올투게더나우,IN-02,1,1,10710
2026-03-16,쿠팡,올투게더나우,BK-01,6,8,215280
2026-03-16,쿠팡,올투게더나우,IN-01,1,1,15210
2026-03-16,쿠팡,휴책,KN-02,21,24,753840
2026-03-16,쿠팡,휴책,KN-01,20,22,394020
2026-03-16,쿠팡,휴책,WR-01,14,15,174150
2026-03-16,쿠팡,휴책,WR-02,6,6,53460
2026-03-16,쿠팡,휴책,IN-01,7,9,136890
2026-03-16,쿠팡,휴책,BK-01,19,19,511290
2026-03-16,쿠팡,휴책,IN-02,6,6,64260
2026-03-16,쿠팡,휴책,EL-01,6,6,80460
2026-03-16,쿠팡,유큐어,EL-01,7,8,107280
2026-03-16,쿠팡,유큐어,IN-01,13,18,273780
2026-03-16,쿠팡,유큐어,KN-02,7,8,251280
2026-03-16,쿠팡,유큐어,WR-01,9,10,116100
2026-03-16,쿠팡,유큐어,IN-02,13,14,149940
2026-03-16,쿠팡,유큐어,WR-02,14,16,142560
2026-03-16,쿠팡,유큐어,KN-01,5,5,89550
2026-03-16,쿠팡,유큐어,BK-01,8,8,215280
2026-03-16,기타,기타사이트,KN-02,9,11,372383
2026-03-16,기타,기타사이트,EL-01,1,2,28906
2026-03-16,기타,기타사이트,IN-01,9,10,163930
2026-03-16,기타,기타사이트,BK-01,4,4,116012
2026-03-16,기타,기타사이트,IN-02,4,4,46172
2026-03-16,기타,기타사이트,WR-01,1,1,12513
2026-03-16,기타,기타사이트,KN-01,4,5,96515
2026-03-16,기타,기타사이트,WR-02,1,1,9603
2026-03-17,네이버,네이버,BK-01,30,32,899392
2026-03-17,네이버,네이버,KN-01,37,44,823064
2026-03-17,네이버,네이버,WR-01,30,34,412284
2026-03-17,네이버,네이버,IN-02,6,8,89488
2026-03-17,네이버,네이버,EL-01,27,33,462198
2026-03-17,네이버,네이버,KN-02,42,47,1541882
2026-03-17,네이버,네이버,WR-02,11,13,120978
2026-03-17,네이버,네이버,IN-01,19,23,365378
2026-03-17,쿠팡,올투게더나우,EL-01,10,13,174330
2026-03-17,쿠팡,올투게더나우,KN-01,8,8,143280
2026-03-17,쿠팡,올투게더나우,KN-02,3,3,94230
2026-03-17,쿠팡,올투게더나우,WR-02,10,10,89100
2026-03-17,쿠팡,올투게더나우,IN-02,4,7,74970
2026-03-17,쿠팡,올투게더나우,WR-01,12,12,139320
2026-03-17,쿠팡,올투게더나우,IN-01,3,3,45630
2026-03-17,쿠팡,올투게더나우,BK-01,1,1,26910
2026-03-17,쿠팡,휴책,KN-01,19,20,358200
2026-03-17,쿠팡,휴책,BK-01,14,16,430560
2026-03-17,쿠팡,휴책,KN-02,23,25,785250
2026-03-17,쿠팡,휴책,EL-01,5,6,80460
2026-03-17,쿠팡,휴책,WR-02,5,6,53460
2026-03-17,쿠팡,휴책,IN-01,9,10,152100
2026-03-17,쿠팡,휴책,WR-01,3,3,34830
2026-03-17,쿠팡,휴책,IN-02,3,3,32130
2026-03-17,쿠팡,유큐어,WR-02,12,15,133650
2026-03-17,쿠팡,유큐어,KN-01,2,3,53730
2026-03-17,쿠팡,유큐어,IN-01,7,7,106470
2026-03-17,쿠팡,유큐어,IN-02,8,9,96390
2026-03-17,쿠팡,유큐어,EL-01,5,5,67050
2026-03-17,쿠팡,유큐어,WR-01,13,14,162540
2026-03-17,쿠팡,유큐어,BK-01,6,6,161460
2026-03-17,쿠팡,유큐어,KN-02,4,4,125640
2026-03-17,기타,기타사이트,KN-01,5,6,115818
2026-03-17,기타,기타사이트,BK-01,10,12,348036
2026-03-17,기타,기타사이트,KN-02,5,5,169265
2026-03-17,기타,기타사이트,WR-01,3,4,50052
2026-03-17,기타,기타사이트,IN-01,7,8,131144
2026-03-17,기타,기타사이트,WR-02,4,5,48015
2026-03-17,기타,기타사이트,EL-01,2,2,28906
2026-03-17,기타,기타사이트,IN-02,1,1,11543
2026-03-18,네이버,네이버,EL-01,50,55,770330
2026-03-18,네이버,네이버,WR-02,20,22,204732
2026-03-18,네이버,네이버,BK-01,42,45,1264770
2026-03-18,네이버,네이버,WR-01,46,53,642678
2026-03-18,네이버,네이버,IN-02,24,28,313208
2026-03-18,네이버,네이버,IN-01,33,37,587782
2026-03-18,네이버,네이버,KN-02,37,39,1279434
2026-03-18,네이버,네이버,KN-01,70,79,1477774
2026-03-18,쿠팡,올투게더나우,KN-02,3,4,125640
2026-03-18,쿠팡,올투게더나우,KN-01,8,8,143280
2026-03-18,쿠팡,올투게더나우,WR-02,4,4,35640
2026-03-18,쿠팡,올투게더나우,EL-01,3,3,40230
2026-03-18,쿠팡,올투게더나우,WR-01,9,11,127710
2026-03-18,쿠팡,올투게더나우,IN-01,2,3,45630
2026-03-18,쿠팡,올투게더나우,IN-02,2,3,32130
2026-03-18,쿠팡,올투게더나우,BK-01,2,2,53820
2026-03-18,쿠팡,휴책,WR-01,4,4,46440
2026-03-18,쿠팡,휴책,KN-02,19,21,659610
2026-03-18,쿠팡,휴책,WR-02,6,6,53460
2026-03-18,쿠팡,휴책,EL-01,11,14,187740
2026-03-18,쿠팡,휴책,KN-01,28,31,555210
2026-03-18,쿠팡,휴책,BK-01,20,23,618930
2026-03-18,쿠팡,휴책,IN-02,10,10,107100
2026-03-18,쿠팡,휴책,IN-01,7,8,121680
2026-03-18,쿠팡,유큐어,EL-01,17,17,227970
2026-03-18,쿠팡,유큐어,WR-01,17,19,220590
2026-03-18,쿠팡,유큐어,KN-01,7,8,143280
2026-03-18,쿠팡,유큐어,IN-02,9,10,107100
2026-03-18,쿠팡,유큐어,BK-01,2,3,80730
2026-03-18,쿠팡,유큐어,WR-02,20,21,187110
2026-03-18,쿠팡,유큐어,IN-01,17,19,288990
2026-03-18,쿠팡,유큐어,KN-02,5,6,188460
2026-03-18,기타,기타사이트,KN-02,8,10,338530
2026-03-18,기타,기타사이트,IN-01,6,8,131144
2026-03-18,기타,기타사이트,BK-01,6,7,203021
2026-03-18,기타,기타사이트,IN-02,5,5,57715
2026-03-18,기타,기타사이트,WR-02,2,2,19206
2026-03-18,기타,기타사이트,KN-01,5,6,115818
2026-03-18,기타,기타사이트,WR-01,2,2,25026
2026-03-18,기타,기타사이트,EL-01,2,2,28906
2026-03-19,네이버,네이버,KN-02,36,43,1410658
2026-03-19,네이버,네이버,WR-01,48,58,703308
2026-03-19,네이버,네이버,IN-01,44,50,794300
2026-03-19,네이버,네이버,IN-02,18,20,223720
2026-03-19,네이버,네이버,BK-01,33,37,1039922
2026-03-19,네이버,네이버,KN-01,59,68,1272008
2026-03-19,네이버,네이버,WR-02,14,15,139590
2026-03-19,네이버,네이버,EL-01,38,42,588252
2026-03-19,쿠팡,올투게더나우,IN-01,5,6,91260
2026-03-19,쿠팡,올투게더나우,KN-01,6,9,161190
2026-03-19,쿠팡,올투게더나우,IN-02,3,3,32130
2026-03-19,쿠팡,올투게더나우,WR-01,8,8,92880
2026-03-19,쿠팡,올투게더나우,KN-02,2,2,62820
2026-03-19,쿠팡,올투게더나우,EL-01,3,3,40230
2026-03-19,쿠팡,올투게더나우,BK-01,6,8,215280
2026-03-19,쿠팡,올투게더나우,WR-02,5,5,44550
2026-03-19,쿠팡,휴책,KN-01,30,33,591030
2026-03-19,쿠팡,휴책,IN-02,16,16,171360
2026-03-19,쿠팡,휴책,KN-02,24,31,973710
2026-03-19,쿠팡,휴책,WR-01,15,16,185760
2026-03-19,쿠팡,휴책,EL-01,6,6,80460
2026-03-19,쿠팡,휴책,BK-01,23,29,780390
2026-03-19,쿠팡,휴책,IN-01,10,12,182520
2026-03-19,쿠팡,휴책,WR-02,6,7,62370
2026-03-19,쿠팡,유큐어,BK-01,7,7,188370
2026-03-19,쿠팡,유큐어,KN-02,8,9,282690
2026-03-19,쿠팡,유큐어,WR-02,24,26,231660
2026-03-19,쿠팡,유큐어,IN-01,7,7,106470
2026-03-19,쿠팡,유큐어,IN-02,16,16,171360
2026-03-19,쿠팡,유큐어,WR-01,11,12,139320
2026-03-19,쿠팡,유큐어,EL-01,7,8,107280
2026-03-19,쿠팡,유큐어,KN-01,4,6,107460
2026-03-19,기타,기타사이트,KN-01,6,6,115818
2026-03-19,기타,기타사이트,KN-02,4,4,135412
2026-03-19,기타,기타사이트,BK-01,7,9,261027
2026-03-19,기타,기타사이트,EL-01,6,6,86718
2026-03-19,기타,기타사이트,IN-02,1,1,11543
2026-03-19,기타,기타사이트,IN-01,10,11,180323
2026-03-19,기타,기타사이트,WR-02,7,8,76824
2026-03-19,기타,기타사이트,WR-01,2,2,25026
2026-03-20,네이버,네이버,IN-01,31,33,524238
2026-03-20,네이버,네이버,KN-01,40,41,766946
2026-03-20,네이버,네이버,EL-01,37,46,644276
2026-03-20,네이버,네이버,WR-01,30,31,375906
2026-03-20,네이버,네이버,IN-02,12,13,145418
2026-03-20,네이버,네이버,KN-02,22,26,852956
2026-03-20,네이버,네이버,WR-02,16,18,167508
2026-03-20,네이버,네이버,BK-01,26,28,786968
2026-03-20,쿠팡,올투게더나우,KN-02,1,1,31410
2026-03-20,쿠팡,올투게더나우,BK-01,2,2,53820
2026-03-20,쿠팡,올투게더나우,KN-01,5,6,107460
2026-03-20,쿠팡,올투게더나우,IN-01,5,5,76050
2026-03-20,쿠팡,올투게더나우,WR-02,9,9,80190
2026-03-20,쿠팡,올투게더나우,WR-01,10,11,127710
2026-03-20,쿠팡,올투게더나우,EL-01,4,5,67050
2026-03-20,쿠팡,올투게더나우,IN-02,7,7,74970
2026-03-20,쿠팡,휴책,KN-01,28,31,555210
2026-03-20,쿠팡,휴책,KN-02,19,21,659610
2026-03-20,쿠팡,휴책,BK-01,15,16,430560
2026-03-20,쿠팡,휴책,EL-01,5,5,67050
2026-03-20,쿠팡,휴책,WR-01,6,6,69660
2026-03-20,쿠팡,휴책,IN-01,9,11,167310
2026-03-20,쿠팡,휴책,IN-02,5,7,74970
2026-03-20,쿠팡,휴책,WR-02,4,4,35640
2026-03-20,쿠팡,유큐어,KN-01,4,4,71640
2026-03-20,쿠팡,유큐어,IN-02,10,10,107100
2026-03-20,쿠팡,유큐어,WR-02,9,10,89100
2026-03-20,쿠팡,유큐어,KN-02,12,12,376920
2026-03-20,쿠팡,유큐어,IN-01,6,7,106470
2026-03-20,쿠팡,유큐어,EL-01,9,10,134100
2026-03-20,쿠팡,유큐어,WR-01,13,16,185760
2026-03-20,쿠팡,유큐어,BK-01,5,6,161460
2026-03-20,기타,기타사이트,IN-01,5,5,81965
2026-03-20,기타,기타사이트,KN-01,5,5,96515
2026-03-20,기타,기타사이트,WR-01,3,3,37539
2026-03-20,기타,기타사이트,EL-01,2,2,28906
2026-03-20,기타,기타사이트,BK-01,5,5,145015
2026-03-20,기타,기타사이트,KN-02,5,5,169265
2026-03-20,기타,기타사이트,IN-02,2,3,34629
2026-03-21,네이버,네이버,EL-01,42,49,686294
2026-03-21,네이버,네이버,WR-02,19,20,186120
2026-03-21,네이버,네이버,BK-01,28,32,899392
2026-03-21,네이버,네이버,WR-01,23,26,315276
2026-03-21,네이버,네이버,KN-02,34,39,1279434
2026-03-21,네이버,네이버,KN-01,43,46,860476
2026-03-21,네이버,네이버,IN-01,27,29,460694
2026-03-21,네이버,네이버,IN-02,16,19,212534
2026-03-21,쿠팡,올투게더나우,WR-02,5,5,44550
2026-03-21,쿠팡,올투게더나우,IN-01,3,3,45630
2026-03-21,쿠팡,올투게더나우,KN-02,4,4,125640
2026-03-21,쿠팡,올투게더나우,WR-01,8,8,92880
2026-03-21,쿠팡,올투게더나우,EL-01,1,1,13410
2026-03-21,쿠팡,올투게더나우,KN-01,2,3,53730
2026-03-21,쿠팡,올투게더나우,IN-02,1,1,10710
2026-03-21,쿠팡,올투게더나우,BK-01,2,2,53820
2026-03-21,쿠팡,휴책,BK-01,11,12,322920
2026-03-21,쿠팡,휴책,IN-02,10,12,128520
2026-03-21,쿠팡,휴책,KN-02,25,27,848070
2026-03-21,쿠팡,휴책,EL-01,7,8,107280
2026-03-21,쿠팡,휴책,WR-02,12,14,124740
2026-03-21,쿠팡,휴책,KN-01,19,22,394020
2026-03-21,쿠팡,휴책,WR-01,5,5,58050
2026-03-21,쿠팡,휴책,IN-01,5,6,91260
2026-03-21,쿠팡,유큐어,KN-02,6,6,188460
2026-03-21,쿠팡,유큐어,EL-01,10,10,134100
2026-03-21,쿠팡,유큐어,IN-01,6,7,106470
2026-03-21,쿠팡,유큐어,KN-01,1,1,17910
2026-03-21,쿠팡,유큐어,BK-01,2,2,53820
2026-03-21,쿠팡,유큐어,WR-01,4,4,46440
2026-03-21,쿠팡,유큐어,IN-02,6,7,74970
2026-03-21,쿠팡,유큐어,WR-02,5,6,53460
2026-03-21,기타,기타사이트,BK-01,6,8,232024
2026-03-21,기타,기타사이트,EL-01,2,2,28906
2026-03-21,기타,기타사이트,KN-02,7,8,270824
2026-03-21,기타,기타사이트,IN-01,3,3,49179
2026-03-21,기타,기타사이트,KN-01,6,6,115818
2026-03-21,기타,기타사이트,WR-02,4,4,38412
2026-03-21,기타,기타사이트,IN-02,1,2,23086
2026-03-22,네이버,네이버,WR-02,8,9,83754
2026-03-22,네이버,네이버,BK-01,29,33,927498
2026-03-22,네이버,네이버,KN-02,17,20,656120
2026-03-22,네이버,네이버,KN-01,33,37,692122
2026-03-22,네이버,네이버,IN-01,24,26,413036
2026-03-22,네이버,네이버,EL-01,26,27,378162
2026-03-22,네이버,네이버,WR-01,23,26,315276
2026-03-22,네이버,네이버,IN-02,14,16,178976
2026-03-22,쿠팡,올투게더나우,IN-02,4,4,42840
2026-03-22,쿠팡,올투게더나우,BK-01,4,6,161460
2026-03-22,쿠팡,올투게더나우,KN-01,7,10,179100
2026-03-22,쿠팡,올투게더나우,WR-01,8,9,104490
2026-03-22,쿠팡,올투게더나우,KN-02,3,3,94230
2026-03-22,쿠팡,올투게더나우,WR-02,3,3,26730
2026-03-22,쿠팡,휴책,KN-02,26,29,910890
2026-03-22,쿠팡,휴책,BK-01,11,12,322920
2026-03-22,쿠팡,휴책,KN-01,25,26,465660
2026-03-22,쿠팡,휴책,EL-01,4,4,53640
2026-03-22,쿠팡,휴책,IN-01,6,6,91260
2026-03-22,쿠팡,휴책,IN-02,4,5,53550
2026-03-22,쿠팡,휴책,WR-02,12,12,106920
2026-03-22,쿠팡,휴책,WR-01,8,12,139320
2026-03-22,쿠팡,유큐어,WR-02,11,11,98010
2026-03-22,쿠팡,유큐어,BK-01,6,7,188370
2026-03-22,쿠팡,유큐어,IN-02,11,12,128520
2026-03-22,쿠팡,유큐어,WR-01,11,12,139320
2026-03-22,쿠팡,유큐어,EL-01,3,3,40230
2026-03-22,쿠팡,유큐어,IN-01,13,15,228150
2026-03-22,쿠팡,유큐어,KN-02,2,2,62820
2026-03-22,쿠팡,유큐어,KN-01,8,9,161190
2026-03-22,기타,기타사이트,KN-01,1,1,19303
2026-03-22,기타,기타사이트,IN-02,2,3,34629
2026-03-22,기타,기타사이트,IN-01,5,7,114751
2026-03-22,기타,기타사이트,KN-02,5,5,169265
2026-03-22,기타,기타사이트,BK-01,7,8,232024
2026-03-22,기타,기타사이트,WR-01,5,5,62565
2026-03-22,기타,기타사이트,WR-02,1,1,9603
2026-03-23,네이버,네이버,KN-01,32,35,654710
2026-03-23,네이버,네이버,EL-01,22,23,322138
2026-03-23,네이버,네이버,IN-01,28,32,508352
2026-03-23,네이버,네이버,WR-01,24,25,303150
2026-03-23,네이버,네이버,KN-02,23,27,885762
2026-03-23,네이버,네이버,BK-01,27,30,843180
2026-03-23,네이버,네이버,IN-02,12,15,167790
2026-03-23,네이버,네이버,WR-02,12,15,139590
2026-03-23,쿠팡,올투게더나우,EL-01,5,5,67050
2026-03-23,쿠팡,올투게더나우,WR-01,7,7,81270
2026-03-23,쿠팡,올투게더나우,IN-01,2,2,30420
2026-03-23,쿠팡,올투게더나우,WR-02,9,13,115830
2026-03-23,쿠팡,올투게더나우,IN-02,3,4,42840
2026-03-23,쿠팡,올투게더나우,KN-01,8,8,143280
2026-03-23,쿠팡,올투게더나우,KN-02,2,2,62820
2026-03-23,쿠팡,올투게더나우,BK-01,1,2,53820
2026-03-23,쿠팡,휴책,KN-02,32,36,1130760
2026-03-23,쿠팡,휴책,KN-01,37,44,788040
2026-03-23,쿠팡,휴책,IN-02,6,7,74970
2026-03-23,쿠팡,휴책,WR-01,7,8,92880
2026-03-23,쿠팡,휴책,BK-01,16,16,430560
2026-03-23,쿠팡,휴책,IN-01,9,13,197730
2026-03-23,쿠팡,휴책,EL-01,5,5,67050
2026-03-23,쿠팡,휴책,WR-02,3,3,26730
2026-03-23,쿠팡,유큐어,WR-02,15,18,160380
2026-03-23,쿠팡,유큐어,IN-01,6,8,121680
2026-03-23,쿠팡,유큐어,KN-02,4,4,125640
2026-03-23,쿠팡,유큐어,BK-01,8,10,269100
2026-03-23,쿠팡,유큐어,EL-01,9,10,134100
2026-03-23,쿠팡,유큐어,IN-02,6,7,74970
2026-03-23,쿠팡,유큐어,WR-01,7,8,92880
2026-03-23,쿠팡,유큐어,KN-01,1,1,17910
2026-03-23,기타,기타사이트,KN-01,10,11,212333
2026-03-23,기타,기타사이트,BK-01,6,8,232024
2026-03-23,기타,기타사이트,EL-01,1,1,14453
2026-03-23,기타,기타사이트,WR-02,3,3,28809
2026-03-23,기타,기타사이트,IN-01,3,3,49179
2026-03-23,기타,기타사이트,WR-01,3,3,37539
2026-03-23,기타,기타사이트,KN-02,4,4,135412
2026-03-24,네이버,네이버,WR-02,23,27,251262
2026-03-24,네이버,네이버,KN-01,61,64,1197184
2026-03-24,네이버,네이버,IN-02,26,32,357952
2026-03-24,네이버,네이버,WR-01,35,38,460788
2026-03-24,네이버,네이버,EL-01,36,39,546234
2026-03-24,네이버,네이버,IN-01,54,63,1000818
2026-03-24,네이버,네이버,BK-01,35,42,1180452
2026-03-24,네이버,네이버,KN-02,38,46,1509076
2026-03-24,쿠팡,올투게더나우,WR-02,12,15,133650
2026-03-24,쿠팡,올투게더나우,EL-01,5,7,93870
2026-03-24,쿠팡,올투게더나우,KN-01,10,10,179100
2026-03-24,쿠팡,올투게더나우,WR-01,7,7,81270
2026-03-24,쿠팡,올투게더나우,BK-01,5,6,161460
2026-03-24,쿠팡,올투게더나우,IN-02,2,3,32130
2026-03-24,쿠팡,올투게더나우,IN-01,8,9,136890
2026-03-24,쿠팡,올투게더나우,KN-02,2,3,94230
2026-03-24,쿠팡,휴책,KN-02,16,18,565380
2026-03-24,쿠팡,휴책,KN-01,13,14,250740
2026-03-24,쿠팡,휴책,IN-02,6,6,64260
2026-03-24,쿠팡,휴책,WR-01,11,12,139320
2026-03-24,쿠팡,휴책,BK-01,16,19,511290
2026-03-24,쿠팡,휴책,EL-01,3,3,40230
2026-03-24,쿠팡,휴책,IN-01,10,12,182520
2026-03-24,쿠팡,휴책,WR-02,7,7,62370
2026-03-24,쿠팡,유큐어,IN-02,11,12,128520
2026-03-24,쿠팡,유큐어,EL-01,9,9,120690
2026-03-24,쿠팡,유큐어,WR-01,6,7,81270
2026-03-24,쿠팡,유큐어,WR-02,18,19,169290
2026-03-24,쿠팡,유큐어,KN-02,4,4,125640
2026-03-24,쿠팡,유큐어,BK-01,4,4,107640
2026-03-24,쿠팡,유큐어,KN-01,6,7,125370
2026-03-24,쿠팡,유큐어,IN-01,7,8,121680
2026-03-24,기타,기타사이트,BK-01,5,6,174018
2026-03-24,기타,기타사이트,KN-02,6,7,236971
2026-03-24,기타,기타사이트,KN-01,5,5,96515
2026-03-24,기타,기타사이트,IN-01,5,5,81965
2026-03-24,기타,기타사이트,EL-01,2,2,28906
2026-03-24,기타,기타사이트,WR-02,3,3,28809
2026-03-24,기타,기타사이트,IN-02,1,1,11543
2026-03-24,기타,기타사이트,WR-01,3,4,50052
2026-03-25,네이버,네이버,KN-01,56,60,1122360
2026-03-25,네이버,네이버,EL-01,46,49,686294
2026-03-25,네이버,네이버,BK-01,42,49,1377194
2026-03-25,네이버,네이버,KN-02,51,57,1869942
2026-03-25,네이버,네이버,WR-02,15,16,148896
2026-03-25,네이버,네이버,IN-01,41,48,762528
2026-03-25,네이버,네이버,WR-01,33,38,460788
2026-03-25,네이버,네이버,IN-02,19,20,223720
2026-03-25,쿠팡,올투게더나우,KN-02,3,3,94230
2026-03-25,쿠팡,올투게더나우,WR-01,5,6,69660
2026-03-25,쿠팡,올투게더나우,IN-02,2,2,21420
2026-03-25,쿠팡,올투게더나우,EL-01,5,6,80460
2026-03-25,쿠팡,올투게더나우,KN-01,5,6,107460
2026-03-25,쿠팡,올투게더나우,WR-02,4,5,44550
2026-03-25,쿠팡,올투게더나우,IN-01,4,4,60840
2026-03-25,쿠팡,올투게더나우,BK-01,1,1,26910
2026-03-25,쿠팡,휴책,BK-01,19,22,592020
2026-03-25,쿠팡,휴책,WR-02,11,12,106920
2026-03-25,쿠팡,휴책,KN-01,34,35,626850
2026-03-25,쿠팡,휴책,KN-02,22,23,722430
2026-03-25,쿠팡,휴책,IN-02,9,9,96390
2026-03-25,쿠팡,휴책,WR-01,15,19,220590
2026-03-25,쿠팡,휴책,EL-01,6,6,80460
2026-03-25,쿠팡,휴책,IN-01,12,15,228150
2026-03-25,쿠팡,유큐어,KN-01,7,8,143280
2026-03-25,쿠팡,유큐어,BK-01,5,5,134550
2026-03-25,쿠팡,유큐어,EL-01,14,18,241380
2026-03-25,쿠팡,유큐어,KN-02,4,4,125640
2026-03-25,쿠팡,유큐어,IN-02,8,9,96390
2026-03-25,쿠팡,유큐어,IN-01,10,11,167310
2026-03-25,쿠팡,유큐어,WR-02,10,11,98010
2026-03-25,쿠팡,유큐어,WR-01,8,9,104490
2026-03-25,기타,기타사이트,BK-01,7,7,203021
2026-03-25,기타,기타사이트,KN-01,9,10,193030
2026-03-25,기타,기타사이트,KN-02,8,8,270824
2026-03-25,기타,기타사이트,EL-01,5,6,86718
2026-03-25,기타,기타사이트,WR-02,3,3,28809
2026-03-25,기타,기타사이트,IN-01,8,8,131144
2026-03-25,기타,기타사이트,WR-01,3,4,50052
2026-03-25,기타,기타사이트,IN-02,1,1,11543
2026-03-26,네이버,네이버,WR-01,44,51,618426
2026-03-26,네이버,네이버,KN-02,35,39,1279434
2026-03-26,네이버,네이버,IN-01,46,51,810186
2026-03-26,네이버,네이버,BK-01,32,35,983710
2026-03-26,네이버,네이버,KN-01,69,84,1571304
2026-03-26,네이버,네이버,WR-02,17,19,176814
2026-03-26,네이버,네이버,IN-02,21,25,279650
2026-03-26,네이버,네이버,EL-01,38,41,574246
2026-03-26,쿠팡,올투게더나우,BK-01,3,3,80730
2026-03-26,쿠팡,올투게더나우,WR-01,10,10,116100
2026-03-26,쿠팡,올투게더나우,IN-02,1,2,21420
2026-03-26,쿠팡,올투게더나우,WR-02,4,4,35640
2026-03-26,쿠팡,올투게더나우,KN-01,5,6,107460
2026-03-26,쿠팡,올투게더나우,IN-01,3,3,45630
2026-03-26,쿠팡,올투게더나우,EL-01,4,4,53640
2026-03-26,쿠팡,휴책,KN-01,27,30,537300
2026-03-26,쿠팡,휴책,BK-01,19,21,565110
2026-03-26,쿠팡,휴책,WR-01,9,11,127710
2026-03-26,쿠팡,휴책,KN-02,18,19,596790
2026-03-26,쿠팡,휴책,EL-01,8,9,120690
2026-03-26,쿠팡,휴책,WR-02,10,10,89100
2026-03-26,쿠팡,휴책,IN-01,7,8,121680
2026-03-26,쿠팡,휴책,IN-02,7,7,74970
2026-03-26,쿠팡,유큐어,WR-01,13,14,162540
2026-03-26,쿠팡,유큐어,IN-02,15,16,171360
2026-03-26,쿠팡,유큐어,WR-02,14,15,133650
2026-03-26,쿠팡,유큐어,EL-01,14,17,227970
2026-03-26,쿠팡,유큐어,KN-02,9,10,314100
2026-03-26,쿠팡,유큐어,IN-01,15,17,258570
2026-03-26,쿠팡,유큐어,BK-01,9,9,242190
2026-03-26,쿠팡,유큐어,KN-01,2,2,35820
2026-03-26,기타,기타사이트,IN-01,8,8,131144
2026-03-26,기타,기타사이트,IN-02,3,3,34629
2026-03-26,기타,기타사이트,WR-01,2,3,37539
2026-03-26,기타,기타사이트,BK-01,5,5,145015
2026-03-26,기타,기타사이트,KN-02,7,9,304677
2026-03-26,기타,기타사이트,KN-01,4,4,77212
2026-03-26,기타,기타사이트,EL-01,1,2,28906
2026-03-27,네이버,네이버,WR-01,41,48,582048
2026-03-27,네이버,네이버,KN-01,49,58,1084948
2026-03-27,네이버,네이버,KN-02,35,39,1279434
2026-03-27,네이버,네이버,IN-02,28,29,324394
2026-03-27,네이버,네이버,BK-01,39,45,1264770
2026-03-27,네이버,네이버,EL-01,47,55,770330
2026-03-27,네이버,네이버,IN-01,26,30,476580
2026-03-27,네이버,네이버,WR-02,15,17,158202
2026-03-27,쿠팡,올투게더나우,WR-01,4,4,46440
2026-03-27,쿠팡,올투게더나우,WR-02,8,10,89100
2026-03-27,쿠팡,올투게더나우,KN-01,1,1,17910
2026-03-27,쿠팡,올투게더나우,BK-01,5,5,134550
2026-03-27,쿠팡,올투게더나우,IN-02,4,4,42840
2026-03-27,쿠팡,올투게더나우,EL-01,2,2,26820
2026-03-27,쿠팡,올투게더나우,KN-02,4,5,157050
2026-03-27,쿠팡,올투게더나우,IN-01,2,3,45630
2026-03-27,쿠팡,휴책,KN-01,30,36,644760
2026-03-27,쿠팡,휴책,BK-01,18,20,538200
2026-03-27,쿠팡,휴책,KN-02,27,35,1099350
2026-03-27,쿠팡,휴책,IN-01,10,12,182520
2026-03-27,쿠팡,휴책,WR-02,10,12,106920
2026-03-27,쿠팡,휴책,WR-01,5,5,58050
2026-03-27,쿠팡,휴책,IN-02,7,7,74970
2026-03-27,쿠팡,휴책,EL-01,3,3,40230
2026-03-27,쿠팡,유큐어,IN-02,9,10,107100
2026-03-27,쿠팡,유큐어,IN-01,5,7,106470
2026-03-27,쿠팡,유큐어,EL-01,8,9,120690
2026-03-27,쿠팡,유큐어,WR-02,14,16,142560
2026-03-27,쿠팡,유큐어,KN-02,5,6,188460
2026-03-27,쿠팡,유큐어,WR-01,5,7,81270
2026-03-27,쿠팡,유큐어,KN-01,5,5,89550
2026-03-27,쿠팡,유큐어,BK-01,2,2,53820
2026-03-27,기타,기타사이트,IN-01,11,11,180323
2026-03-27,기타,기타사이트,IN-02,2,2,23086
2026-03-27,기타,기타사이트,KN-02,9,9,304677
2026-03-27,기타,기타사이트,BK-01,6,6,174018
2026-03-27,기타,기타사이트,KN-01,4,5,96515
2026-03-27,기타,기타사이트,WR-01,4,5,62565
2026-03-27,기타,기타사이트,WR-02,1,1,9603
2026-03-27,기타,기타사이트,EL-01,3,4,57812
2026-03-28,네이버,네이버,EL-01,33,36,504216
2026-03-28,네이버,네이버,IN-01,26,30,476580
2026-03-28,네이버,네이버,KN-02,29,30,984180
2026-03-28,네이버,네이버,KN-01,57,65,1215890
2026-03-28,네이버,네이버,BK-01,29,31,871286
2026-03-28,네이버,네이버,IN-02,15,16,178976
2026-03-28,네이버,네이버,WR-02,17,20,186120
2026-03-28,네이버,네이버,WR-01,26,29,351654
2026-03-28,쿠팡,올투게더나우,WR-01,12,15,174150
2026-03-28,쿠팡,올투게더나우,WR-02,7,7,62370
2026-03-28,쿠팡,올투게더나우,BK-01,4,4,107640
2026-03-28,쿠팡,올투게더나우,KN-02,3,3,94230
2026-03-28,쿠팡,올투게더나우,IN-01,5,5,76050
2026-03-28,쿠팡,올투게더나우,IN-02,4,4,42840
2026-03-28,쿠팡,올투게더나우,KN-01,2,3,53730
2026-03-28,쿠팡,올투게더나우,EL-01,2,2,26820
2026-03-28,쿠팡,휴책,KN-01,30,35,626850
2026-03-28,쿠팡,휴책,WR-02,8,9,80190
2026-03-28,쿠팡,휴책,KN-02,24,28,879480
2026-03-28,쿠팡,휴책,BK-01,10,10,269100
2026-03-28,쿠팡,휴책,WR-01,12,12,139320
2026-03-28,쿠팡,휴책,EL-01,10,11,147510
2026-03-28,쿠팡,휴책,IN-01,7,8,121680
2026-03-28,쿠팡,휴책,IN-02,5,5,53550
2026-03-28,쿠팡,유큐어,KN-01,6,6,107460
2026-03-28,쿠팡,유큐어,IN-01,5,5,76050
2026-03-28,쿠팡,유큐어,WR-02,13,17,151470
2026-03-28,쿠팡,유큐어,EL-01,11,14,187740
2026-03-28,쿠팡,유큐어,WR-01,7,9,104490
2026-03-28,쿠팡,유큐어,IN-02,5,6,64260
2026-03-28,쿠팡,유큐어,BK-01,4,5,134550
2026-03-28,쿠팡,유큐어,KN-02,3,4,125640
2026-03-28,기타,기타사이트,BK-01,4,5,145015
2026-03-28,기타,기타사이트,WR-01,4,4,50052
2026-03-28,기타,기타사이트,KN-01,4,5,96515
2026-03-28,기타,기타사이트,WR-02,3,3,28809
2026-03-28,기타,기타사이트,IN-02,5,5,57715
2026-03-28,기타,기타사이트,KN-02,5,5,169265
2026-03-28,기타,기타사이트,EL-01,4,4,57812
2026-03-28,기타,기타사이트,IN-01,1,1,16393
2026-03-29,네이버,네이버,BK-01,29,33,927498
2026-03-29,네이버,네이버,IN-01,36,39,619554
2026-03-29,네이버,네이버,EL-01,35,39,546234
2026-03-29,네이버,네이버,KN-01,44,49,916594
2026-03-29,네이버,네이버,WR-02,15,19,176814
2026-03-29,네이버,네이버,WR-01,27,29,351654
2026-03-29,네이버,네이버,KN-02,25,28,918568
2026-03-29,네이버,네이버,IN-02,13,15,167790
2026-03-29,쿠팡,올투게더나우,WR-01,6,6,69660
2026-03-29,쿠팡,올투게더나우,IN-02,5,5,53550
2026-03-29,쿠팡,올투게더나우,IN-01,3,3,45630
2026-03-29,쿠팡,올투게더나우,WR-02,5,5,44550
2026-03-29,쿠팡,올투게더나우,KN-01,1,1,17910
2026-03-29,쿠팡,올투게더나우,BK-01,3,3,80730
2026-03-29,쿠팡,올투게더나우,EL-01,2,2,26820
2026-03-29,쿠팡,휴책,KN-01,25,30,537300
2026-03-29,쿠팡,휴책,IN-01,6,6,91260
2026-03-29,쿠팡,휴책,BK-01,14,17,457470
2026-03-29,쿠팡,휴책,WR-01,10,10,116100
2026-03-29,쿠팡,휴책,WR-02,15,17,151470
2026-03-29,쿠팡,휴책,KN-02,24,27,848070
2026-03-29,쿠팡,휴책,IN-02,5,5,53550
2026-03-29,쿠팡,휴책,EL-01,6,7,93870
2026-03-29,쿠팡,유큐어,KN-01,8,8,143280
2026-03-29,쿠팡,유큐어,EL-01,9,9,120690
2026-03-29,쿠팡,유큐어,IN-01,9,10,152100
2026-03-29,쿠팡,유큐어,WR-01,5,5,58050
2026-03-29,쿠팡,유큐어,WR-02,11,16,142560
2026-03-29,쿠팡,유큐어,IN-02,3,3,32130
2026-03-29,쿠팡,유큐어,BK-01,6,6,161460
2026-03-29,쿠팡,유큐어,KN-02,5,6,188460
2026-03-29,기타,기타사이트,IN-02,3,3,34629
2026-03-29,기타,기타사이트,BK-01,4,4,116012
2026-03-29,기타,기타사이트,KN-01,4,4,77212
2026-03-29,기타,기타사이트,IN-01,5,5,81965
2026-03-29,기타,기타사이트,WR-02,4,4,38412
2026-03-29,기타,기타사이트,WR-01,7,8,100104
2026-03-29,기타,기타사이트,KN-02,3,3,101559
2026-03-29,기타,기타사이트,EL-01,1,1,14453
2026-03-30,네이버,네이버,IN-01,32,36,571896
2026-03-30,네이버,네이버,WR-02,22,26,241956
2026-03-30,네이버,네이버,WR-01,30,33,400158
2026-03-30,네이버,네이버,EL-01,43,50,700300
2026-03-30,네이버,네이버,BK-01,37,38,1068028
2026-03-30,네이버,네이버,KN-01,59,65,1215890
2026-03-30,네이버,네이버,IN-02,14,16,178976
2026-03-30,네이버,네이버,KN-02,33,37,1213822
2026-03-30,쿠팡,올투게더나우,WR-01,11,12,139320
2026-03-30,쿠팡,올투게더나우,WR-02,4,4,35640
2026-03-30,쿠팡,올투게더나우,IN-01,4,4,60840
2026-03-30,쿠팡,올투게더나우,IN-02,2,2,21420
2026-03-30,쿠팡,올투게더나우,BK-01,4,4,107640
2026-03-30,쿠팡,올투게더나우,KN-02,6,6,188460
2026-03-30,쿠팡,올투게더나우,KN-01,9,9,161190
2026-03-30,쿠팡,올투게더나우,EL-01,3,4,53640
2026-03-30,쿠팡,휴책,KN-01,28,32,573120
2026-03-30,쿠팡,휴책,WR-01,13,15,174150
2026-03-30,쿠팡,휴책,BK-01,32,36,968760
2026-03-30,쿠팡,휴책,IN-02,13,14,149940
2026-03-30,쿠팡,휴책,KN-02,27,35,1099350
2026-03-30,쿠팡,휴책,WR-02,8,9,80190
2026-03-30,쿠팡,휴책,IN-01,8,10,152100
2026-03-30,쿠팡,휴책,EL-01,5,7,93870
2026-03-30,쿠팡,유큐어,WR-02,16,17,151470
2026-03-30,쿠팡,유큐어,KN-02,4,4,125640
2026-03-30,쿠팡,유큐어,IN-02,6,6,64260
2026-03-30,쿠팡,유큐어,IN-01,11,13,197730
2026-03-30,쿠팡,유큐어,EL-01,10,12,160920
2026-03-30,쿠팡,유큐어,BK-01,5,5,134550
2026-03-30,쿠팡,유큐어,KN-01,5,6,107460
2026-03-30,쿠팡,유큐어,WR-01,11,12,139320
2026-03-30,기타,기타사이트,BK-01,6,6,174018
2026-03-30,기타,기타사이트,KN-02,6,7,236971
2026-03-30,기타,기타사이트,IN-02,5,7,80801
2026-03-30,기타,기타사이트,WR-01,4,5,62565
2026-03-30,기타,기타사이트,KN-01,7,7,135121
2026-03-30,기타,기타사이트,IN-01,6,6,98358
2026-03-30,기타,기타사이트,EL-01,1,1,14453
2026-03-30,기타,기타사이트,WR-02,2,2,19206
2026-03-31,네이버,네이버,KN-02,28,32,1049792
2026-03-31,네이버,네이버,IN-02,19,20,223720
2026-03-31,네이버,네이버,KN-01,51,57,1066242
2026-03-31,네이버,네이버,EL-01,43,47,658282
2026-03-31,네이버,네이버,BK-01,30,32,899392
2026-03-31,네이버,네이버,WR-02,22,29,269874
2026-03-31,네이버,네이버,WR-01,28,30,363780
2026-03-31,네이버,네이버,IN-01,37,40,635440
2026-03-31,쿠팡,올투게더나우,WR-02,2,2,17820
2026-03-31,쿠팡,올투게더나우,BK-01,5,7,188370
2026-03-31,쿠팡,올투게더나우,IN-02,8,8,85680
2026-03-31,쿠팡,올투게더나우,IN-01,5,6,91260
2026-03-31,쿠팡,올투게더나우,WR-01,12,13,150930
2026-03-31,쿠팡,올투게더나우,KN-01,4,4,71640
2026-03-31,쿠팡,올투게더나우,KN-02,3,4,125640
2026-03-31,쿠팡,올투게더나우,EL-01,2,2,26820
2026-03-31,쿠팡,휴책,KN-02,19,23,722430
2026-03-31,쿠팡,휴책,BK-01,20,21,565110
2026-03-31,쿠팡,휴책,WR-01,9,10,116100
2026-03-31,쿠팡,휴책,IN-01,9,9,136890
2026-03-31,쿠팡,휴책,IN-02,8,10,107100
2026-03-31,쿠팡,휴책,KN-01,34,41,734310
2026-03-31,쿠팡,휴책,EL-01,9,10,134100
2026-03-31,쿠팡,휴책,WR-02,13,15,133650
2026-03-31,쿠팡,유큐어,EL-01,10,10,134100
2026-03-31,쿠팡,유큐어,WR-02,9,11,98010
2026-03-31,쿠팡,유큐어,BK-01,6,7,188370
2026-03-31,쿠팡,유큐어,IN-02,10,10,107100
2026-03-31,쿠팡,유큐어,KN-01,6,6,107460
2026-03-31,쿠팡,유큐어,WR-01,8,8,92880
2026-03-31,쿠팡,유큐어,IN-01,7,7,106470
2026-03-31,쿠팡,유큐어,KN-02,1,1,31410
2026-03-31,기타,기타사이트,KN-02,7,8,270824
2026-03-31,기타,기타사이트,BK-01,5,5,145015
2026-03-31,기타,기타사이트,WR-01,4,4,50052
2026-03-31,기타,기타사이트,EL-01,3,4,57812
2026-03-31,기타,기타사이트,IN-02,6,8,92344
2026-03-31,기타,기타사이트,IN-01,11,12,196716
2026-03-31,기타,기타사이트,KN-01,7,7,135121
2026-03-31,기타,기타사이트,WR-02,1,2,19206
2026-04-01,네이버,네이버,IN-01,39,45,714870
2026-04-01,네이버,네이버,KN-01,55,59,1103654
2026-04-01,네이버,네이버,BK-01,28,34,955604
2026-04-01,네이버,네이버,IN-02,14,18,201348
2026-04-01,네이버,네이버,KN-02,22,25,820150
2026-04-01,네이버,네이버,WR-01,37,41,497166
2026-04-01,네이버,네이버,EL-01,41,43,602258
2026-04-01,네이버,네이버,WR-02,9,10,93060
2026-04-01,쿠팡,올투게더나우,IN-01,6,7,106470
2026-04-01,쿠팡,올투게더나우,IN-02,6,6,64260
2026-04-01,쿠팡,올투게더나우,KN-01,8,8,143280
2026-04-01,쿠팡,올투게더나우,EL-01,5,8,107280
2026-04-01,쿠팡,올투게더나우,WR-01,8,9,104490
2026-04-01,쿠팡,올투게더나우,KN-02,3,3,94230
2026-04-01,쿠팡,올투게더나우,WR-02,7,8,71280
2026-04-01,쿠팡,올투게더나우,BK-01,1,1,26910
2026-04-01,쿠팡,휴책,KN-01,19,21,376110
2026-04-01,쿠팡,휴책,IN-02,6,7,74970
2026-04-01,쿠팡,휴책,KN-02,23,26,816660
2026-04-01,쿠팡,휴책,IN-01,12,16,243360
2026-04-01,쿠팡,휴책,BK-01,11,12,322920
2026-04-01,쿠팡,휴책,EL-01,9,12,160920
2026-04-01,쿠팡,휴책,WR-02,8,10,89100
2026-04-01,쿠팡,휴책,WR-01,4,5,58050
2026-04-01,쿠팡,유큐어,IN-01,9,9,136890
2026-04-01,쿠팡,유큐어,WR-02,15,18,160380
2026-04-01,쿠팡,유큐어,EL-01,13,15,201150
2026-04-01,쿠팡,유큐어,KN-01,6,7,125370
2026-04-01,쿠팡,유큐어,WR-01,6,6,69660
2026-04-01,쿠팡,유큐어,KN-02,7,8,251280
2026-04-01,쿠팡,유큐어,IN-02,8,9,96390
2026-04-01,쿠팡,유큐어,BK-01,3,4,107640
2026-04-01,기타,기타사이트,KN-01,7,7,135121
2026-04-01,기타,기타사이트,WR-01,4,5,62565
2026-04-01,기타,기타사이트,EL-01,4,4,57812
2026-04-01,기타,기타사이트,BK-01,9,11,319033
2026-04-01,기타,기타사이트,IN-02,3,4,46172
2026-04-01,기타,기타사이트,WR-02,6,6,57618
2026-04-01,기타,기타사이트,KN-02,5,6,203118
2026-04-01,기타,기타사이트,IN-01,3,3,49179
2026-04-02,네이버,네이버,KN-02,44,50,1640300
2026-04-02,네이버,네이버,EL-01,36,39,546234
2026-04-02,네이버,네이버,WR-01,40,45,545670
2026-04-02,네이버,네이버,IN-01,35,43,683098
2026-04-02,네이버,네이버,WR-02,26,28,260568
2026-04-02,네이버,네이버,IN-02,15,16,178976
2026-04-02,네이버,네이버,KN-01,57,66,1234596
2026-04-02,네이버,네이버,BK-01,44,47,1320982
2026-04-02,쿠팡,올투게더나우,WR-02,6,6,53460
2026-04-02,쿠팡,올투게더나우,KN-01,8,11,197010
2026-04-02,쿠팡,올투게더나우,WR-01,11,12,139320
2026-04-02,쿠팡,올투게더나우,IN-02,5,5,53550
2026-04-02,쿠팡,올투게더나우,BK-01,2,3,80730
2026-04-02,쿠팡,올투게더나우,KN-02,5,6,188460
2026-04-02,쿠팡,올투게더나우,EL-01,1,1,13410
2026-04-02,쿠팡,휴책,IN-02,14,15,160650
2026-04-02,쿠팡,휴책,KN-01,29,33,591030
2026-04-02,쿠팡,휴책,KN-02,27,29,910890
2026-04-02,쿠팡,휴책,EL-01,15,16,214560
2026-04-02,쿠팡,휴책,WR-02,10,12,106920
2026-04-02,쿠팡,휴책,IN-01,5,6,91260
2026-04-02,쿠팡,휴책,BK-01,26,29,780390
2026-04-02,쿠팡,휴책,WR-01,9,9,104490
2026-04-02,쿠팡,유큐어,IN-02,17,18,192780
2026-04-02,쿠팡,유큐어,KN-02,7,8,251280
2026-04-02,쿠팡,유큐어,EL-01,16,18,241380
2026-04-02,쿠팡,유큐어,WR-02,17,19,169290
2026-04-02,쿠팡,유큐어,KN-01,9,10,179100
2026-04-02,쿠팡,유큐어,WR-01,10,11,127710
2026-04-02,쿠팡,유큐어,IN-01,9,9,136890
2026-04-02,쿠팡,유큐어,BK-01,4,4,107640
2026-04-02,기타,기타사이트,IN-01,12,14,229502
2026-04-02,기타,기타사이트,KN-02,7,8,270824
2026-04-02,기타,기타사이트,WR-02,3,3,28809
2026-04-02,기타,기타사이트,KN-01,3,3,57909
2026-04-02,기타,기타사이트,BK-01,8,8,232024
2026-04-02,기타,기타사이트,EL-01,3,3,43359
2026-04-02,기타,기타사이트,IN-02,4,4,46172
2026-04-02,기타,기타사이트,WR-01,1,1,12513
2026-04-03,네이버,네이버,IN-01,54,63,1000818
2026-04-03,네이버,네이버,WR-02,14,17,158202
2026-04-03,네이버,네이버,KN-02,41,46,1509076
2026-04-03,네이버,네이버,WR-01,39,43,521418
2026-04-03,네이버,네이버,BK-01,38,41,1152346
2026-04-03,네이버,네이버,IN-02,27,28,313208
2026-04-03,네이버,네이버,EL-01,43,46,644276
2026-04-03,네이버,네이버,KN-01,71,75,1402950
2026-04-03,쿠팡,올투게더나우,WR-01,14,14,162540
2026-04-03,쿠팡,올투게더나우,KN-02,4,6,188460
2026-04-03,쿠팡,올투게더나우,WR-02,10,11,98010
2026-04-03,쿠팡,올투게더나우,BK-01,8,9,242190
2026-04-03,쿠팡,올투게더나우,EL-01,4,5,67050
2026-04-03,쿠팡,올투게더나우,IN-01,2,3,45630
2026-04-03,쿠팡,올투게더나우,KN-01,6,6,107460
2026-04-03,쿠팡,올투게더나우,IN-02,3,3,32130
2026-04-03,쿠팡,휴책,WR-02,9,11,98010
2026-04-03,쿠팡,휴책,IN-01,9,9,136890
2026-04-03,쿠팡,휴책,KN-01,17,20,358200
2026-04-03,쿠팡,휴책,KN-02,17,18,565380
2026-04-03,쿠팡,휴책,BK-01,8,9,242190
2026-04-03,쿠팡,휴책,IN-02,9,10,107100
2026-04-03,쿠팡,휴책,WR-01,5,6,69660
2026-04-03,쿠팡,휴책,EL-01,7,9,120690
2026-04-03,쿠팡,유큐어,IN-02,11,11,117810
2026-04-03,쿠팡,유큐어,WR-02,16,17,151470
2026-04-03,쿠팡,유큐어,EL-01,14,17,227970
2026-04-03,쿠팡,유큐어,WR-01,9,9,104490
2026-04-03,쿠팡,유큐어,IN-01,6,6,91260
2026-04-03,쿠팡,유큐어,BK-01,5,6,161460
2026-04-03,쿠팡,유큐어,KN-01,3,3,53730
2026-04-03,쿠팡,유큐어,KN-02,6,9,282690
2026-04-03,기타,기타사이트,KN-01,6,6,115818
2026-04-03,기타,기타사이트,KN-02,4,4,135412
2026-04-03,기타,기타사이트,BK-01,5,6,174018
2026-04-03,기타,기타사이트,WR-02,2,2,19206
2026-04-03,기타,기타사이트,WR-01,1,1,12513
2026-04-03,기타,기타사이트,IN-02,2,2,23086
2026-04-03,기타,기타사이트,IN-01,5,7,114751
2026-04-03,기타,기타사이트,EL-01,2,2,28906
2026-04-04,네이버,네이버,WR-01,24,28,339528
2026-04-04,네이버,네이버,IN-02,15,17,190162
2026-04-04,네이버,네이버,KN-01,51,60,1122360
2026-04-04,네이버,네이버,EL-01,27,27,378162
2026-04-04,네이버,네이버,IN-01,34,37,587782
2026-04-04,네이버,네이버,KN-02,32,33,1082598
2026-04-04,네이버,네이버,BK-01,30,37,1039922
2026-04-04,네이버,네이버,WR-02,14,17,158202
2026-04-04,쿠팡,올투게더나우,WR-02,2,2,17820
2026-04-04,쿠팡,올투게더나우,KN-01,9,9,161190
2026-04-04,쿠팡,올투게더나우,IN-01,1,2,30420
2026-04-04,쿠팡,올투게더나우,WR-01,7,7,81270
2026-04-04,쿠팡,올투게더나우,EL-01,2,2,26820
2026-04-04,쿠팡,올투게더나우,BK-01,1,1,26910
2026-04-04,쿠팡,휴책,KN-01,24,25,447750
2026-04-04,쿠팡,휴책,BK-01,12,17,457470
2026-04-04,쿠팡,휴책,KN-02,18,18,565380
2026-04-04,쿠팡,휴책,WR-02,4,5,44550
2026-04-04,쿠팡,휴책,IN-02,8,9,96390
2026-04-04,쿠팡,휴책,WR-01,7,10,116100
2026-04-04,쿠팡,휴책,EL-01,10,11,147510
2026-04-04,쿠팡,휴책,IN-01,7,8,121680
2026-04-04,쿠팡,유큐어,IN-01,5,5,76050
2026-04-04,쿠팡,유큐어,EL-01,12,14,187740
2026-04-04,쿠팡,유큐어,BK-01,4,5,134550
2026-04-04,쿠팡,유큐어,IN-02,10,11,117810
2026-04-04,쿠팡,유큐어,WR-02,13,13,115830
2026-04-04,쿠팡,유큐어,WR-01,11,14,162540
2026-04-04,쿠팡,유큐어,KN-02,4,4,125640
2026-04-04,기타,기타사이트,IN-02,3,3,34629
2026-04-04,기타,기타사이트,BK-01,4,4,116012
2026-04-04,기타,기타사이트,IN-01,9,9,147537
2026-04-04,기타,기타사이트,KN-02,5,5,169265
2026-04-04,기타,기타사이트,KN-01,2,2,38606
2026-04-04,기타,기타사이트,WR-01,2,3,37539
2026-04-04,기타,기타사이트,EL-01,2,2,28906
2026-04-04,기타,기타사이트,WR-02,1,1,9603
2026-04-05,네이버,네이버,KN-01,29,33,617298
2026-04-05,네이버,네이버,IN-01,27,31,492466
2026-04-05,네이버,네이버,EL-01,20,22,308132
2026-04-05,네이버,네이버,IN-02,8,10,111860
2026-04-05,네이버,네이버,KN-02,22,24,787344
2026-04-05,네이버,네이버,BK-01,25,29,815074
2026-04-05,네이버,네이버,WR-02,14,17,158202
2026-04-05,네이버,네이버,WR-01,16,18,218268
2026-04-05,쿠팡,올투게더나우,WR-02,8,9,80190
2026-04-05,쿠팡,올투게더나우,WR-01,11,11,127710
2026-04-05,쿠팡,올투게더나우,KN-01,8,9,161190
2026-04-05,쿠팡,올투게더나우,IN-01,3,4,60840
2026-04-05,쿠팡,올투게더나우,EL-01,5,6,80460
2026-04-05,쿠팡,올투게더나우,KN-02,2,2,62820
2026-04-05,쿠팡,휴책,KN-02,21,25,785250
2026-04-05,쿠팡,휴책,IN-01,7,8,121680
2026-04-05,쿠팡,휴책,KN-01,22,26,465660
2026-04-05,쿠팡,휴책,WR-02,10,12,106920
2026-04-05,쿠팡,휴책,BK-01,11,11,296010
2026-04-05,쿠팡,휴책,WR-01,6,6,69660
2026-04-05,쿠팡,휴책,IN-02,5,5,53550
2026-04-05,쿠팡,휴책,EL-01,6,6,80460
2026-04-05,쿠팡,유큐어,IN-01,10,11,167310
2026-04-05,쿠팡,유큐어,WR-01,8,10,116100
2026-04-05,쿠팡,유큐어,EL-01,6,8,107280
2026-04-05,쿠팡,유큐어,IN-02,5,6,64260
2026-04-05,쿠팡,유큐어,WR-02,10,11,98010
2026-04-05,쿠팡,유큐어,KN-01,2,2,35820
2026-04-05,쿠팡,유큐어,KN-02,3,3,94230
2026-04-05,쿠팡,유큐어,BK-01,3,3,80730
2026-04-05,기타,기타사이트,KN-02,7,10,338530
2026-04-05,기타,기타사이트,IN-02,3,3,34629
2026-04-05,기타,기타사이트,BK-01,5,6,174018
2026-04-05,기타,기타사이트,WR-01,2,2,25026
2026-04-05,기타,기타사이트,KN-01,3,3,57909
2026-04-05,기타,기타사이트,IN-01,7,7,114751
2026-04-05,기타,기타사이트,WR-02,4,4,38412
2026-04-05,기타,기타사이트,EL-01,1,1,14453
2026-04-06,네이버,네이버,KN-01,62,68,1272008
2026-04-06,네이버,네이버,EL-01,36,42,588252
2026-04-06,네이버,네이버,WR-01,38,43,521418
2026-04-06,네이버,네이버,KN-02,47,56,1837136
2026-04-06,네이버,네이버,IN-01,51,58,921388
2026-04-06,네이버,네이버,IN-02,24,26,290836
2026-04-06,네이버,네이버,BK-01,42,49,1377194
2026-04-06,네이버,네이버,WR-02,19,22,204732
2026-04-06,쿠팡,올투게더나우,WR-02,8,9,80190
2026-04-06,쿠팡,올투게더나우,IN-02,1,1,10710
2026-04-06,쿠팡,올투게더나우,KN-01,11,12,214920
2026-04-06,쿠팡,올투게더나우,KN-02,3,4,125640
2026-04-06,쿠팡,올투게더나우,WR-01,5,6,69660
2026-04-06,쿠팡,올투게더나우,BK-01,1,1,26910
2026-04-06,쿠팡,올투게더나우,IN-01,4,4,60840
2026-04-06,쿠팡,올투게더나우,EL-01,3,4,53640
2026-04-06,쿠팡,휴책,BK-01,7,9,242190
2026-04-06,쿠팡,휴책,KN-02,26,27,848070
2026-04-06,쿠팡,휴책,IN-01,5,5,76050
2026-04-06,쿠팡,휴책,IN-02,10,11,117810
2026-04-06,쿠팡,휴책,KN-01,22,27,483570
2026-04-06,쿠팡,휴책,EL-01,6,6,80460
2026-04-06,쿠팡,휴책,WR-02,9,9,80190
2026-04-06,쿠팡,휴책,WR-01,7,8,92880
2026-04-06,쿠팡,유큐어,WR-02,16,17,151470
2026-04-06,쿠팡,유큐어,WR-01,13,16,185760
2026-04-06,쿠팡,유큐어,IN-01,14,16,243360
2026-04-06,쿠팡,유큐어,IN-02,14,16,171360
2026-04-06,쿠팡,유큐어,KN-02,3,4,125640
2026-04-06,쿠팡,유큐어,BK-01,4,4,107640
2026-04-06,쿠팡,유큐어,EL-01,7,7,93870
2026-04-06,쿠팡,유큐어,KN-01,1,2,35820
2026-04-06,기타,기타사이트,KN-01,9,11,212333
2026-04-06,기타,기타사이트,WR-02,4,5,48015
2026-04-06,기타,기타사이트,KN-02,5,5,169265
2026-04-06,기타,기타사이트,IN-01,3,3,49179
2026-04-06,기타,기타사이트,EL-01,3,4,57812
2026-04-06,기타,기타사이트,IN-02,3,3,34629
2026-04-06,기타,기타사이트,BK-01,6,6,174018
2026-04-06,기타,기타사이트,WR-01,2,2,25026
2026-04-07,네이버,네이버,IN-02,24,28,313208
2026-04-07,네이버,네이버,KN-02,30,32,1049792
2026-04-07,네이버,네이버,BK-01,27,31,871286
2026-04-07,네이버,네이버,WR-01,27,28,339528
2026-04-07,네이버,네이버,IN-01,20,21,333606
2026-04-07,네이버,네이버,KN-01,43,47,879182
2026-04-07,네이버,네이버,EL-01,32,36,504216
2026-04-07,네이버,네이버,WR-02,12,12,111672
2026-04-07,쿠팡,올투게더나우,WR-01,7,8,92880
2026-04-07,쿠팡,올투게더나우,WR-02,6,7,62370
2026-04-07,쿠팡,올투게더나우,IN-01,5,5,76050
2026-04-07,쿠팡,올투게더나우,EL-01,2,2,26820
2026-04-07,쿠팡,올투게더나우,KN-01,6,6,107460
2026-04-07,쿠팡,올투게더나우,IN-02,2,3,32130
2026-04-07,쿠팡,올투게더나우,KN-02,1,2,62820
2026-04-07,쿠팡,휴책,KN-01,37,43,770130
2026-04-07,쿠팡,휴책,IN-02,13,15,160650
2026-04-07,쿠팡,휴책,WR-01,6,7,81270
2026-04-07,쿠팡,휴책,KN-02,36,39,1224990
2026-04-07,쿠팡,휴책,WR-02,10,12,106920
2026-04-07,쿠팡,휴책,IN-01,11,13,197730
2026-04-07,쿠팡,휴책,BK-01,20,22,592020
2026-04-07,쿠팡,휴책,EL-01,12,15,201150
2026-04-07,쿠팡,유큐어,EL-01,12,12,160920
2026-04-07,쿠팡,유큐어,KN-01,8,9,161190
2026-04-07,쿠팡,유큐어,IN-01,10,13,197730
2026-04-07,쿠팡,유큐어,IN-02,11,13,139230
2026-04-07,쿠팡,유큐어,WR-02,26,31,276210
2026-04-07,쿠팡,유큐어,BK-01,5,5,134550
2026-04-07,쿠팡,유큐어,WR-01,14,17,197370
2026-04-07,쿠팡,유큐어,KN-02,5,5,157050
2026-04-07,기타,기타사이트,KN-02,10,10,338530
2026-04-07,기타,기타사이트,IN-02,7,9,103887
2026-04-07,기타,기타사이트,KN-01,8,8,154424
2026-04-07,기타,기타사이트,IN-01,5,6,98358
2026-04-07,기타,기타사이트,EL-01,3,4,57812
2026-04-07,기타,기타사이트,BK-01,7,7,203021
2026-04-07,기타,기타사이트,WR-02,2,2,19206
2026-04-08,네이버,네이버,KN-01,41,46,860476
2026-04-08,네이버,네이버,KN-02,25,27,885762
2026-04-08,네이버,네이버,BK-01,30,34,955604
2026-04-08,네이버,네이버,WR-01,29,31,375906
2026-04-08,네이버,네이버,IN-01,26,28,444808
2026-04-08,네이버,네이버,EL-01,23,28,392168
2026-04-08,네이버,네이버,WR-02,11,16,148896
2026-04-08,네이버,네이버,IN-02,14,15,167790
2026-04-08,쿠팡,올투게더나우,WR-02,7,8,71280
2026-04-08,쿠팡,올투게더나우,KN-02,7,7,219870
2026-04-08,쿠팡,올투게더나우,IN-01,7,7,106470
2026-04-08,쿠팡,올투게더나우,IN-02,2,2,21420
2026-04-08,쿠팡,올투게더나우,WR-01,8,9,104490
2026-04-08,쿠팡,올투게더나우,BK-01,3,4,107640
2026-04-08,쿠팡,올투게더나우,KN-01,4,4,71640
2026-04-08,쿠팡,올투게더나우,EL-01,2,2,26820
2026-04-08,쿠팡,휴책,KN-01,18,21,376110
2026-04-08,쿠팡,휴책,IN-01,11,12,182520
2026-04-08,쿠팡,휴책,KN-02,17,19,596790
2026-04-08,쿠팡,휴책,EL-01,9,11,147510
2026-04-08,쿠팡,휴책,BK-01,15,16,430560
2026-04-08,쿠팡,휴책,WR-02,6,6,53460
2026-04-08,쿠팡,휴책,IN-02,5,5,53550
2026-04-08,쿠팡,휴책,WR-01,2,2,23220
2026-04-08,쿠팡,유큐어,BK-01,14,16,430560
2026-04-08,쿠팡,유큐어,WR-02,14,16,142560
2026-04-08,쿠팡,유큐어,EL-01,10,10,134100
2026-04-08,쿠팡,유큐어,IN-01,9,10,152100
2026-04-08,쿠팡,유큐어,KN-01,3,3,53730
2026-04-08,쿠팡,유큐어,IN-02,12,13,139230
2026-04-08,쿠팡,유큐어,KN-02,6,6,188460
2026-04-08,쿠팡,유큐어,WR-01,21,24,278640
2026-04-08,기타,기타사이트,WR-01,4,4,50052
2026-04-08,기타,기타사이트,KN-02,5,5,169265
2026-04-08,기타,기타사이트,IN-02,8,9,103887
2026-04-08,기타,기타사이트,KN-01,7,10,193030
2026-04-08,기타,기타사이트,IN-01,5,6,98358
2026-04-08,기타,기타사이트,BK-01,5,5,145015
2026-04-08,기타,기타사이트,EL-01,6,6,86718
2026-04-08,기타,기타사이트,WR-02,1,1,9603
2026-04-09,네이버,네이버,EL-01,32,38,532228
2026-04-09,네이버,네이버,KN-02,28,32,1049792
2026-04-09,네이버,네이버,IN-01,26,28,444808
2026-04-09,네이버,네이버,BK-01,23,24,674544
2026-04-09,네이버,네이버,IN-02,14,14,156604
2026-04-09,네이버,네이버,WR-02,15,15,139590
2026-04-09,네이버,네이버,WR-01,27,29,351654
2026-04-09,네이버,네이버,KN-01,44,45,841770
2026-04-09,쿠팡,올투게더나우,KN-02,4,4,125640
2026-04-09,쿠팡,올투게더나우,WR-01,10,11,127710
2026-04-09,쿠팡,올투게더나우,KN-01,4,5,89550
2026-04-09,쿠팡,올투게더나우,IN-01,3,4,60840
2026-04-09,쿠팡,올투게더나우,WR-02,8,8,71280
2026-04-09,쿠팡,올투게더나우,EL-01,5,5,67050
2026-04-09,쿠팡,올투게더나우,BK-01,4,4,107640
2026-04-09,쿠팡,휴책,BK-01,20,22,592020
2026-04-09,쿠팡,휴책,EL-01,9,10,134100
2026-04-09,쿠팡,휴책,KN-01,35,42,752220
2026-04-09,쿠팡,휴책,KN-02,32,35,1099350
2026-04-09,쿠팡,휴책,IN-01,11,11,167310
2026-04-09,쿠팡,휴책,WR-01,8,8,92880
2026-04-09,쿠팡,휴책,IN-02,13,15,160650
2026-04-09,쿠팡,휴책,WR-02,11,13,115830
2026-04-09,쿠팡,유큐어,WR-02,16,17,151470
2026-04-09,쿠팡,유큐어,IN-01,11,14,212940
2026-04-09,쿠팡,유큐어,KN-01,3,3,53730
2026-04-09,쿠팡,유큐어,EL-01,13,16,214560
2026-04-09,쿠팡,유큐어,WR-01,10,12,139320
2026-04-09,쿠팡,유큐어,BK-01,3,4,107640
2026-04-09,쿠팡,유큐어,IN-02,9,9,96390
2026-04-09,쿠팡,유큐어,KN-02,3,3,94230
2026-04-09,기타,기타사이트,BK-01,8,9,261027
2026-04-09,기타,기타사이트,IN-02,5,5,57715
2026-04-09,기타,기타사이트,KN-01,9,12,231636
2026-04-09,기타,기타사이트,WR-01,3,4,50052
2026-04-09,기타,기타사이트,KN-02,5,5,169265
2026-04-09,기타,기타사이트,EL-01,4,6,86718
2026-04-09,기타,기타사이트,IN-01,5,5,81965
2026-04-09,기타,기타사이트,WR-02,2,2,19206
2026-04-10,네이버,네이버,WR-02,14,14,130284
2026-04-10,네이버,네이버,BK-01,46,51,1433406
2026-04-10,네이버,네이버,IN-01,39,45,714870
2026-04-10,네이버,네이버,KN-02,47,50,1640300
2026-04-10,네이버,네이버,WR-01,37,41,497166
2026-04-10,네이버,네이버,KN-01,74,82,1533892
2026-04-10,네이버,네이버,EL-01,45,50,700300
2026-04-10,네이버,네이버,IN-02,28,28,313208
2026-04-10,쿠팡,올투게더나우,WR-01,12,16,185760
2026-04-10,쿠팡,올투게더나우,KN-01,7,8,143280
2026-04-10,쿠팡,올투게더나우,WR-02,6,6,53460
2026-04-10,쿠팡,올투게더나우,EL-01,3,4,53640
2026-04-10,쿠팡,올투게더나우,IN-02,9,9,96390
2026-04-10,쿠팡,올투게더나우,BK-01,3,4,107640
2026-04-10,쿠팡,올투게더나우,IN-01,4,4,60840
2026-04-10,쿠팡,올투게더나우,KN-02,4,4,125640
2026-04-10,쿠팡,휴책,IN-02,8,10,107100
2026-04-10,쿠팡,휴책,BK-01,26,30,807300
2026-04-10,쿠팡,휴책,KN-01,27,32,573120
2026-04-10,쿠팡,휴책,KN-02,32,41,1287810
2026-04-10,쿠팡,휴책,WR-02,14,15,133650
2026-04-10,쿠팡,휴책,WR-01,7,7,81270
2026-04-10,쿠팡,휴책,IN-01,9,10,152100
2026-04-10,쿠팡,휴책,EL-01,4,5,67050
2026-04-10,쿠팡,유큐어,WR-02,17,19,169290
2026-04-10,쿠팡,유큐어,IN-01,24,30,456300
2026-04-10,쿠팡,유큐어,IN-02,12,13,139230
2026-04-10,쿠팡,유큐어,KN-01,11,11,197010
2026-04-10,쿠팡,유큐어,EL-01,7,7,93870
2026-04-10,쿠팡,유큐어,KN-02,7,7,219870
2026-04-10,쿠팡,유큐어,BK-01,5,8,215280
2026-04-10,쿠팡,유큐어,WR-01,11,11,127710
2026-04-10,기타,기타사이트,KN-01,7,7,135121
2026-04-10,기타,기타사이트,EL-01,3,3,43359
2026-04-10,기타,기타사이트,WR-01,4,4,50052
2026-04-10,기타,기타사이트,WR-02,3,3,28809
2026-04-10,기타,기타사이트,IN-01,4,4,65572
2026-04-10,기타,기타사이트,IN-02,3,4,46172
2026-04-10,기타,기타사이트,KN-02,5,5,169265
2026-04-10,기타,기타사이트,BK-01,3,3,87009
2026-04-11,네이버,네이버,KN-01,39,44,823064
2026-04-11,네이버,네이버,WR-02,12,14,130284
2026-04-11,네이버,네이버,IN-01,36,41,651326
2026-04-11,네이버,네이버,BK-01,31,37,1039922
2026-04-11,네이버,네이버,EL-01,36,42,588252
2026-04-11,네이버,네이버,WR-01,25,27,327402
2026-04-11,네이버,네이버,KN-02,32,38,1246628
2026-04-11,네이버,네이버,IN-02,15,18,201348
2026-04-11,쿠팡,올투게더나우,WR-02,7,7,62370
2026-04-11,쿠팡,올투게더나우,WR-01,6,7,81270
2026-04-11,쿠팡,올투게더나우,BK-01,5,5,134550
2026-04-11,쿠팡,올투게더나우,IN-01,4,5,76050
2026-04-11,쿠팡,올투게더나우,IN-02,1,2,21420
2026-04-11,쿠팡,올투게더나우,KN-01,2,3,53730
2026-04-11,쿠팡,올투게더나우,EL-01,1,1,13410
2026-04-11,쿠팡,휴책,IN-02,5,6,64260
2026-04-11,쿠팡,휴책,BK-01,18,18,484380
2026-04-11,쿠팡,휴책,WR-01,6,6,69660
2026-04-11,쿠팡,휴책,KN-01,17,18,322380
2026-04-11,쿠팡,휴책,EL-01,9,10,134100
2026-04-11,쿠팡,휴책,IN-01,1,1,15210
2026-04-11,쿠팡,휴책,WR-02,8,9,80190
2026-04-11,쿠팡,휴책,KN-02,13,16,502560
2026-04-11,쿠팡,유큐어,EL-01,8,8,107280
2026-04-11,쿠팡,유큐어,WR-02,11,12,106920
2026-04-11,쿠팡,유큐어,BK-01,5,5,134550
2026-04-11,쿠팡,유큐어,IN-02,8,9,96390
2026-04-11,쿠팡,유큐어,IN-01,5,6,91260
2026-04-11,쿠팡,유큐어,WR-01,7,9,104490
2026-04-11,쿠팡,유큐어,KN-02,5,6,188460
2026-04-11,쿠팡,유큐어,KN-01,1,1,17910
2026-04-11,기타,기타사이트,KN-01,2,2,38606
2026-04-11,기타,기타사이트,EL-01,2,3,43359
2026-04-11,기타,기타사이트,IN-02,3,3,34629
2026-04-11,기타,기타사이트,IN-01,6,7,114751
2026-04-11,기타,기타사이트,BK-01,8,9,261027
2026-04-11,기타,기타사이트,KN-02,5,5,169265
2026-04-11,기타,기타사이트,WR-01,3,3,37539
2026-04-12,네이버,네이버,WR-01,29,33,400158
2026-04-12,네이버,네이버,IN-01,24,27,428922
2026-04-12,네이버,네이버,KN-02,22,27,885762
2026-04-12,네이버,네이버,BK-01,26,28,786968
2026-04-12,네이버,네이버,KN-01,26,30,561180
2026-04-12,네이버,네이버,EL-01,16,18,252108
2026-04-12,네이버,네이버,WR-02,12,15,139590
2026-04-12,네이버,네이버,IN-02,16,19,212534
2026-04-12,쿠팡,올투게더나우,KN-02,3,3,94230
2026-04-12,쿠팡,올투게더나우,WR-02,7,7,62370
2026-04-12,쿠팡,올투게더나우,BK-01,1,1,26910
2026-04-12,쿠팡,올투게더나우,KN-01,9,10,179100
2026-04-12,쿠팡,올투게더나우,IN-01,3,3,45630
2026-04-12,쿠팡,올투게더나우,IN-02,1,1,10710
2026-04-12,쿠팡,올투게더나우,WR-01,5,6,69660
2026-04-12,쿠팡,올투게더나우,EL-01,2,2,26820
2026-04-12,쿠팡,휴책,KN-01,19,21,376110
2026-04-12,쿠팡,휴책,BK-01,23,25,672750
2026-04-12,쿠팡,휴책,IN-01,6,9,136890
2026-04-12,쿠팡,휴책,EL-01,9,10,134100
2026-04-12,쿠팡,휴책,WR-02,12,15,133650
2026-04-12,쿠팡,휴책,IN-02,11,12,128520
2026-04-12,쿠팡,휴책,KN-02,25,30,942300
2026-04-12,쿠팡,휴책,WR-01,6,6,69660
2026-04-12,쿠팡,유큐어,WR-01,7,9,104490
2026-04-12,쿠팡,유큐어,IN-02,9,10,107100
2026-04-12,쿠팡,유큐어,BK-01,5,6,161460
2026-04-12,쿠팡,유큐어,IN-01,8,9,136890
2026-04-12,쿠팡,유큐어,KN-02,3,3,94230
2026-04-12,쿠팡,유큐어,WR-02,11,13,115830
2026-04-12,쿠팡,유큐어,KN-01,3,3,53730
2026-04-12,쿠팡,유큐어,EL-01,2,2,26820
2026-04-12,기타,기타사이트,KN-01,5,6,115818
2026-04-12,기타,기타사이트,IN-02,6,7,80801
2026-04-12,기타,기타사이트,KN-02,4,4,135412
2026-04-12,기타,기타사이트,WR-02,4,4,38412
2026-04-12,기타,기타사이트,BK-01,3,3,87009
2026-04-12,기타,기타사이트,IN-01,7,8,131144
2026-04-12,기타,기타사이트,WR-01,4,4,50052
2026-04-13,네이버,네이버,KN-02,38,46,1509076
2026-04-13,네이버,네이버,WR-01,34,37,448662
2026-04-13,네이버,네이버,BK-01,30,33,927498
2026-04-13,네이버,네이버,KN-01,42,45,841770
2026-04-13,네이버,네이버,IN-01,25,29,460694
2026-04-13,네이버,네이버,WR-02,13,14,130284
2026-04-13,네이버,네이버,EL-01,27,29,406174
2026-04-13,네이버,네이버,IN-02,19,21,234906
2026-04-13,쿠팡,올투게더나우,WR-01,10,11,127710
2026-04-13,쿠팡,올투게더나우,BK-01,7,8,215280
2026-04-13,쿠팡,올투게더나우,KN-01,6,6,107460
2026-04-13,쿠팡,올투게더나우,EL-01,2,4,53640
2026-04-13,쿠팡,올투게더나우,IN-01,6,7,106470
2026-04-13,쿠팡,올투게더나우,IN-02,1,2,21420
2026-04-13,쿠팡,올투게더나우,WR-02,4,4,35640
2026-04-13,쿠팡,휴책,IN-01,9,10,152100
2026-04-13,쿠팡,휴책,KN-01,24,30,537300
2026-04-13,쿠팡,휴책,BK-01,20,22,592020
2026-04-13,쿠팡,휴책,WR-02,6,7,62370
2026-04-13,쿠팡,휴책,KN-02,25,25,785250
2026-04-13,쿠팡,휴책,WR-01,4,4,46440
2026-04-13,쿠팡,휴책,EL-01,10,12,160920
2026-04-13,쿠팡,휴책,IN-02,9,10,107100
2026-04-13,쿠팡,유큐어,IN-01,16,16,243360
2026-04-13,쿠팡,유큐어,EL-01,11,11,147510
2026-04-13,쿠팡,유큐어,WR-01,15,16,185760
2026-04-13,쿠팡,유큐어,KN-02,6,8,251280
2026-04-13,쿠팡,유큐어,BK-01,4,5,134550
2026-04-13,쿠팡,유큐어,WR-02,21,25,222750
2026-04-13,쿠팡,유큐어,KN-01,8,9,161190
2026-04-13,쿠팡,유큐어,IN-02,16,19,203490
2026-04-13,기타,기타사이트,WR-02,2,2,19206
2026-04-13,기타,기타사이트,BK-01,3,3,87009
2026-04-13,기타,기타사이트,IN-01,8,11,180323
2026-04-13,기타,기타사이트,WR-01,4,5,62565
2026-04-13,기타,기타사이트,KN-02,9,10,338530
2026-04-13,기타,기타사이트,IN-02,4,5,57715
2026-04-13,기타,기타사이트,EL-01,1,1,14453
2026-04-13,기타,기타사이트,KN-01,2,2,38606
2026-04-14,네이버,네이버,EL-01,36,42,588252
2026-04-14,네이버,네이버,WR-02,20,20,186120
2026-04-14,네이버,네이버,BK-01,36,40,1124240
2026-04-14,네이버,네이버,WR-01,37,38,460788
2026-04-14,네이버,네이버,KN-01,61,65,1215890
2026-04-14,네이버,네이버,KN-02,36,39,1279434
2026-04-14,네이버,네이버,IN-01,35,39,619554
2026-04-14,네이버,네이버,IN-02,12,13,145418
2026-04-14,쿠팡,올투게더나우,WR-01,8,10,116100
2026-04-14,쿠팡,올투게더나우,IN-02,4,4,42840
2026-04-14,쿠팡,올투게더나우,IN-01,2,3,45630
2026-04-14,쿠팡,올투게더나우,BK-01,2,2,53820
2026-04-14,쿠팡,올투게더나우,KN-01,7,8,143280
2026-04-14,쿠팡,올투게더나우,KN-02,2,2,62820
2026-04-14,쿠팡,올투게더나우,EL-01,4,4,53640
2026-04-14,쿠팡,올투게더나우,WR-02,3,3,26730
2026-04-14,쿠팡,휴책,KN-02,24,26,816660
2026-04-14,쿠팡,휴책,WR-01,12,13,150930
2026-04-14,쿠팡,휴책,KN-01,22,23,411930
2026-04-14,쿠팡,휴책,BK-01,15,17,457470
2026-04-14,쿠팡,휴책,IN-02,4,4,42840
2026-04-14,쿠팡,휴책,IN-01,7,10,152100
2026-04-14,쿠팡,휴책,EL-01,10,10,134100
2026-04-14,쿠팡,휴책,WR-02,9,10,89100
2026-04-14,쿠팡,유큐어,BK-01,2,2,53820
2026-04-14,쿠팡,유큐어,WR-02,15,17,151470
2026-04-14,쿠팡,유큐어,EL-01,15,16,214560
2026-04-14,쿠팡,유큐어,WR-01,12,16,185760
2026-04-14,쿠팡,유큐어,IN-01,11,12,182520
2026-04-14,쿠팡,유큐어,KN-01,2,2,35820
2026-04-14,쿠팡,유큐어,IN-02,16,18,192780
2026-04-14,쿠팡,유큐어,KN-02,7,7,219870
2026-04-14,기타,기타사이트,EL-01,3,3,43359
2026-04-14,기타,기타사이트,IN-01,8,8,131144
2026-04-14,기타,기타사이트,WR-02,2,2,19206
2026-04-14,기타,기타사이트,BK-01,7,7,203021
2026-04-14,기타,기타사이트,KN-01,6,6,115818
2026-04-14,기타,기타사이트,KN-02,10,11,372383
2026-04-14,기타,기타사이트,WR-01,3,3,37539
2026-04-14,기타,기타사이트,IN-02,1,1,11543
2026-04-15,네이버,네이버,EL-01,31,36,504216
2026-04-15,네이버,네이버,KN-01,40,47,879182
2026-04-15,네이버,네이버,WR-02,18,18,167508
2026-04-15,네이버,네이버,IN-01,40,42,667212
2026-04-15,네이버,네이버,KN-02,27,29,951374
2026-04-15,네이버,네이버,BK-01,35,37,1039922
2026-04-15,네이버,네이버,WR-01,37,41,497166
2026-04-15,네이버,네이버,IN-02,5,5,55930
2026-04-15,쿠팡,올투게더나우,WR-02,4,4,35640
2026-04-15,쿠팡,올투게더나우,KN-02,2,2,62820
2026-04-15,쿠팡,올투게더나우,BK-01,6,7,188370
2026-04-15,쿠팡,올투게더나우,WR-01,10,13,150930
2026-04-15,쿠팡,올투게더나우,IN-02,1,2,21420
2026-04-15,쿠팡,올투게더나우,KN-01,6,8,143280
2026-04-15,쿠팡,올투게더나우,EL-01,3,3,40230
2026-04-15,쿠팡,휴책,KN-02,24,24,753840
2026-04-15,쿠팡,휴책,WR-01,11,12,139320
2026-04-15,쿠팡,휴책,KN-01,31,36,644760
2026-04-15,쿠팡,휴책,EL-01,5,7,93870
2026-04-15,쿠팡,휴책,BK-01,13,14,376740
2026-04-15,쿠팡,휴책,WR-02,11,12,106920
2026-04-15,쿠팡,휴책,IN-01,8,9,136890
2026-04-15,쿠팡,휴책,IN-02,5,5,53550
2026-04-15,쿠팡,유큐어,KN-02,6,7,219870
2026-04-15,쿠팡,유큐어,WR-02,15,17,151470
2026-04-15,쿠팡,유큐어,WR-01,16,17,197370
2026-04-15,쿠팡,유큐어,EL-01,11,12,160920
2026-04-15,쿠팡,유큐어,KN-01,7,8,143280
2026-04-15,쿠팡,유큐어,IN-01,10,10,152100
2026-04-15,쿠팡,유큐어,BK-01,5,5,134550
2026-04-15,쿠팡,유큐어,IN-02,7,7,74970
2026-04-15,기타,기타사이트,WR-02,4,4,38412
2026-04-15,기타,기타사이트,KN-02,5,5,169265
2026-04-15,기타,기타사이트,KN-01,2,3,57909
2026-04-15,기타,기타사이트,IN-01,7,9,147537
2026-04-15,기타,기타사이트,BK-01,7,8,232024
2026-04-15,기타,기타사이트,EL-01,3,3,43359
2026-04-15,기타,기타사이트,IN-02,2,2,23086
2026-04-15,기타,기타사이트,WR-01,1,1,12513
2026-04-16,네이버,네이버,WR-02,23,25,232650
2026-04-16,네이버,네이버,EL-01,36,39,546234
2026-04-16,네이버,네이버,KN-02,34,38,1246628
2026-04-16,네이버,네이버,KN-01,53,57,1066242
2026-04-16,네이버,네이버,WR-01,36,39,472914
2026-04-16,네이버,네이버,IN-01,34,42,667212
2026-04-16,네이버,네이버,BK-01,28,31,871286
2026-04-16,네이버,네이버,IN-02,14,17,190162
2026-04-16,쿠팡,올투게더나우,KN-01,5,5,89550
2026-04-16,쿠팡,올투게더나우,WR-02,4,5,44550
2026-04-16,쿠팡,올투게더나우,EL-01,4,5,67050
2026-04-16,쿠팡,올투게더나우,IN-01,3,4,60840
2026-04-16,쿠팡,올투게더나우,WR-01,6,6,69660
2026-04-16,쿠팡,올투게더나우,KN-02,4,4,125640
2026-04-16,쿠팡,올투게더나우,BK-01,3,3,80730
2026-04-16,쿠팡,올투게더나우,IN-02,3,3,32130
2026-04-16,쿠팡,휴책,KN-01,21,22,394020
2026-04-16,쿠팡,휴책,WR-02,9,10,89100
2026-04-16,쿠팡,휴책,KN-02,26,27,848070
2026-04-16,쿠팡,휴책,IN-01,5,5,76050
2026-04-16,쿠팡,휴책,BK-01,15,17,457470
2026-04-16,쿠팡,휴책,WR-01,8,8,92880
2026-04-16,쿠팡,휴책,IN-02,4,4,42840
2026-04-16,쿠팡,휴책,EL-01,6,6,80460
2026-04-16,쿠팡,유큐어,IN-02,15,17,182070
2026-04-16,쿠팡,유큐어,IN-01,9,12,182520
2026-04-16,쿠팡,유큐어,EL-01,6,7,93870
2026-04-16,쿠팡,유큐어,KN-01,9,10,179100
2026-04-16,쿠팡,유큐어,WR-01,10,11,127710
2026-04-16,쿠팡,유큐어,WR-02,26,30,267300
2026-04-16,쿠팡,유큐어,KN-02,5,5,157050
2026-04-16,쿠팡,유큐어,BK-01,3,4,107640
2026-04-16,기타,기타사이트,WR-01,2,2,25026
2026-04-16,기타,기타사이트,KN-01,6,6,115818
2026-04-16,기타,기타사이트,KN-02,3,4,135412
2026-04-16,기타,기타사이트,BK-01,10,11,319033
2026-04-16,기타,기타사이트,EL-01,1,1,14453
2026-04-16,기타,기타사이트,IN-01,10,10,163930
2026-04-16,기타,기타사이트,WR-02,1,1,9603
2026-04-16,기타,기타사이트,IN-02,2,3,34629
2026-04-17,네이버,네이버,BK-01,24,28,786968
2026-04-17,네이버,네이버,KN-02,20,24,787344
2026-04-17,네이버,네이버,WR-01,25,26,315276
2026-04-17,네이버,네이버,EL-01,30,31,434186
2026-04-17,네이버,네이버,IN-01,32,36,571896
2026-04-17,네이버,네이버,IN-02,10,12,134232
2026-04-17,네이버,네이버,KN-01,40,49,916594
2026-04-17,네이버,네이버,WR-02,17,18,167508
2026-04-17,쿠팡,올투게더나우,KN-01,12,13,232830
2026-04-17,쿠팡,올투게더나우,WR-01,14,17,197370
2026-04-17,쿠팡,올투게더나우,KN-02,6,7,219870
2026-04-17,쿠팡,올투게더나우,IN-02,4,4,42840
2026-04-17,쿠팡,올투게더나우,WR-02,2,4,35640
2026-04-17,쿠팡,올투게더나우,EL-01,1,1,13410
2026-04-17,쿠팡,올투게더나우,BK-01,3,3,80730
2026-04-17,쿠팡,올투게더나우,IN-01,4,4,60840
2026-04-17,쿠팡,휴책,WR-02,13,14,124740
2026-04-17,쿠팡,휴책,WR-01,13,13,150930
2026-04-17,쿠팡,휴책,BK-01,22,25,672750
2026-04-17,쿠팡,휴책,KN-01,25,28,501480
2026-04-17,쿠팡,휴책,IN-02,11,13,139230
2026-04-17,쿠팡,휴책,IN-01,12,13,197730
2026-04-17,쿠팡,휴책,KN-02,23,26,816660
2026-04-17,쿠팡,휴책,EL-01,4,5,67050
2026-04-17,쿠팡,유큐어,IN-02,14,16,171360
2026-04-17,쿠팡,유큐어,EL-01,11,13,174330
2026-04-17,쿠팡,유큐어,WR-02,16,16,142560
2026-04-17,쿠팡,유큐어,BK-01,5,5,134550
2026-04-17,쿠팡,유큐어,KN-02,5,6,188460
2026-04-17,쿠팡,유큐어,IN-01,9,12,182520
2026-04-17,쿠팡,유큐어,KN-01,4,6,107460
2026-04-17,쿠팡,유큐어,WR-01,6,6,69660
2026-04-17,기타,기타사이트,KN-01,10,13,250939
2026-04-17,기타,기타사이트,KN-02,5,7,236971
2026-04-17,기타,기타사이트,IN-01,5,6,98358
2026-04-17,기타,기타사이트,WR-02,2,2,19206
2026-04-17,기타,기타사이트,BK-01,4,5,145015
2026-04-17,기타,기타사이트,WR-01,3,4,50052
2026-04-17,기타,기타사이트,IN-02,1,1,11543
2026-04-18,네이버,네이버,KN-01,34,37,692122
2026-04-18,네이버,네이버,EL-01,24,27,378162
2026-04-18,네이버,네이버,IN-01,14,17,270062
2026-04-18,네이버,네이버,WR-01,33,34,412284
2026-04-18,네이버,네이버,IN-02,13,14,156604
2026-04-18,네이버,네이버,KN-02,32,37,1213822
2026-04-18,네이버,네이버,BK-01,23,24,674544
2026-04-18,네이버,네이버,WR-02,10,11,102366
2026-04-18,쿠팡,올투게더나우,KN-02,3,3,94230
2026-04-18,쿠팡,올투게더나우,EL-01,8,11,147510
2026-04-18,쿠팡,올투게더나우,IN-01,5,6,91260
2026-04-18,쿠팡,올투게더나우,BK-01,4,4,107640
2026-04-18,쿠팡,올투게더나우,KN-01,6,6,107460
2026-04-18,쿠팡,올투게더나우,WR-02,7,7,62370
2026-04-18,쿠팡,올투게더나우,WR-01,6,7,81270
2026-04-18,쿠팡,올투게더나우,IN-02,1,1,10710
2026-04-18,쿠팡,휴책,IN-01,6,6,91260
2026-04-18,쿠팡,휴책,EL-01,6,7,93870
2026-04-18,쿠팡,휴책,WR-02,7,10,89100
2026-04-18,쿠팡,휴책,KN-01,11,13,232830
2026-04-18,쿠팡,휴책,KN-02,20,22,691020
2026-04-18,쿠팡,휴책,WR-01,3,3,34830
2026-04-18,쿠팡,휴책,BK-01,8,8,215280
2026-04-18,쿠팡,휴책,IN-02,3,3,32130
2026-04-18,쿠팡,유큐어,WR-01,8,9,104490
2026-04-18,쿠팡,유큐어,EL-01,6,8,107280
2026-04-18,쿠팡,유큐어,BK-01,3,3,80730
2026-04-18,쿠팡,유큐어,KN-01,4,5,89550
2026-04-18,쿠팡,유큐어,IN-01,5,5,76050
2026-04-18,쿠팡,유큐어,IN-02,6,7,74970
2026-04-18,쿠팡,유큐어,WR-02,7,8,71280
2026-04-18,쿠팡,유큐어,KN-02,1,1,31410
2026-04-18,기타,기타사이트,KN-02,5,6,203118
2026-04-18,기타,기타사이트,IN-02,2,2,23086
2026-04-18,기타,기타사이트,KN-01,2,2,38606
2026-04-18,기타,기타사이트,EL-01,3,3,43359
2026-04-18,기타,기타사이트,IN-01,3,3,49179
2026-04-18,기타,기타사이트,WR-02,4,4,38412
2026-04-18,기타,기타사이트,BK-01,5,6,174018
2026-04-18,기타,기타사이트,WR-01,2,2,25026
2026-04-19,네이버,네이버,BK-01,22,22,618332
2026-04-19,네이버,네이버,WR-01,32,35,424410
2026-04-19,네이버,네이버,IN-02,15,16,178976
2026-04-19,네이버,네이버,KN-02,25,28,918568
2026-04-19,네이버,네이버,KN-01,35,37,692122
2026-04-19,네이버,네이버,WR-02,8,9,83754
2026-04-19,네이버,네이버,IN-01,22,25,397150
2026-04-19,네이버,네이버,EL-01,24,25,350150
2026-04-19,쿠팡,올투게더나우,WR-01,5,5,58050
2026-04-19,쿠팡,올투게더나우,IN-01,5,5,76050
2026-04-19,쿠팡,올투게더나우,WR-02,2,3,26730
2026-04-19,쿠팡,올투게더나우,KN-01,3,4,71640
2026-04-19,쿠팡,올투게더나우,KN-02,4,5,157050
2026-04-19,쿠팡,올투게더나우,BK-01,2,2,53820
2026-04-19,쿠팡,올투게더나우,IN-02,1,1,10710
2026-04-19,쿠팡,휴책,KN-02,26,31,973710
2026-04-19,쿠팡,휴책,KN-01,37,44,788040
2026-04-19,쿠팡,휴책,BK-01,10,11,296010
2026-04-19,쿠팡,휴책,WR-01,8,8,92880
2026-04-19,쿠팡,휴책,WR-02,10,10,89100
2026-04-19,쿠팡,휴책,IN-02,7,7,74970
2026-04-19,쿠팡,휴책,IN-01,6,7,106470
2026-04-19,쿠팡,휴책,EL-01,6,7,93870
2026-04-19,쿠팡,유큐어,EL-01,4,6,80460
2026-04-19,쿠팡,유큐어,KN-02,7,9,282690
2026-04-19,쿠팡,유큐어,WR-02,13,14,124740
2026-04-19,쿠팡,유큐어,IN-02,12,15,160650
2026-04-19,쿠팡,유큐어,KN-01,5,6,107460
2026-04-19,쿠팡,유큐어,BK-01,5,8,215280
2026-04-19,쿠팡,유큐어,WR-01,4,5,58050
2026-04-19,쿠팡,유큐어,IN-01,8,10,152100
2026-04-19,기타,기타사이트,EL-01,5,6,86718
2026-04-19,기타,기타사이트,KN-02,5,6,203118
2026-04-19,기타,기타사이트,BK-01,6,6,174018
2026-04-19,기타,기타사이트,WR-02,2,2,19206
2026-04-19,기타,기타사이트,KN-01,5,6,115818
2026-04-19,기타,기타사이트,WR-01,2,2,25026
2026-04-19,기타,기타사이트,IN-01,4,5,81965
2026-04-19,기타,기타사이트,IN-02,3,4,46172
2026-04-20,네이버,네이버,KN-02,25,29,951374
2026-04-20,네이버,네이버,BK-01,28,33,927498
2026-04-20,네이버,네이버,IN-01,29,31,492466
2026-04-20,네이버,네이버,KN-01,46,52,972712
2026-04-20,네이버,네이버,WR-01,26,28,339528
2026-04-20,네이버,네이버,IN-02,17,17,190162
2026-04-20,네이버,네이버,EL-01,35,36,504216
2026-04-20,네이버,네이버,WR-02,17,21,195426
2026-04-20,쿠팡,올투게더나우,BK-01,7,8,215280
2026-04-20,쿠팡,올투게더나우,EL-01,7,9,120690
2026-04-20,쿠팡,올투게더나우,IN-02,4,5,53550
2026-04-20,쿠팡,올투게더나우,KN-02,7,7,219870
2026-04-20,쿠팡,올투게더나우,WR-01,12,14,162540
2026-04-20,쿠팡,올투게더나우,WR-02,8,8,71280
2026-04-20,쿠팡,올투게더나우,KN-01,5,7,125370
2026-04-20,쿠팡,휴책,IN-01,5,6,91260
2026-04-20,쿠팡,휴책,WR-01,9,9,104490
2026-04-20,쿠팡,휴책,KN-01,27,29,519390
2026-04-20,쿠팡,휴책,EL-01,9,11,147510
2026-04-20,쿠팡,휴책,WR-02,8,9,80190
2026-04-20,쿠팡,휴책,BK-01,13,15,403650
2026-04-20,쿠팡,휴책,KN-02,29,35,1099350
2026-04-20,쿠팡,휴책,IN-02,8,8,85680
2026-04-20,쿠팡,유큐어,KN-02,8,8,251280
2026-04-20,쿠팡,유큐어,BK-01,3,4,107640
2026-04-20,쿠팡,유큐어,EL-01,18,20,268200
2026-04-20,쿠팡,유큐어,IN-01,10,10,152100
2026-04-20,쿠팡,유큐어,IN-02,19,23,246330
2026-04-20,쿠팡,유큐어,KN-01,8,10,179100
2026-04-20,쿠팡,유큐어,WR-01,17,17,197370
2026-04-20,쿠팡,유큐어,WR-02,13,14,124740
2026-04-20,기타,기타사이트,IN-02,4,4,46172
2026-04-20,기타,기타사이트,KN-01,10,11,212333
2026-04-20,기타,기타사이트,KN-02,10,11,372383
2026-04-20,기타,기타사이트,IN-01,4,5,81965
2026-04-20,기타,기타사이트,BK-01,6,6,174018
2026-04-20,기타,기타사이트,WR-02,4,6,57618
2026-04-20,기타,기타사이트,EL-01,2,2,28906
2026-04-20,기타,기타사이트,WR-01,3,3,37539
2026-04-21,네이버,네이버,KN-02,40,43,1410658
2026-04-21,네이버,네이버,KN-01,62,70,1309420
2026-04-21,네이버,네이버,EL-01,32,37,518222
2026-04-21,네이버,네이버,WR-01,46,55,666930
2026-04-21,네이버,네이버,IN-01,34,38,603668
2026-04-21,네이버,네이버,BK-01,40,42,1180452
2026-04-21,네이버,네이버,IN-02,16,17,190162
2026-04-21,네이버,네이버,WR-02,14,16,148896
2026-04-21,쿠팡,올투게더나우,WR-02,5,7,62370
2026-04-21,쿠팡,올투게더나우,KN-01,7,9,161190
2026-04-21,쿠팡,올투게더나우,EL-01,3,3,40230
2026-04-21,쿠팡,올투게더나우,KN-02,1,1,31410
2026-04-21,쿠팡,올투게더나우,WR-01,5,5,58050
2026-04-21,쿠팡,올투게더나우,IN-02,4,4,42840
2026-04-21,쿠팡,올투게더나우,BK-01,2,3,80730
2026-04-21,쿠팡,올투게더나우,IN-01,3,3,45630
2026-04-21,쿠팡,휴책,KN-02,35,39,1224990
2026-04-21,쿠팡,휴책,IN-01,14,18,273780
2026-04-21,쿠팡,휴책,BK-01,23,30,807300
2026-04-21,쿠팡,휴책,WR-02,9,9,80190
2026-04-21,쿠팡,휴책,WR-01,7,8,92880
2026-04-21,쿠팡,휴책,IN-02,15,16,171360
2026-04-21,쿠팡,휴책,KN-01,21,25,447750
2026-04-21,쿠팡,휴책,EL-01,7,7,93870
2026-04-21,쿠팡,유큐어,IN-02,14,14,149940
2026-04-21,쿠팡,유큐어,IN-01,9,10,152100
2026-04-21,쿠팡,유큐어,KN-01,7,7,125370
2026-04-21,쿠팡,유큐어,WR-02,17,19,169290
2026-04-21,쿠팡,유큐어,BK-01,5,6,161460
2026-04-21,쿠팡,유큐어,KN-02,4,4,125640
2026-04-21,쿠팡,유큐어,EL-01,12,14,187740
2026-04-21,쿠팡,유큐어,WR-01,8,10,116100
2026-04-21,기타,기타사이트,IN-01,6,6,98358
2026-04-21,기타,기타사이트,WR-01,7,9,112617
2026-04-21,기타,기타사이트,KN-02,5,6,203118
2026-04-21,기타,기타사이트,BK-01,5,6,174018
2026-04-21,기타,기타사이트,WR-02,4,5,48015
2026-04-21,기타,기타사이트,KN-01,2,2,38606
2026-04-21,기타,기타사이트,IN-02,2,2,23086
2026-04-21,기타,기타사이트,EL-01,1,1,14453
2026-04-22,네이버,네이버,BK-01,26,27,758862
2026-04-22,네이버,네이버,IN-01,26,29,460694
2026-04-22,네이버,네이버,WR-01,27,28,339528
2026-04-22,네이버,네이버,KN-01,43,51,954006
2026-04-22,네이버,네이버,KN-02,29,32,1049792
2026-04-22,네이버,네이버,EL-01,33,39,546234
2026-04-22,네이버,네이버,WR-02,9,10,93060
2026-04-22,네이버,네이버,IN-02,19,24,268464
2026-04-22,쿠팡,올투게더나우,BK-01,4,4,107640
2026-04-22,쿠팡,올투게더나우,WR-02,14,15,133650
2026-04-22,쿠팡,올투게더나우,WR-01,13,13,150930
2026-04-22,쿠팡,올투게더나우,IN-01,4,4,60840
2026-04-22,쿠팡,올투게더나우,KN-01,7,8,143280
2026-04-22,쿠팡,올투게더나우,EL-01,2,2,26820
2026-04-22,쿠팡,올투게더나우,KN-02,3,3,94230
2026-04-22,쿠팡,올투게더나우,IN-02,1,1,10710
2026-04-22,쿠팡,휴책,WR-02,12,13,115830
2026-04-22,쿠팡,휴책,IN-02,7,7,74970
2026-04-22,쿠팡,휴책,WR-01,9,10,116100
2026-04-22,쿠팡,휴책,KN-02,20,23,722430
2026-04-22,쿠팡,휴책,EL-01,15,16,214560
2026-04-22,쿠팡,휴책,BK-01,11,13,349830
2026-04-22,쿠팡,휴책,KN-01,34,39,698490
2026-04-22,쿠팡,휴책,IN-01,5,6,91260
2026-04-22,쿠팡,유큐어,WR-02,15,17,151470
2026-04-22,쿠팡,유큐어,IN-01,9,10,152100
2026-04-22,쿠팡,유큐어,WR-01,10,12,139320
2026-04-22,쿠팡,유큐어,EL-01,11,12,160920
2026-04-22,쿠팡,유큐어,IN-02,4,4,42840
2026-04-22,쿠팡,유큐어,BK-01,3,3,80730
2026-04-22,쿠팡,유큐어,KN-02,2,2,62820
2026-04-22,쿠팡,유큐어,KN-01,2,2,35820
2026-04-22,기타,기타사이트,KN-02,11,14,473942
2026-04-22,기타,기타사이트,BK-01,11,11,319033
2026-04-22,기타,기타사이트,WR-01,4,5,62565
2026-04-22,기타,기타사이트,EL-01,3,3,43359
2026-04-22,기타,기타사이트,IN-01,9,9,147537
2026-04-22,기타,기타사이트,WR-02,4,6,57618
2026-04-22,기타,기타사이트,KN-01,4,4,77212
2026-04-22,기타,기타사이트,IN-02,1,1,11543
2026-04-23,네이버,네이버,BK-01,35,44,1236664
2026-04-23,네이버,네이버,IN-01,38,40,635440
2026-04-23,네이버,네이버,KN-01,73,85,1590010
2026-04-23,네이버,네이버,KN-02,50,54,1771524
2026-04-23,네이버,네이버,EL-01,29,34,476204
2026-04-23,네이버,네이버,WR-02,23,23,214038
2026-04-23,네이버,네이버,WR-01,41,49,594174
2026-04-23,네이버,네이버,IN-02,23,30,335580
2026-04-23,쿠팡,올투게더나우,WR-01,11,14,162540
2026-04-23,쿠팡,올투게더나우,KN-02,1,1,31410
2026-04-23,쿠팡,올투게더나우,WR-02,3,3,26730
2026-04-23,쿠팡,올투게더나우,KN-01,7,9,161190
2026-04-23,쿠팡,올투게더나우,EL-01,3,4,53640
2026-04-23,쿠팡,올투게더나우,BK-01,3,3,80730
2026-04-23,쿠팡,올투게더나우,IN-02,2,2,21420
2026-04-23,쿠팡,올투게더나우,IN-01,1,1,15210
2026-04-23,쿠팡,휴책,BK-01,20,23,618930
2026-04-23,쿠팡,휴책,IN-01,9,10,152100
2026-04-23,쿠팡,휴책,WR-02,14,16,142560
2026-04-23,쿠팡,휴책,KN-02,29,35,1099350
2026-04-23,쿠팡,휴책,WR-01,13,15,174150
2026-04-23,쿠팡,휴책,KN-01,22,26,465660
2026-04-23,쿠팡,휴책,IN-02,13,16,171360
2026-04-23,쿠팡,휴책,EL-01,9,12,160920
2026-04-23,쿠팡,유큐어,WR-02,20,20,178200
2026-04-23,쿠팡,유큐어,EL-01,12,14,187740
2026-04-23,쿠팡,유큐어,BK-01,7,7,188370
2026-04-23,쿠팡,유큐어,WR-01,10,12,139320
2026-04-23,쿠팡,유큐어,IN-01,11,15,228150
2026-04-23,쿠팡,유큐어,IN-02,16,17,182070
2026-04-23,쿠팡,유큐어,KN-02,5,6,188460
2026-04-23,쿠팡,유큐어,KN-01,2,2,35820
2026-04-23,기타,기타사이트,IN-01,8,10,163930
2026-04-23,기타,기타사이트,KN-02,6,7,236971
2026-04-23,기타,기타사이트,KN-01,5,5,96515
2026-04-23,기타,기타사이트,WR-02,3,3,28809
2026-04-23,기타,기타사이트,WR-01,2,2,25026
2026-04-23,기타,기타사이트,BK-01,5,6,174018
2026-04-23,기타,기타사이트,IN-02,1,1,11543
2026-04-24,네이버,네이버,KN-02,31,32,1049792
2026-04-24,네이버,네이버,KN-01,62,70,1309420
2026-04-24,네이버,네이버,IN-02,9,9,100674
2026-04-24,네이버,네이버,WR-01,33,38,460788
2026-04-24,네이버,네이버,IN-01,38,40,635440
2026-04-24,네이버,네이버,EL-01,34,41,574246
2026-04-24,네이버,네이버,BK-01,42,49,1377194
2026-04-24,네이버,네이버,WR-02,19,20,186120
2026-04-24,쿠팡,올투게더나우,KN-01,9,12,214920
2026-04-24,쿠팡,올투게더나우,EL-01,5,7,93870
2026-04-24,쿠팡,올투게더나우,KN-02,5,5,157050
2026-04-24,쿠팡,올투게더나우,WR-02,6,7,62370
2026-04-24,쿠팡,올투게더나우,IN-02,7,9,96390
2026-04-24,쿠팡,올투게더나우,WR-01,5,5,58050
2026-04-24,쿠팡,올투게더나우,IN-01,3,3,45630
2026-04-24,쿠팡,올투게더나우,BK-01,4,4,107640
2026-04-24,쿠팡,휴책,KN-01,26,28,501480
2026-04-24,쿠팡,휴책,BK-01,20,21,565110
2026-04-24,쿠팡,휴책,WR-01,7,8,92880
2026-04-24,쿠팡,휴책,KN-02,30,31,973710
2026-04-24,쿠팡,휴책,EL-01,7,8,107280
2026-04-24,쿠팡,휴책,IN-02,9,9,96390
2026-04-24,쿠팡,휴책,IN-01,8,8,121680
2026-04-24,쿠팡,휴책,WR-02,9,10,89100
2026-04-24,쿠팡,유큐어,IN-02,7,7,74970
2026-04-24,쿠팡,유큐어,WR-02,11,15,133650
2026-04-24,쿠팡,유큐어,EL-01,8,8,107280
2026-04-24,쿠팡,유큐어,IN-01,9,12,182520
2026-04-24,쿠팡,유큐어,WR-01,10,15,174150
2026-04-24,쿠팡,유큐어,KN-02,7,8,251280
2026-04-24,쿠팡,유큐어,BK-01,6,7,188370
2026-04-24,쿠팡,유큐어,KN-01,2,2,35820
2026-04-24,기타,기타사이트,IN-02,4,6,69258
2026-04-24,기타,기타사이트,KN-01,5,5,96515
2026-04-24,기타,기타사이트,KN-02,7,7,236971
2026-04-24,기타,기타사이트,IN-01,5,7,114751
2026-04-24,기타,기타사이트,BK-01,7,7,203021
2026-04-24,기타,기타사이트,WR-01,5,5,62565
2026-04-24,기타,기타사이트,WR-02,3,3,28809
2026-04-24,기타,기타사이트,EL-01,7,7,101171
2026-04-25,네이버,네이버,IN-02,13,15,167790
2026-04-25,네이버,네이버,KN-01,35,41,766946
2026-04-25,네이버,네이버,KN-02,32,34,1115404
2026-04-25,네이버,네이버,EL-01,22,23,322138
2026-04-25,네이버,네이버,BK-01,28,35,983710
2026-04-25,네이버,네이버,WR-02,15,16,148896
2026-04-25,네이버,네이버,WR-01,32,36,436536
2026-04-25,네이버,네이버,IN-01,30,34,540124
2026-04-25,쿠팡,올투게더나우,WR-01,7,8,92880
2026-04-25,쿠팡,올투게더나우,KN-01,7,10,179100
2026-04-25,쿠팡,올투게더나우,KN-02,2,3,94230
2026-04-25,쿠팡,올투게더나우,WR-02,7,8,71280
2026-04-25,쿠팡,올투게더나우,BK-01,2,2,53820
2026-04-25,쿠팡,올투게더나우,EL-01,1,1,13410
2026-04-25,쿠팡,휴책,KN-02,24,29,910890
2026-04-25,쿠팡,휴책,EL-01,7,8,107280
2026-04-25,쿠팡,휴책,WR-01,5,6,69660
2026-04-25,쿠팡,휴책,IN-02,8,8,85680
2026-04-25,쿠팡,휴책,KN-01,25,31,555210
2026-04-25,쿠팡,휴책,IN-01,15,19,288990
2026-04-25,쿠팡,휴책,BK-01,13,15,403650
2026-04-25,쿠팡,휴책,WR-02,8,9,80190
2026-04-25,쿠팡,유큐어,WR-01,6,6,69660
2026-04-25,쿠팡,유큐어,WR-02,11,11,98010
2026-04-25,쿠팡,유큐어,BK-01,10,11,296010
2026-04-25,쿠팡,유큐어,EL-01,13,14,187740
2026-04-25,쿠팡,유큐어,KN-02,10,10,314100
2026-04-25,쿠팡,유큐어,IN-02,6,6,64260
2026-04-25,쿠팡,유큐어,IN-01,5,5,76050
2026-04-25,쿠팡,유큐어,KN-01,2,2,35820
2026-04-25,기타,기타사이트,IN-02,2,2,23086
2026-04-25,기타,기타사이트,BK-01,8,10,290030
2026-04-25,기타,기타사이트,KN-02,4,5,169265
2026-04-25,기타,기타사이트,WR-02,3,3,28809
2026-04-25,기타,기타사이트,EL-01,3,3,43359
2026-04-25,기타,기타사이트,WR-01,4,4,50052
2026-04-25,기타,기타사이트,IN-01,4,4,65572
2026-04-25,기타,기타사이트,KN-01,5,5,96515
2026-04-26,네이버,네이버,EL-01,29,34,476204
2026-04-26,네이버,네이버,BK-01,34,40,1124240
2026-04-26,네이버,네이버,IN-01,41,45,714870
2026-04-26,네이버,네이버,KN-01,51,57,1066242
2026-04-26,네이버,네이버,WR-01,28,31,375906
2026-04-26,네이버,네이버,KN-02,39,43,1410658
2026-04-26,네이버,네이버,WR-02,16,18,167508
2026-04-26,네이버,네이버,IN-02,10,12,134232
2026-04-26,쿠팡,올투게더나우,IN-01,3,4,60840
2026-04-26,쿠팡,올투게더나우,KN-02,2,2,62820
2026-04-26,쿠팡,올투게더나우,WR-02,7,9,80190
2026-04-26,쿠팡,올투게더나우,KN-01,5,6,107460
2026-04-26,쿠팡,올투게더나우,WR-01,9,9,104490
2026-04-26,쿠팡,올투게더나우,IN-02,3,3,32130
2026-04-26,쿠팡,올투게더나우,EL-01,2,4,53640
2026-04-26,쿠팡,올투게더나우,BK-01,2,3,80730
2026-04-26,쿠팡,휴책,KN-01,18,20,358200
2026-04-26,쿠팡,휴책,KN-02,26,29,910890
2026-04-26,쿠팡,휴책,EL-01,7,7,93870
2026-04-26,쿠팡,휴책,WR-02,7,7,62370
2026-04-26,쿠팡,휴책,BK-01,10,10,269100
2026-04-26,쿠팡,휴책,WR-01,7,9,104490
2026-04-26,쿠팡,휴책,IN-02,2,3,32130
2026-04-26,쿠팡,유큐어,WR-02,15,16,142560
2026-04-26,쿠팡,유큐어,WR-01,11,11,127710
2026-04-26,쿠팡,유큐어,KN-02,2,2,62820
2026-04-26,쿠팡,유큐어,IN-02,3,3,32130
2026-04-26,쿠팡,유큐어,BK-01,1,1,26910
2026-04-26,쿠팡,유큐어,KN-01,4,5,89550
2026-04-26,쿠팡,유큐어,EL-01,3,4,53640
2026-04-26,쿠팡,유큐어,IN-01,5,6,91260
2026-04-26,기타,기타사이트,WR-01,4,4,50052
2026-04-26,기타,기타사이트,IN-01,5,5,81965
2026-04-26,기타,기타사이트,KN-02,4,5,169265
2026-04-26,기타,기타사이트,WR-02,5,6,57618
2026-04-26,기타,기타사이트,KN-01,7,7,135121
2026-04-26,기타,기타사이트,EL-01,2,2,28906
2026-04-26,기타,기타사이트,BK-01,5,5,145015
2026-04-26,기타,기타사이트,IN-02,3,3,34629
2026-04-27,네이버,네이버,EL-01,25,26,364156
2026-04-27,네이버,네이버,IN-01,36,40,635440
2026-04-27,네이버,네이버,KN-02,30,32,1049792
2026-04-27,네이버,네이버,WR-01,28,33,400158
2026-04-27,네이버,네이버,KN-01,56,61,1141066
2026-04-27,네이버,네이버,BK-01,32,36,1011816
2026-04-27,네이버,네이버,WR-02,15,18,167508
2026-04-27,네이버,네이버,IN-02,19,22,246092
2026-04-27,쿠팡,올투게더나우,IN-01,3,4,60840
2026-04-27,쿠팡,올투게더나우,KN-01,7,7,125370
2026-04-27,쿠팡,올투게더나우,IN-02,6,6,64260
2026-04-27,쿠팡,올투게더나우,KN-02,10,14,439740
2026-04-27,쿠팡,올투게더나우,WR-01,9,10,116100
2026-04-27,쿠팡,올투게더나우,BK-01,5,6,161460
2026-04-27,쿠팡,올투게더나우,WR-02,6,6,53460
2026-04-27,쿠팡,올투게더나우,EL-01,4,5,67050
2026-04-27,쿠팡,휴책,WR-02,10,12,106920
2026-04-27,쿠팡,휴책,KN-01,29,32,573120
2026-04-27,쿠팡,휴책,KN-02,29,37,1162170
2026-04-27,쿠팡,휴책,IN-01,15,16,243360
2026-04-27,쿠팡,휴책,BK-01,20,22,592020
2026-04-27,쿠팡,휴책,IN-02,9,9,96390
2026-04-27,쿠팡,휴책,WR-01,4,6,69660
2026-04-27,쿠팡,휴책,EL-01,4,4,53640
2026-04-27,쿠팡,유큐어,IN-02,19,21,224910
2026-04-27,쿠팡,유큐어,BK-01,3,4,107640
2026-04-27,쿠팡,유큐어,KN-01,7,10,179100
2026-04-27,쿠팡,유큐어,WR-01,14,16,185760
2026-04-27,쿠팡,유큐어,KN-02,8,8,251280
2026-04-27,쿠팡,유큐어,EL-01,14,14,187740
2026-04-27,쿠팡,유큐어,IN-01,10,11,167310
2026-04-27,쿠팡,유큐어,WR-02,13,15,133650
2026-04-27,기타,기타사이트,KN-02,6,8,270824
2026-04-27,기타,기타사이트,KN-01,8,8,154424
2026-04-27,기타,기타사이트,BK-01,6,6,174018
2026-04-27,기타,기타사이트,IN-01,7,7,114751
2026-04-27,기타,기타사이트,IN-02,2,3,34629
2026-04-27,기타,기타사이트,WR-02,5,6,57618
2026-04-27,기타,기타사이트,EL-01,4,4,57812
2026-04-27,기타,기타사이트,WR-01,1,1,12513
2026-04-28,네이버,네이버,BK-01,48,55,1545830
2026-04-28,네이버,네이버,WR-01,40,45,545670
2026-04-28,네이버,네이버,KN-02,41,44,1443464
2026-04-28,네이버,네이버,EL-01,41,44,616264
2026-04-28,네이버,네이버,KN-01,60,63,1178478
2026-04-28,네이버,네이버,WR-02,23,25,232650
2026-04-28,네이버,네이버,IN-02,18,19,212534
2026-04-28,네이버,네이버,IN-01,49,52,826072
2026-04-28,쿠팡,올투게더나우,KN-01,9,10,179100
2026-04-28,쿠팡,올투게더나우,WR-02,7,8,71280
2026-04-28,쿠팡,올투게더나우,IN-02,8,9,96390
2026-04-28,쿠팡,올투게더나우,KN-02,4,5,157050
2026-04-28,쿠팡,올투게더나우,WR-01,12,14,162540
2026-04-28,쿠팡,올투게더나우,BK-01,2,2,53820
2026-04-28,쿠팡,올투게더나우,EL-01,3,4,53640
2026-04-28,쿠팡,올투게더나우,IN-01,3,3,45630
2026-04-28,쿠팡,휴책,KN-02,33,35,1099350
2026-04-28,쿠팡,휴책,KN-01,22,23,411930
2026-04-28,쿠팡,휴책,WR-01,7,8,92880
2026-04-28,쿠팡,휴책,EL-01,7,8,107280
2026-04-28,쿠팡,휴책,WR-02,6,6,53460
2026-04-28,쿠팡,휴책,BK-01,11,13,349830
2026-04-28,쿠팡,휴책,IN-01,5,5,76050
2026-04-28,쿠팡,휴책,IN-02,2,2,21420
2026-04-28,쿠팡,유큐어,EL-01,6,6,80460
2026-04-28,쿠팡,유큐어,WR-02,13,13,115830
2026-04-28,쿠팡,유큐어,KN-01,3,3,53730
2026-04-28,쿠팡,유큐어,KN-02,5,5,157050
2026-04-28,쿠팡,유큐어,IN-01,8,8,121680
2026-04-28,쿠팡,유큐어,WR-01,9,9,104490
2026-04-28,쿠팡,유큐어,IN-02,8,8,85680
2026-04-28,쿠팡,유큐어,BK-01,5,7,188370
2026-04-28,기타,기타사이트,EL-01,4,4,57812
2026-04-28,기타,기타사이트,KN-01,2,2,38606
2026-04-28,기타,기타사이트,WR-02,3,3,28809
2026-04-28,기타,기타사이트,BK-01,4,5,145015
2026-04-28,기타,기타사이트,KN-02,10,12,406236
2026-04-28,기타,기타사이트,IN-01,3,3,49179
2026-04-28,기타,기타사이트,WR-01,1,1,12513
2026-04-29,네이버,네이버,KN-01,42,45,841770
2026-04-29,네이버,네이버,IN-01,36,38,603668
2026-04-29,네이버,네이버,EL-01,33,38,532228
2026-04-29,네이버,네이버,BK-01,31,34,955604
2026-04-29,네이버,네이버,KN-02,31,34,1115404
2026-04-29,네이버,네이버,WR-01,33,37,448662
2026-04-29,네이버,네이버,WR-02,21,23,214038
2026-04-29,네이버,네이버,IN-02,15,17,190162
2026-04-29,쿠팡,올투게더나우,WR-01,11,12,139320
2026-04-29,쿠팡,올투게더나우,IN-02,3,3,32130
2026-04-29,쿠팡,올투게더나우,WR-02,10,10,89100
2026-04-29,쿠팡,올투게더나우,KN-01,8,8,143280
2026-04-29,쿠팡,올투게더나우,IN-01,6,6,91260
2026-04-29,쿠팡,올투게더나우,EL-01,3,4,53640
2026-04-29,쿠팡,올투게더나우,KN-02,4,4,125640
2026-04-29,쿠팡,올투게더나우,BK-01,3,4,107640
2026-04-29,쿠팡,휴책,KN-01,25,29,519390
2026-04-29,쿠팡,휴책,IN-02,11,11,117810
2026-04-29,쿠팡,휴책,BK-01,29,33,888030
2026-04-29,쿠팡,휴책,EL-01,10,14,187740
2026-04-29,쿠팡,휴책,WR-02,11,12,106920
2026-04-29,쿠팡,휴책,IN-01,8,8,121680
2026-04-29,쿠팡,휴책,KN-02,43,48,1507680
2026-04-29,쿠팡,휴책,WR-01,11,13,150930
2026-04-29,쿠팡,유큐어,IN-02,9,11,117810
2026-04-29,쿠팡,유큐어,IN-01,8,8,121680
2026-04-29,쿠팡,유큐어,WR-02,13,15,133650
2026-04-29,쿠팡,유큐어,EL-01,9,10,134100
2026-04-29,쿠팡,유큐어,BK-01,2,2,53820
2026-04-29,쿠팡,유큐어,WR-01,9,10,116100
2026-04-29,쿠팡,유큐어,KN-01,3,3,53730
2026-04-29,쿠팡,유큐어,KN-02,3,3,94230
2026-04-29,기타,기타사이트,KN-02,10,11,372383
2026-04-29,기타,기타사이트,IN-02,5,5,57715
2026-04-29,기타,기타사이트,BK-01,9,9,261027
2026-04-29,기타,기타사이트,WR-01,1,2,25026
2026-04-29,기타,기타사이트,IN-01,4,4,65572
2026-04-29,기타,기타사이트,EL-01,3,4,57812
2026-04-29,기타,기타사이트,KN-01,6,6,115818
2026-04-30,네이버,네이버,KN-01,51,58,1084948
2026-04-30,네이버,네이버,KN-02,41,47,1541882
2026-04-30,네이버,네이버,WR-01,33,38,460788
2026-04-30,네이버,네이버,EL-01,38,45,630270
2026-04-30,네이버,네이버,IN-02,7,9,100674
2026-04-30,네이버,네이버,WR-02,12,12,111672
2026-04-30,네이버,네이버,IN-01,34,41,651326
2026-04-30,네이버,네이버,BK-01,33,37,1039922
2026-04-30,쿠팡,올투게더나우,KN-02,2,2,62820
2026-04-30,쿠팡,올투게더나우,KN-01,6,8,143280
2026-04-30,쿠팡,올투게더나우,IN-01,7,10,152100
2026-04-30,쿠팡,올투게더나우,WR-01,6,7,81270
2026-04-30,쿠팡,올투게더나우,IN-02,1,1,10710
2026-04-30,쿠팡,올투게더나우,WR-02,4,4,35640
2026-04-30,쿠팡,올투게더나우,BK-01,3,3,80730
2026-04-30,쿠팡,올투게더나우,EL-01,3,3,40230
2026-04-30,쿠팡,휴책,IN-01,9,11,167310
2026-04-30,쿠팡,휴책,KN-01,19,20,358200
2026-04-30,쿠팡,휴책,KN-02,24,27,848070
2026-04-30,쿠팡,휴책,BK-01,11,12,322920
2026-04-30,쿠팡,휴책,IN-02,8,8,85680
2026-04-30,쿠팡,휴책,WR-01,6,7,81270
2026-04-30,쿠팡,휴책,EL-01,4,4,53640
2026-04-30,쿠팡,휴책,WR-02,7,8,71280
2026-04-30,쿠팡,유큐어,IN-02,12,14,149940
2026-04-30,쿠팡,유큐어,EL-01,16,20,268200
2026-04-30,쿠팡,유큐어,WR-01,12,13,150930
2026-04-30,쿠팡,유큐어,KN-01,11,13,232830
2026-04-30,쿠팡,유큐어,WR-02,18,21,187110
2026-04-30,쿠팡,유큐어,IN-01,10,12,182520
2026-04-30,쿠팡,유큐어,KN-02,7,9,282690
2026-04-30,쿠팡,유큐어,BK-01,3,4,107640
2026-04-30,기타,기타사이트,BK-01,5,5,145015
2026-04-30,기타,기타사이트,IN-01,4,5,81965
2026-04-30,기타,기타사이트,KN-01,8,9,173727
2026-04-30,기타,기타사이트,KN-02,5,7,236971
2026-04-30,기타,기타사이트,IN-02,8,10,115430
2026-04-30,기타,기타사이트,WR-02,2,3,28809
2026-04-30,기타,기타사이트,WR-01,2,2,25026
2026-05-01,네이버,네이버,KN-01,44,52,972712
2026-05-01,네이버,네이버,EL-01,36,38,532228
2026-05-01,네이버,네이버,KN-02,32,36,1181016
2026-05-01,네이버,네이버,WR-02,21,23,214038
2026-05-01,네이버,네이버,IN-01,32,36,571896
2026-05-01,네이버,네이버,BK-01,27,31,871286
2026-05-01,네이버,네이버,WR-01,24,28,339528
2026-05-01,네이버,네이버,IN-02,18,19,212534
2026-05-01,쿠팡,올투게더나우,KN-01,5,5,89550
2026-05-01,쿠팡,올투게더나우,WR-01,6,8,92880
2026-05-01,쿠팡,올투게더나우,WR-02,8,10,89100
2026-05-01,쿠팡,올투게더나우,IN-01,5,6,91260
2026-05-01,쿠팡,올투게더나우,IN-02,4,4,42840
2026-05-01,쿠팡,올투게더나우,KN-02,3,3,94230
2026-05-01,쿠팡,올투게더나우,BK-01,3,3,80730
2026-05-01,쿠팡,올투게더나우,EL-01,4,6,80460
2026-05-01,쿠팡,휴책,KN-01,45,51,913410
2026-05-01,쿠팡,휴책,BK-01,17,20,538200
2026-05-01,쿠팡,휴책,KN-02,28,29,910890
2026-05-01,쿠팡,휴책,IN-01,14,16,243360
2026-05-01,쿠팡,휴책,WR-01,14,15,174150
2026-05-01,쿠팡,휴책,WR-02,8,9,80190
2026-05-01,쿠팡,휴책,IN-02,10,11,117810
2026-05-01,쿠팡,휴책,EL-01,6,7,93870
2026-05-01,쿠팡,유큐어,WR-02,23,28,249480
2026-05-01,쿠팡,유큐어,IN-02,17,18,192780
2026-05-01,쿠팡,유큐어,KN-02,7,7,219870
2026-05-01,쿠팡,유큐어,KN-01,9,10,179100
2026-05-01,쿠팡,유큐어,IN-01,5,6,91260
2026-05-01,쿠팡,유큐어,EL-01,14,15,201150
2026-05-01,쿠팡,유큐어,WR-01,13,15,174150
2026-05-01,쿠팡,유큐어,BK-01,3,4,107640
2026-05-01,기타,기타사이트,EL-01,2,3,43359
2026-05-01,기타,기타사이트,WR-02,4,4,38412
2026-05-01,기타,기타사이트,BK-01,8,8,232024
2026-05-01,기타,기타사이트,KN-01,5,5,96515
2026-05-01,기타,기타사이트,IN-01,4,4,65572
2026-05-01,기타,기타사이트,KN-02,7,7,236971
2026-05-01,기타,기타사이트,WR-01,3,4,50052
2026-05-01,기타,기타사이트,IN-02,1,1,11543
2026-05-02,네이버,네이버,IN-01,37,41,651326
2026-05-02,네이버,네이버,BK-01,27,28,786968
2026-05-02,네이버,네이버,EL-01,26,28,392168
2026-05-02,네이버,네이버,KN-02,36,41,1345046
2026-05-02,네이버,네이버,KN-01,50,53,991418
2026-05-02,네이버,네이버,WR-01,36,42,509292
2026-05-02,네이버,네이버,IN-02,19,21,234906
2026-05-02,네이버,네이버,WR-02,20,20,186120
2026-05-02,쿠팡,올투게더나우,BK-01,2,3,80730
2026-05-02,쿠팡,올투게더나우,IN-02,2,2,21420
2026-05-02,쿠팡,올투게더나우,KN-01,2,2,35820
2026-05-02,쿠팡,올투게더나우,WR-02,2,2,17820
2026-05-02,쿠팡,올투게더나우,KN-02,3,3,94230
2026-05-02,쿠팡,올투게더나우,WR-01,5,6,69660
2026-05-02,쿠팡,올투게더나우,IN-01,3,3,45630
2026-05-02,쿠팡,올투게더나우,EL-01,3,3,40230
2026-05-02,쿠팡,휴책,EL-01,8,9,120690
2026-05-02,쿠팡,휴책,WR-01,9,9,104490
2026-05-02,쿠팡,휴책,WR-02,11,12,106920
2026-05-02,쿠팡,휴책,KN-02,20,21,659610
2026-05-02,쿠팡,휴책,IN-01,9,10,152100
2026-05-02,쿠팡,휴책,BK-01,19,22,592020
2026-05-02,쿠팡,휴책,KN-01,27,29,519390
2026-05-02,쿠팡,휴책,IN-02,12,13,139230
2026-05-02,쿠팡,유큐어,KN-01,5,5,89550
2026-05-02,쿠팡,유큐어,EL-01,8,9,120690
2026-05-02,쿠팡,유큐어,WR-02,10,12,106920
2026-05-02,쿠팡,유큐어,WR-01,10,11,127710
2026-05-02,쿠팡,유큐어,IN-02,12,13,139230
2026-05-02,쿠팡,유큐어,BK-01,6,8,215280
2026-05-02,쿠팡,유큐어,IN-01,11,12,182520
2026-05-02,쿠팡,유큐어,KN-02,6,6,188460
2026-05-02,기타,기타사이트,WR-02,3,4,38412
2026-05-02,기타,기타사이트,WR-01,5,5,62565
2026-05-02,기타,기타사이트,IN-01,7,10,163930
2026-05-02,기타,기타사이트,EL-01,3,3,43359
2026-05-02,기타,기타사이트,KN-01,6,7,135121
2026-05-02,기타,기타사이트,IN-02,4,4,46172
2026-05-02,기타,기타사이트,KN-02,2,3,101559
2026-05-02,기타,기타사이트,BK-01,1,1,29003
2026-05-03,네이버,네이버,KN-01,36,43,804358
2026-05-03,네이버,네이버,IN-01,32,37,587782
2026-05-03,네이버,네이버,EL-01,22,26,364156
2026-05-03,네이버,네이버,WR-02,8,9,83754
2026-05-03,네이버,네이버,WR-01,20,21,254646
2026-05-03,네이버,네이버,BK-01,26,28,786968
2026-05-03,네이버,네이버,KN-02,31,34,1115404
2026-05-03,네이버,네이버,IN-02,18,21,234906
2026-05-03,쿠팡,올투게더나우,KN-01,5,6,107460
2026-05-03,쿠팡,올투게더나우,IN-01,5,7,106470
2026-05-03,쿠팡,올투게더나우,WR-01,13,14,162540
2026-05-03,쿠팡,올투게더나우,EL-01,2,2,26820
2026-05-03,쿠팡,올투게더나우,WR-02,5,6,53460
2026-05-03,쿠팡,올투게더나우,KN-02,1,1,31410
2026-05-03,쿠팡,올투게더나우,BK-01,2,3,80730
2026-05-03,쿠팡,올투게더나우,IN-02,1,1,10710
2026-05-03,쿠팡,휴책,KN-01,22,24,429840
2026-05-03,쿠팡,휴책,KN-02,21,22,691020
2026-05-03,쿠팡,휴책,IN-02,7,9,96390
2026-05-03,쿠팡,휴책,BK-01,16,17,457470
2026-05-03,쿠팡,휴책,WR-02,3,3,26730
2026-05-03,쿠팡,휴책,IN-01,4,5,76050
2026-05-03,쿠팡,휴책,WR-01,3,3,34830
2026-05-03,쿠팡,휴책,EL-01,4,4,53640
2026-05-03,쿠팡,유큐어,EL-01,7,7,93870
2026-05-03,쿠팡,유큐어,IN-02,9,11,117810
2026-05-03,쿠팡,유큐어,BK-01,9,11,296010
2026-05-03,쿠팡,유큐어,WR-02,17,18,160380
2026-05-03,쿠팡,유큐어,WR-01,10,12,139320
2026-05-03,쿠팡,유큐어,IN-01,8,9,136890
2026-05-03,쿠팡,유큐어,KN-02,3,4,125640
2026-05-03,쿠팡,유큐어,KN-01,2,2,35820
2026-05-03,기타,기타사이트,BK-01,5,6,174018
2026-05-03,기타,기타사이트,IN-01,3,3,49179
2026-05-03,기타,기타사이트,IN-02,4,5,57715
2026-05-03,기타,기타사이트,KN-01,4,4,77212
2026-05-03,기타,기타사이트,EL-01,5,7,101171
2026-05-03,기타,기타사이트,KN-02,4,5,169265
2026-05-03,기타,기타사이트,WR-01,2,2,25026
2026-05-04,네이버,네이버,KN-02,24,29,951374
2026-05-04,네이버,네이버,WR-01,26,28,339528
2026-05-04,네이버,네이버,EL-01,30,32,448192
2026-05-04,네이버,네이버,KN-01,30,34,636004
2026-05-04,네이버,네이버,IN-02,15,16,178976
2026-05-04,네이버,네이버,WR-02,15,17,158202
2026-05-04,네이버,네이버,BK-01,20,21,590226
2026-05-04,네이버,네이버,IN-01,29,36,571896
2026-05-04,쿠팡,올투게더나우,BK-01,4,5,134550
2026-05-04,쿠팡,올투게더나우,WR-01,11,11,127710
2026-05-04,쿠팡,올투게더나우,KN-01,5,5,89550
2026-05-04,쿠팡,올투게더나우,WR-02,10,11,98010
2026-05-04,쿠팡,올투게더나우,IN-02,7,11,117810
2026-05-04,쿠팡,올투게더나우,KN-02,5,6,188460
2026-05-04,쿠팡,올투게더나우,EL-01,3,4,53640
2026-05-04,쿠팡,올투게더나우,IN-01,2,2,30420
2026-05-04,쿠팡,휴책,KN-02,39,43,1350630
2026-05-04,쿠팡,휴책,BK-01,15,15,403650
2026-05-04,쿠팡,휴책,KN-01,28,31,555210
2026-05-04,쿠팡,휴책,WR-02,12,14,124740
2026-05-04,쿠팡,휴책,WR-01,10,10,116100
2026-05-04,쿠팡,휴책,EL-01,11,13,174330
2026-05-04,쿠팡,휴책,IN-01,13,14,212940
2026-05-04,쿠팡,휴책,IN-02,8,10,107100
2026-05-04,쿠팡,유큐어,KN-01,3,3,53730
2026-05-04,쿠팡,유큐어,EL-01,14,14,187740
2026-05-04,쿠팡,유큐어,KN-02,3,3,94230
2026-05-04,쿠팡,유큐어,IN-01,6,8,121680
2026-05-04,쿠팡,유큐어,WR-01,16,16,185760
2026-05-04,쿠팡,유큐어,IN-02,9,10,107100
2026-05-04,쿠팡,유큐어,WR-02,13,14,124740
2026-05-04,쿠팡,유큐어,BK-01,1,1,26910
2026-05-04,기타,기타사이트,WR-02,7,7,67221
2026-05-04,기타,기타사이트,BK-01,10,11,319033
2026-05-04,기타,기타사이트,KN-01,7,8,154424
2026-05-04,기타,기타사이트,IN-01,9,9,147537
2026-05-04,기타,기타사이트,EL-01,1,1,14453
2026-05-04,기타,기타사이트,KN-02,3,3,101559
2026-05-04,기타,기타사이트,IN-02,2,2,23086
2026-05-04,기타,기타사이트,WR-01,3,3,37539
2026-05-05,네이버,네이버,KN-02,55,59,1935554
2026-05-05,네이버,네이버,WR-02,13,13,120978
2026-05-05,네이버,네이버,IN-01,33,37,587782
2026-05-05,네이버,네이버,BK-01,37,39,1096134
2026-05-05,네이버,네이버,KN-01,43,52,972712
2026-05-05,네이버,네이버,WR-01,41,43,521418
2026-05-05,네이버,네이버,EL-01,31,36,504216
2026-05-05,네이버,네이버,IN-02,17,18,201348
2026-05-05,쿠팡,올투게더나우,WR-01,15,18,208980
2026-05-05,쿠팡,올투게더나우,WR-02,9,11,98010
2026-05-05,쿠팡,올투게더나우,BK-01,4,4,107640
2026-05-05,쿠팡,올투게더나우,KN-02,3,3,94230
2026-05-05,쿠팡,올투게더나우,IN-02,2,2,21420
2026-05-05,쿠팡,올투게더나우,EL-01,8,11,147510
2026-05-05,쿠팡,올투게더나우,IN-01,4,4,60840
2026-05-05,쿠팡,올투게더나우,KN-01,2,2,35820
2026-05-05,쿠팡,휴책,KN-02,33,40,1256400
2026-05-05,쿠팡,휴책,WR-01,14,16,185760
2026-05-05,쿠팡,휴책,EL-01,20,22,295020
2026-05-05,쿠팡,휴책,KN-01,36,40,716400
2026-05-05,쿠팡,휴책,BK-01,27,28,753480
2026-05-05,쿠팡,휴책,WR-02,7,8,71280
2026-05-05,쿠팡,휴책,IN-01,9,11,167310
2026-05-05,쿠팡,휴책,IN-02,8,9,96390
2026-05-05,쿠팡,유큐어,WR-02,15,17,151470
2026-05-05,쿠팡,유큐어,IN-01,10,10,152100
2026-05-05,쿠팡,유큐어,BK-01,4,6,161460
2026-05-05,쿠팡,유큐어,WR-01,6,6,69660
2026-05-05,쿠팡,유큐어,EL-01,4,5,67050
2026-05-05,쿠팡,유큐어,KN-02,4,5,157050
2026-05-05,쿠팡,유큐어,IN-02,7,8,85680
2026-05-05,쿠팡,유큐어,KN-01,3,4,71640
2026-05-05,기타,기타사이트,BK-01,6,8,232024
2026-05-05,기타,기타사이트,IN-01,8,8,131144
2026-05-05,기타,기타사이트,KN-01,5,6,115818
2026-05-05,기타,기타사이트,KN-02,10,11,372383
2026-05-05,기타,기타사이트,IN-02,1,1,11543
2026-05-05,기타,기타사이트,EL-01,1,1,14453
2026-05-05,기타,기타사이트,WR-01,1,1,12513
2026-05-05,기타,기타사이트,WR-02,3,3,28809
2026-05-06,네이버,네이버,EL-01,38,43,602258
2026-05-06,네이버,네이버,IN-02,22,26,290836
2026-05-06,네이버,네이버,WR-01,39,44,533544
2026-05-06,네이버,네이버,KN-01,52,56,1047536
2026-05-06,네이버,네이버,BK-01,34,42,1180452
2026-05-06,네이버,네이버,IN-01,33,38,603668
2026-05-06,네이버,네이버,KN-02,50,54,1771524
2026-05-06,네이버,네이버,WR-02,13,16,148896
2026-05-06,쿠팡,올투게더나우,KN-01,10,10,179100
2026-05-06,쿠팡,올투게더나우,IN-02,4,4,42840
2026-05-06,쿠팡,올투게더나우,WR-01,7,8,92880
2026-05-06,쿠팡,올투게더나우,BK-01,3,3,80730
2026-05-06,쿠팡,올투게더나우,WR-02,4,5,44550
2026-05-06,쿠팡,올투게더나우,IN-01,5,5,76050
2026-05-06,쿠팡,올투게더나우,EL-01,3,3,40230
2026-05-06,쿠팡,올투게더나우,KN-02,1,2,62820
2026-05-06,쿠팡,휴책,KN-02,31,33,1036530
2026-05-06,쿠팡,휴책,IN-02,3,3,32130
2026-05-06,쿠팡,휴책,KN-01,32,40,716400
2026-05-06,쿠팡,휴책,IN-01,5,6,91260
2026-05-06,쿠팡,휴책,BK-01,25,27,726570
2026-05-06,쿠팡,휴책,EL-01,10,13,174330
2026-05-06,쿠팡,휴책,WR-02,7,9,80190
2026-05-06,쿠팡,휴책,WR-01,6,8,92880
2026-05-06,쿠팡,유큐어,IN-02,12,12,128520
2026-05-06,쿠팡,유큐어,WR-02,9,11,98010
2026-05-06,쿠팡,유큐어,IN-01,14,16,243360
2026-05-06,쿠팡,유큐어,WR-01,18,19,220590
2026-05-06,쿠팡,유큐어,KN-02,3,4,125640
2026-05-06,쿠팡,유큐어,EL-01,9,10,134100
2026-05-06,쿠팡,유큐어,KN-01,3,4,71640
2026-05-06,쿠팡,유큐어,BK-01,1,1,26910
2026-05-06,기타,기타사이트,IN-02,5,7,80801
2026-05-06,기타,기타사이트,KN-02,7,10,338530
2026-05-06,기타,기타사이트,WR-01,1,1,12513
2026-05-06,기타,기타사이트,WR-02,2,2,19206
2026-05-06,기타,기타사이트,EL-01,2,2,28906
2026-05-06,기타,기타사이트,KN-01,4,5,96515
2026-05-06,기타,기타사이트,BK-01,3,3,87009
2026-05-06,기타,기타사이트,IN-01,2,3,49179
2026-05-07,네이버,네이버,WR-02,11,12,111672
2026-05-07,네이버,네이버,KN-01,47,51,954006
2026-05-07,네이버,네이버,IN-01,27,31,492466
2026-05-07,네이버,네이버,BK-01,24,27,758862
2026-05-07,네이버,네이버,WR-01,28,29,351654
2026-05-07,네이버,네이버,KN-02,25,28,918568
2026-05-07,네이버,네이버,EL-01,24,26,364156
2026-05-07,네이버,네이버,IN-02,11,12,134232
2026-05-07,쿠팡,올투게더나우,KN-01,8,8,143280
2026-05-07,쿠팡,올투게더나우,KN-02,5,5,157050
2026-05-07,쿠팡,올투게더나우,WR-02,11,11,98010
2026-05-07,쿠팡,올투게더나우,EL-01,3,4,53640
2026-05-07,쿠팡,올투게더나우,WR-01,9,11,127710
2026-05-07,쿠팡,올투게더나우,IN-01,1,1,15210
2026-05-07,쿠팡,올투게더나우,BK-01,3,3,80730
2026-05-07,쿠팡,올투게더나우,IN-02,2,3,32130
2026-05-07,쿠팡,휴책,BK-01,27,29,780390
2026-05-07,쿠팡,휴책,KN-02,31,35,1099350
2026-05-07,쿠팡,휴책,IN-02,8,8,85680
2026-05-07,쿠팡,휴책,WR-02,12,13,115830
2026-05-07,쿠팡,휴책,KN-01,35,37,662670
2026-05-07,쿠팡,휴책,IN-01,10,13,197730
2026-05-07,쿠팡,휴책,EL-01,16,17,227970
2026-05-07,쿠팡,휴책,WR-01,13,15,174150
2026-05-07,쿠팡,유큐어,KN-02,4,4,125640
2026-05-07,쿠팡,유큐어,WR-01,16,16,185760
2026-05-07,쿠팡,유큐어,IN-01,7,7,106470
2026-05-07,쿠팡,유큐어,WR-02,16,17,151470
2026-05-07,쿠팡,유큐어,BK-01,7,8,215280
2026-05-07,쿠팡,유큐어,IN-02,8,8,85680
2026-05-07,쿠팡,유큐어,KN-01,4,4,71640
2026-05-07,쿠팡,유큐어,EL-01,10,14,187740
2026-05-07,기타,기타사이트,KN-01,7,7,135121
2026-05-07,기타,기타사이트,WR-02,2,3,28809
2026-05-07,기타,기타사이트,BK-01,5,5,145015
2026-05-07,기타,기타사이트,WR-01,1,1,12513
2026-05-07,기타,기타사이트,IN-01,3,3,49179
2026-05-07,기타,기타사이트,KN-02,4,4,135412
2026-05-07,기타,기타사이트,IN-02,2,2,23086
2026-05-07,기타,기타사이트,EL-01,3,4,57812
2026-05-08,네이버,네이버,IN-01,39,44,698984
2026-05-08,네이버,네이버,WR-02,19,21,195426
2026-05-08,네이버,네이버,BK-01,33,38,1068028
2026-05-08,네이버,네이버,EL-01,53,63,882378
2026-05-08,네이버,네이버,IN-02,29,33,369138
2026-05-08,네이버,네이버,KN-01,77,85,1590010
2026-05-08,네이버,네이버,WR-01,39,46,557796
2026-05-08,네이버,네이버,KN-02,36,40,1312240
2026-05-08,쿠팡,올투게더나우,KN-01,7,8,143280
2026-05-08,쿠팡,올투게더나우,IN-02,8,9,96390
2026-05-08,쿠팡,올투게더나우,BK-01,6,6,161460
2026-05-08,쿠팡,올투게더나우,KN-02,1,2,62820
2026-05-08,쿠팡,올투게더나우,IN-01,1,2,30420
2026-05-08,쿠팡,올투게더나우,WR-01,7,9,104490
2026-05-08,쿠팡,올투게더나우,WR-02,7,9,80190
2026-05-08,쿠팡,올투게더나우,EL-01,3,3,40230
2026-05-08,쿠팡,휴책,BK-01,29,30,807300
2026-05-08,쿠팡,휴책,KN-01,24,26,465660
2026-05-08,쿠팡,휴책,KN-02,25,29,910890
2026-05-08,쿠팡,휴책,IN-02,9,11,117810
2026-05-08,쿠팡,휴책,WR-02,5,5,44550
2026-05-08,쿠팡,휴책,WR-01,11,11,127710
2026-05-08,쿠팡,휴책,EL-01,10,12,160920
2026-05-08,쿠팡,휴책,IN-01,1,2,30420
2026-05-08,쿠팡,유큐어,IN-01,7,7,106470
2026-05-08,쿠팡,유큐어,KN-02,9,10,314100
2026-05-08,쿠팡,유큐어,BK-01,3,3,80730
2026-05-08,쿠팡,유큐어,IN-02,8,11,117810
2026-05-08,쿠팡,유큐어,EL-01,13,14,187740
2026-05-08,쿠팡,유큐어,WR-02,21,23,204930
2026-05-08,쿠팡,유큐어,KN-01,9,11,197010
2026-05-08,쿠팡,유큐어,WR-01,9,9,104490
2026-05-08,기타,기타사이트,WR-01,3,3,37539
2026-05-08,기타,기타사이트,WR-02,3,3,28809
2026-05-08,기타,기타사이트,KN-01,7,7,135121
2026-05-08,기타,기타사이트,IN-01,7,7,114751
2026-05-08,기타,기타사이트,IN-02,5,6,69258
2026-05-08,기타,기타사이트,EL-01,7,7,101171
2026-05-08,기타,기타사이트,KN-02,8,9,304677
2026-05-08,기타,기타사이트,BK-01,7,9,261027
2026-05-09,네이버,네이버,BK-01,20,21,590226
2026-05-09,네이버,네이버,IN-02,13,16,178976
2026-05-09,네이버,네이버,EL-01,23,26,364156
2026-05-09,네이버,네이버,WR-01,24,25,303150
2026-05-09,네이버,네이버,IN-01,24,27,428922
2026-05-09,네이버,네이버,KN-01,19,23,430238
2026-05-09,네이버,네이버,WR-02,10,10,93060
2026-05-09,네이버,네이버,KN-02,17,20,656120
2026-05-09,쿠팡,올투게더나우,IN-01,2,2,30420
2026-05-09,쿠팡,올투게더나우,KN-01,9,10,179100
2026-05-09,쿠팡,올투게더나우,WR-01,7,9,104490
2026-05-09,쿠팡,올투게더나우,WR-02,2,2,17820
2026-05-09,쿠팡,올투게더나우,BK-01,1,1,26910
2026-05-09,쿠팡,올투게더나우,EL-01,1,1,13410
2026-05-09,쿠팡,올투게더나우,KN-02,1,1,31410
2026-05-09,쿠팡,휴책,KN-02,25,29,910890
2026-05-09,쿠팡,휴책,BK-01,13,13,349830
2026-05-09,쿠팡,휴책,KN-01,33,38,680580
2026-05-09,쿠팡,휴책,EL-01,6,6,80460
2026-05-09,쿠팡,휴책,WR-01,8,9,104490
2026-05-09,쿠팡,휴책,WR-02,9,11,98010
2026-05-09,쿠팡,휴책,IN-01,5,7,106470
2026-05-09,쿠팡,휴책,IN-02,10,12,128520
2026-05-09,쿠팡,유큐어,WR-02,10,11,98010
2026-05-09,쿠팡,유큐어,KN-01,2,3,53730
2026-05-09,쿠팡,유큐어,IN-01,12,17,258570
2026-05-09,쿠팡,유큐어,KN-02,4,5,157050
2026-05-09,쿠팡,유큐어,EL-01,6,6,80460
2026-05-09,쿠팡,유큐어,IN-02,6,6,64260
2026-05-09,쿠팡,유큐어,WR-01,2,2,23220
2026-05-09,쿠팡,유큐어,BK-01,2,2,53820
2026-05-09,기타,기타사이트,IN-01,11,12,196716
2026-05-09,기타,기타사이트,WR-02,4,5,48015
2026-05-09,기타,기타사이트,KN-02,5,7,236971
2026-05-09,기타,기타사이트,BK-01,3,3,87009
2026-05-09,기타,기타사이트,KN-01,5,5,96515
2026-05-09,기타,기타사이트,WR-01,1,2,25026
2026-05-10,네이버,네이버,IN-02,18,23,257278
2026-05-10,네이버,네이버,KN-01,31,36,673416
2026-05-10,네이버,네이버,IN-01,36,43,683098
2026-05-10,네이버,네이버,KN-02,21,25,820150
2026-05-10,네이버,네이버,EL-01,19,21,294126
2026-05-10,네이버,네이버,BK-01,21,22,618332
2026-05-10,네이버,네이버,WR-01,29,32,388032
2026-05-10,네이버,네이버,WR-02,11,11,102366
2026-05-10,쿠팡,올투게더나우,EL-01,3,3,40230
2026-05-10,쿠팡,올투게더나우,WR-01,8,8,92880
2026-05-10,쿠팡,올투게더나우,KN-02,2,2,62820
2026-05-10,쿠팡,올투게더나우,BK-01,1,1,26910
2026-05-10,쿠팡,올투게더나우,WR-02,5,5,44550
2026-05-10,쿠팡,올투게더나우,KN-01,5,5,89550
2026-05-10,쿠팡,올투게더나우,IN-01,3,3,45630
2026-05-10,쿠팡,올투게더나우,IN-02,1,1,10710
2026-05-10,쿠팡,휴책,WR-02,10,10,89100
2026-05-10,쿠팡,휴책,KN-01,14,16,286560
2026-05-10,쿠팡,휴책,IN-01,9,10,152100
2026-05-10,쿠팡,휴책,EL-01,16,17,227970
2026-05-10,쿠팡,휴책,WR-01,8,9,104490
2026-05-10,쿠팡,휴책,IN-02,5,6,64260
2026-05-10,쿠팡,휴책,BK-01,17,18,484380
2026-05-10,쿠팡,휴책,KN-02,27,33,1036530
2026-05-10,쿠팡,유큐어,EL-01,10,11,147510
2026-05-10,쿠팡,유큐어,WR-02,10,10,89100
2026-05-10,쿠팡,유큐어,IN-01,10,12,182520
2026-05-10,쿠팡,유큐어,KN-01,7,8,143280
2026-05-10,쿠팡,유큐어,IN-02,7,7,74970
2026-05-10,쿠팡,유큐어,WR-01,6,6,69660
2026-05-10,쿠팡,유큐어,KN-02,6,8,251280
2026-05-10,쿠팡,유큐어,BK-01,7,7,188370
2026-05-10,기타,기타사이트,KN-02,5,6,203118
2026-05-10,기타,기타사이트,EL-01,8,10,144530
2026-05-10,기타,기타사이트,IN-01,5,6,98358
2026-05-10,기타,기타사이트,KN-01,4,4,77212
2026-05-10,기타,기타사이트,BK-01,4,4,116012
2026-05-10,기타,기타사이트,IN-02,4,5,57715
2026-05-10,기타,기타사이트,WR-01,3,3,37539
2026-05-10,기타,기타사이트,WR-02,1,1,9603
2026-05-11,네이버,네이버,KN-01,72,78,1459068
2026-05-11,네이버,네이버,BK-01,43,47,1320982
2026-05-11,네이버,네이버,IN-01,49,54,857844
2026-05-11,네이버,네이버,IN-02,21,23,257278
2026-05-11,네이버,네이버,WR-01,51,59,715434
2026-05-11,네이버,네이버,KN-02,41,49,1607494
2026-05-11,네이버,네이버,WR-02,15,17,158202
2026-05-11,네이버,네이버,EL-01,37,39,546234
2026-05-11,쿠팡,올투게더나우,EL-01,3,3,40230
2026-05-11,쿠팡,올투게더나우,KN-01,5,5,89550
2026-05-11,쿠팡,올투게더나우,WR-01,5,5,58050
2026-05-11,쿠팡,올투게더나우,BK-01,2,3,80730
2026-05-11,쿠팡,올투게더나우,WR-02,7,7,62370
2026-05-11,쿠팡,올투게더나우,IN-01,6,7,106470
2026-05-11,쿠팡,올투게더나우,IN-02,2,2,21420
2026-05-11,쿠팡,올투게더나우,KN-02,4,4,125640
2026-05-11,쿠팡,휴책,IN-02,15,15,160650
2026-05-11,쿠팡,휴책,IN-01,17,17,258570
2026-05-11,쿠팡,휴책,KN-02,40,42,1319220
2026-05-11,쿠팡,휴책,WR-01,15,16,185760
2026-05-11,쿠팡,휴책,WR-02,8,8,71280
2026-05-11,쿠팡,휴책,KN-01,26,29,519390
2026-05-11,쿠팡,휴책,BK-01,28,30,807300
2026-05-11,쿠팡,휴책,EL-01,8,9,120690
2026-05-11,쿠팡,유큐어,WR-01,8,9,104490
2026-05-11,쿠팡,유큐어,BK-01,5,5,134550
2026-05-11,쿠팡,유큐어,EL-01,11,14,187740
2026-05-11,쿠팡,유큐어,WR-02,19,20,178200
2026-05-11,쿠팡,유큐어,KN-01,5,5,89550
2026-05-11,쿠팡,유큐어,IN-01,13,13,197730
2026-05-11,쿠팡,유큐어,KN-02,6,6,188460
2026-05-11,쿠팡,유큐어,IN-02,5,7,74970
2026-05-11,기타,기타사이트,IN-01,6,8,131144
2026-05-11,기타,기타사이트,WR-01,1,1,12513
2026-05-11,기타,기타사이트,IN-02,3,4,46172
2026-05-11,기타,기타사이트,BK-01,10,10,290030
2026-05-11,기타,기타사이트,KN-02,9,10,338530
2026-05-11,기타,기타사이트,EL-01,4,5,72265
2026-05-11,기타,기타사이트,KN-01,8,8,154424
2026-05-11,기타,기타사이트,WR-02,6,6,57618
2026-05-12,네이버,네이버,KN-01,57,64,1197184
2026-05-12,네이버,네이버,WR-01,49,52,630552
2026-05-12,네이버,네이버,KN-02,44,52,1705912
2026-05-12,네이버,네이버,BK-01,40,45,1264770
2026-05-12,네이버,네이버,EL-01,35,39,546234
2026-05-12,네이버,네이버,IN-02,22,24,268464
2026-05-12,네이버,네이버,IN-01,41,48,762528
2026-05-12,네이버,네이버,WR-02,23,24,223344
2026-05-12,쿠팡,올투게더나우,KN-02,7,9,282690
2026-05-12,쿠팡,올투게더나우,WR-01,4,4,46440
2026-05-12,쿠팡,올투게더나우,WR-02,8,8,71280
2026-05-12,쿠팡,올투게더나우,IN-02,4,5,53550
2026-05-12,쿠팡,올투게더나우,KN-01,5,5,89550
2026-05-12,쿠팡,올투게더나우,IN-01,1,2,30420
2026-05-12,쿠팡,올투게더나우,BK-01,1,1,26910
2026-05-12,쿠팡,올투게더나우,EL-01,1,1,13410
2026-05-12,쿠팡,휴책,WR-02,8,10,89100
2026-05-12,쿠팡,휴책,IN-02,11,12,128520
2026-05-12,쿠팡,휴책,KN-02,25,25,785250
2026-05-12,쿠팡,휴책,EL-01,8,8,107280
2026-05-12,쿠팡,휴책,IN-01,4,4,60840
2026-05-12,쿠팡,휴책,BK-01,22,23,618930
2026-05-12,쿠팡,휴책,KN-01,31,34,608940
2026-05-12,쿠팡,휴책,WR-01,22,25,290250
2026-05-12,쿠팡,유큐어,IN-01,13,14,212940
2026-05-12,쿠팡,유큐어,IN-02,8,8,85680
2026-05-12,쿠팡,유큐어,KN-02,6,7,219870
2026-05-12,쿠팡,유큐어,WR-02,10,10,89100
2026-05-12,쿠팡,유큐어,WR-01,9,10,116100
2026-05-12,쿠팡,유큐어,EL-01,18,20,268200
2026-05-12,쿠팡,유큐어,KN-01,5,6,107460
2026-05-12,쿠팡,유큐어,BK-01,4,4,107640
2026-05-12,기타,기타사이트,IN-01,9,9,147537
2026-05-12,기타,기타사이트,KN-02,9,9,304677
2026-05-12,기타,기타사이트,WR-02,5,6,57618
2026-05-12,기타,기타사이트,KN-01,6,6,115818
2026-05-12,기타,기타사이트,BK-01,6,8,232024
2026-05-12,기타,기타사이트,IN-02,5,6,69258
2026-05-12,기타,기타사이트,WR-01,6,6,75078
2026-05-12,기타,기타사이트,EL-01,1,1,14453
2026-05-13,네이버,네이버,KN-01,46,51,954006
2026-05-13,네이버,네이버,WR-01,19,19,230394
2026-05-13,네이버,네이버,IN-01,34,39,619554
2026-05-13,네이버,네이버,EL-01,32,33,462198
2026-05-13,네이버,네이버,BK-01,29,36,1011816
2026-05-13,네이버,네이버,KN-02,31,36,1181016
2026-05-13,네이버,네이버,IN-02,20,22,246092
2026-05-13,네이버,네이버,WR-02,12,16,148896
2026-05-13,쿠팡,올투게더나우,WR-01,11,11,127710
2026-05-13,쿠팡,올투게더나우,IN-01,4,4,60840
2026-05-13,쿠팡,올투게더나우,IN-02,8,10,107100
2026-05-13,쿠팡,올투게더나우,BK-01,5,5,134550
2026-05-13,쿠팡,올투게더나우,KN-01,9,11,197010
2026-05-13,쿠팡,올투게더나우,WR-02,8,9,80190
2026-05-13,쿠팡,올투게더나우,KN-02,5,6,188460
2026-05-13,쿠팡,올투게더나우,EL-01,2,2,26820
2026-05-13,쿠팡,휴책,KN-02,26,28,879480
2026-05-13,쿠팡,휴책,IN-01,9,9,136890
2026-05-13,쿠팡,휴책,KN-01,21,25,447750
2026-05-13,쿠팡,휴책,WR-02,6,6,53460
2026-05-13,쿠팡,휴책,WR-01,5,7,81270
2026-05-13,쿠팡,휴책,IN-02,7,8,85680
2026-05-13,쿠팡,휴책,BK-01,13,16,430560
2026-05-13,쿠팡,휴책,EL-01,6,6,80460
2026-05-13,쿠팡,유큐어,IN-01,8,8,121680
2026-05-13,쿠팡,유큐어,WR-01,14,16,185760
2026-05-13,쿠팡,유큐어,IN-02,11,12,128520
2026-05-13,쿠팡,유큐어,KN-01,11,13,232830
2026-05-13,쿠팡,유큐어,EL-01,15,17,227970
2026-05-13,쿠팡,유큐어,WR-02,18,20,178200
2026-05-13,쿠팡,유큐어,KN-02,7,10,314100
2026-05-13,쿠팡,유큐어,BK-01,5,5,134550
2026-05-13,기타,기타사이트,IN-01,7,9,147537
2026-05-13,기타,기타사이트,WR-02,6,7,67221
2026-05-13,기타,기타사이트,KN-02,3,4,135412
2026-05-13,기타,기타사이트,BK-01,4,4,116012
2026-05-13,기타,기타사이트,KN-01,6,6,115818
2026-05-13,기타,기타사이트,WR-01,3,3,37539
2026-05-13,기타,기타사이트,IN-02,4,4,46172
2026-05-13,기타,기타사이트,EL-01,5,6,86718
2026-05-14,네이버,네이버,EL-01,27,29,406174
2026-05-14,네이버,네이버,KN-01,52,56,1047536
2026-05-14,네이버,네이버,WR-01,25,27,327402
2026-05-14,네이버,네이버,KN-02,39,43,1410658
2026-05-14,네이버,네이버,IN-01,34,38,603668
2026-05-14,네이버,네이버,BK-01,19,21,590226
2026-05-14,네이버,네이버,IN-02,10,10,111860
2026-05-14,네이버,네이버,WR-02,10,10,93060
2026-05-14,쿠팡,올투게더나우,WR-02,5,5,44550
2026-05-14,쿠팡,올투게더나우,WR-01,10,12,139320
2026-05-14,쿠팡,올투게더나우,KN-01,3,4,71640
2026-05-14,쿠팡,올투게더나우,EL-01,6,8,107280
2026-05-14,쿠팡,올투게더나우,KN-02,2,2,62820
2026-05-14,쿠팡,올투게더나우,IN-01,3,3,45630
2026-05-14,쿠팡,올투게더나우,IN-02,5,5,53550
2026-05-14,쿠팡,휴책,KN-02,32,38,1193580
2026-05-14,쿠팡,휴책,BK-01,27,35,941850
2026-05-14,쿠팡,휴책,WR-01,10,10,116100
2026-05-14,쿠팡,휴책,EL-01,9,10,134100
2026-05-14,쿠팡,휴책,WR-02,16,16,142560
2026-05-14,쿠팡,휴책,KN-01,34,38,680580
2026-05-14,쿠팡,휴책,IN-02,7,9,96390
2026-05-14,쿠팡,휴책,IN-01,12,16,243360
2026-05-14,쿠팡,유큐어,WR-01,16,21,243810
2026-05-14,쿠팡,유큐어,IN-02,10,12,128520
2026-05-14,쿠팡,유큐어,EL-01,12,12,160920
2026-05-14,쿠팡,유큐어,KN-01,5,5,89550
2026-05-14,쿠팡,유큐어,WR-02,21,21,187110
2026-05-14,쿠팡,유큐어,IN-01,12,13,197730
2026-05-14,쿠팡,유큐어,BK-01,6,7,188370
2026-05-14,쿠팡,유큐어,KN-02,6,6,188460
2026-05-14,기타,기타사이트,BK-01,5,5,145015
2026-05-14,기타,기타사이트,KN-02,9,9,304677
2026-05-14,기타,기타사이트,KN-01,6,6,115818
2026-05-14,기타,기타사이트,WR-02,2,2,19206
2026-05-14,기타,기타사이트,EL-01,5,5,72265
2026-05-14,기타,기타사이트,IN-01,9,10,163930
2026-05-14,기타,기타사이트,IN-02,3,3,34629
2026-05-14,기타,기타사이트,WR-01,2,2,25026
2026-05-15,네이버,네이버,WR-01,58,62,751812
2026-05-15,네이버,네이버,KN-02,37,41,1345046
2026-05-15,네이버,네이버,BK-01,40,48,1349088
2026-05-15,네이버,네이버,EL-01,34,40,560240
2026-05-15,네이버,네이버,WR-02,16,16,148896
2026-05-15,네이버,네이버,IN-01,31,37,587782
2026-05-15,네이버,네이버,IN-02,15,16,178976
2026-05-15,네이버,네이버,KN-01,53,60,1122360
2026-05-15,쿠팡,올투게더나우,IN-02,6,7,74970
2026-05-15,쿠팡,올투게더나우,KN-01,4,5,89550
2026-05-15,쿠팡,올투게더나우,KN-02,3,3,94230
2026-05-15,쿠팡,올투게더나우,WR-02,6,8,71280
2026-05-15,쿠팡,올투게더나우,WR-01,13,13,150930
2026-05-15,쿠팡,올투게더나우,BK-01,3,4,107640
2026-05-15,쿠팡,올투게더나우,IN-01,5,5,76050
2026-05-15,쿠팡,올투게더나우,EL-01,3,3,40230
2026-05-15,쿠팡,휴책,KN-01,24,28,501480
2026-05-15,쿠팡,휴책,BK-01,26,28,753480
2026-05-15,쿠팡,휴책,KN-02,25,27,848070
2026-05-15,쿠팡,휴책,IN-02,13,13,139230
2026-05-15,쿠팡,휴책,WR-01,9,9,104490
2026-05-15,쿠팡,휴책,WR-02,17,17,151470
2026-05-15,쿠팡,휴책,IN-01,9,9,136890
2026-05-15,쿠팡,휴책,EL-01,6,7,93870
2026-05-15,쿠팡,유큐어,WR-02,14,15,133650
2026-05-15,쿠팡,유큐어,IN-02,11,11,117810
2026-05-15,쿠팡,유큐어,BK-01,9,9,242190
2026-05-15,쿠팡,유큐어,IN-01,13,15,228150
2026-05-15,쿠팡,유큐어,WR-01,8,8,92880
2026-05-15,쿠팡,유큐어,EL-01,11,13,174330
2026-05-15,쿠팡,유큐어,KN-01,13,15,268650
2026-05-15,쿠팡,유큐어,KN-02,3,3,94230
2026-05-15,기타,기타사이트,IN-02,2,3,34629
2026-05-15,기타,기타사이트,WR-02,6,6,57618
2026-05-15,기타,기타사이트,BK-01,5,5,145015
2026-05-15,기타,기타사이트,IN-01,4,5,81965
2026-05-15,기타,기타사이트,KN-02,8,8,270824
2026-05-15,기타,기타사이트,EL-01,11,13,187889
2026-05-15,기타,기타사이트,KN-01,5,5,96515
2026-05-15,기타,기타사이트,WR-01,3,4,50052
2026-05-16,네이버,네이버,WR-01,27,32,388032
2026-05-16,네이버,네이버,IN-01,25,28,444808
2026-05-16,네이버,네이버,BK-01,37,44,1236664
2026-05-16,네이버,네이버,WR-02,20,23,214038
2026-05-16,네이버,네이버,KN-02,20,23,754538
2026-05-16,네이버,네이버,EL-01,27,30,420180
2026-05-16,네이버,네이버,KN-01,36,38,710828
2026-05-16,네이버,네이버,IN-02,6,6,67116
2026-05-16,쿠팡,올투게더나우,KN-01,4,4,71640
2026-05-16,쿠팡,올투게더나우,KN-02,5,5,157050
2026-05-16,쿠팡,올투게더나우,WR-02,3,4,35640
2026-05-16,쿠팡,올투게더나우,IN-01,6,7,106470
2026-05-16,쿠팡,올투게더나우,IN-02,3,4,42840
2026-05-16,쿠팡,올투게더나우,WR-01,6,6,69660
2026-05-16,쿠팡,올투게더나우,BK-01,1,1,26910
2026-05-16,쿠팡,휴책,IN-02,11,11,117810
2026-05-16,쿠팡,휴책,EL-01,5,5,67050
2026-05-16,쿠팡,휴책,BK-01,16,17,457470
2026-05-16,쿠팡,휴책,KN-01,26,27,483570
2026-05-16,쿠팡,휴책,KN-02,26,32,1005120
2026-05-16,쿠팡,휴책,WR-02,5,6,53460
2026-05-16,쿠팡,휴책,IN-01,5,5,76050
2026-05-16,쿠팡,휴책,WR-01,6,7,81270
2026-05-16,쿠팡,유큐어,IN-01,11,12,182520
2026-05-16,쿠팡,유큐어,IN-02,9,11,117810
2026-05-16,쿠팡,유큐어,EL-01,15,21,281610
2026-05-16,쿠팡,유큐어,KN-02,3,3,94230
2026-05-16,쿠팡,유큐어,WR-01,14,15,174150
2026-05-16,쿠팡,유큐어,WR-02,13,15,133650
2026-05-16,쿠팡,유큐어,BK-01,1,1,26910
2026-05-16,쿠팡,유큐어,KN-01,1,1,17910
2026-05-16,기타,기타사이트,EL-01,4,5,72265
2026-05-16,기타,기타사이트,IN-01,4,4,65572
2026-05-16,기타,기타사이트,KN-01,5,6,115818
2026-05-16,기타,기타사이트,KN-02,6,7,236971
2026-05-16,기타,기타사이트,BK-01,4,4,116012
2026-05-16,기타,기타사이트,IN-02,3,3,34629
2026-05-16,기타,기타사이트,WR-02,6,7,67221
2026-05-16,기타,기타사이트,WR-01,1,2,25026
2026-05-17,네이버,네이버,IN-02,18,21,234906
2026-05-17,네이버,네이버,KN-02,40,44,1443464
2026-05-17,네이버,네이버,EL-01,29,30,420180
2026-05-17,네이버,네이버,WR-01,26,28,339528
2026-05-17,네이버,네이버,WR-02,19,23,214038
2026-05-17,네이버,네이버,IN-01,35,41,651326
2026-05-17,네이버,네이버,KN-01,28,30,561180
2026-05-17,네이버,네이버,BK-01,24,27,758862
2026-05-17,쿠팡,올투게더나우,IN-02,4,4,42840
2026-05-17,쿠팡,올투게더나우,WR-02,7,8,71280
2026-05-17,쿠팡,올투게더나우,WR-01,7,9,104490
2026-05-17,쿠팡,올투게더나우,KN-02,3,5,157050
2026-05-17,쿠팡,올투게더나우,KN-01,6,6,107460
2026-05-17,쿠팡,올투게더나우,EL-01,3,3,40230
2026-05-17,쿠팡,올투게더나우,IN-01,4,4,60840
2026-05-17,쿠팡,올투게더나우,BK-01,1,2,53820
2026-05-17,쿠팡,휴책,KN-01,20,23,411930
2026-05-17,쿠팡,휴책,KN-02,14,15,471150
2026-05-17,쿠팡,휴책,BK-01,18,21,565110
2026-05-17,쿠팡,휴책,WR-02,7,7,62370
2026-05-17,쿠팡,휴책,IN-01,4,5,76050
2026-05-17,쿠팡,휴책,EL-01,5,5,67050
2026-05-17,쿠팡,휴책,WR-01,2,2,23220
2026-05-17,쿠팡,휴책,IN-02,4,4,42840
2026-05-17,쿠팡,유큐어,WR-01,12,13,150930
2026-05-17,쿠팡,유큐어,IN-02,11,11,117810
2026-05-17,쿠팡,유큐어,IN-01,9,10,152100
2026-05-17,쿠팡,유큐어,EL-01,5,6,80460
2026-05-17,쿠팡,유큐어,WR-02,12,14,124740
2026-05-17,쿠팡,유큐어,BK-01,4,4,107640
2026-05-17,쿠팡,유큐어,KN-02,1,1,31410
2026-05-17,쿠팡,유큐어,KN-01,4,4,71640
2026-05-17,기타,기타사이트,BK-01,9,12,348036
2026-05-17,기타,기타사이트,EL-01,2,2,28906
2026-05-17,기타,기타사이트,KN-02,7,8,270824
2026-05-17,기타,기타사이트,KN-01,4,5,96515
2026-05-17,기타,기타사이트,WR-02,1,1,9603
2026-05-17,기타,기타사이트,WR-01,1,1,12513
2026-05-17,기타,기타사이트,IN-02,1,1,11543
2026-05-18,네이버,네이버,KN-01,60,69,1290714
2026-05-18,네이버,네이버,WR-01,36,40,485040
2026-05-18,네이버,네이버,WR-02,19,19,176814
2026-05-18,네이버,네이버,IN-02,28,31,346766
2026-05-18,네이버,네이버,KN-02,53,57,1869942
2026-05-18,네이버,네이버,EL-01,36,41,574246
2026-05-18,네이버,네이버,BK-01,39,43,1208558
2026-05-18,네이버,네이버,IN-01,29,31,492466
2026-05-18,쿠팡,올투게더나우,WR-02,6,7,62370
2026-05-18,쿠팡,올투게더나우,WR-01,11,14,162540
2026-05-18,쿠팡,올투게더나우,KN-01,9,9,161190
2026-05-18,쿠팡,올투게더나우,BK-01,5,6,161460
2026-05-18,쿠팡,올투게더나우,KN-02,3,3,94230
2026-05-18,쿠팡,올투게더나우,IN-01,8,10,152100
2026-05-18,쿠팡,올투게더나우,IN-02,2,2,21420
2026-05-18,쿠팡,올투게더나우,EL-01,2,2,26820
2026-05-18,쿠팡,휴책,IN-01,14,15,228150
2026-05-18,쿠팡,휴책,KN-02,38,40,1256400
2026-05-18,쿠팡,휴책,WR-02,10,10,89100
2026-05-18,쿠팡,휴책,KN-01,31,37,662670
2026-05-18,쿠팡,휴책,IN-02,10,12,128520
2026-05-18,쿠팡,휴책,BK-01,21,25,672750
2026-05-18,쿠팡,휴책,EL-01,13,14,187740
2026-05-18,쿠팡,휴책,WR-01,5,5,58050
2026-05-18,쿠팡,유큐어,KN-02,6,6,188460
2026-05-18,쿠팡,유큐어,IN-02,10,10,107100
2026-05-18,쿠팡,유큐어,WR-02,6,6,53460
2026-05-18,쿠팡,유큐어,KN-01,2,2,35820
2026-05-18,쿠팡,유큐어,WR-01,10,10,116100
2026-05-18,쿠팡,유큐어,IN-01,6,8,121680
2026-05-18,쿠팡,유큐어,EL-01,10,10,134100
2026-05-18,쿠팡,유큐어,BK-01,3,3,80730
2026-05-18,기타,기타사이트,WR-01,2,2,25026
2026-05-18,기타,기타사이트,WR-02,6,7,67221
2026-05-18,기타,기타사이트,IN-01,8,10,163930
2026-05-18,기타,기타사이트,IN-02,2,2,23086
2026-05-18,기타,기타사이트,EL-01,2,3,43359
2026-05-18,기타,기타사이트,KN-01,4,5,96515
2026-05-18,기타,기타사이트,KN-02,6,7,236971
2026-05-18,기타,기타사이트,BK-01,6,6,174018
2026-05-19,네이버,네이버,WR-02,24,29,269874
2026-05-19,네이버,네이버,WR-01,41,44,533544
2026-05-19,네이버,네이버,IN-02,16,18,201348
2026-05-19,네이버,네이버,KN-01,66,75,1402950
2026-05-19,네이버,네이버,EL-01,32,34,476204
2026-05-19,네이버,네이버,BK-01,31,39,1096134
2026-05-19,네이버,네이버,KN-02,31,35,1148210
2026-05-19,네이버,네이버,IN-01,24,26,413036
2026-05-19,쿠팡,올투게더나우,WR-01,12,15,174150
2026-05-19,쿠팡,올투게더나우,IN-01,3,3,45630
2026-05-19,쿠팡,올투게더나우,EL-01,4,6,80460
2026-05-19,쿠팡,올투게더나우,WR-02,3,3,26730
2026-05-19,쿠팡,올투게더나우,BK-01,3,4,107640
2026-05-19,쿠팡,올투게더나우,KN-02,3,4,125640
2026-05-19,쿠팡,올투게더나우,IN-02,1,2,21420
2026-05-19,쿠팡,올투게더나우,KN-01,1,1,17910
2026-05-19,쿠팡,휴책,KN-02,28,32,1005120
2026-05-19,쿠팡,휴책,IN-02,8,9,96390
2026-05-19,쿠팡,휴책,KN-01,28,30,537300
2026-05-19,쿠팡,휴책,WR-02,6,6,53460
2026-05-19,쿠팡,휴책,EL-01,10,11,147510
2026-05-19,쿠팡,휴책,WR-01,6,7,81270
2026-05-19,쿠팡,휴책,IN-01,7,9,136890
2026-05-19,쿠팡,휴책,BK-01,17,21,565110
2026-05-19,쿠팡,유큐어,WR-02,12,14,124740
2026-05-19,쿠팡,유큐어,KN-01,2,2,35820
2026-05-19,쿠팡,유큐어,KN-02,4,4,125640
2026-05-19,쿠팡,유큐어,IN-02,13,15,160650
2026-05-19,쿠팡,유큐어,IN-01,8,9,136890
2026-05-19,쿠팡,유큐어,WR-01,11,11,127710
2026-05-19,쿠팡,유큐어,EL-01,12,14,187740
2026-05-19,쿠팡,유큐어,BK-01,6,7,188370
2026-05-19,기타,기타사이트,WR-01,7,8,100104
2026-05-19,기타,기타사이트,WR-02,2,2,19206
2026-05-19,기타,기타사이트,KN-01,9,12,231636
2026-05-19,기타,기타사이트,IN-01,4,4,65572
2026-05-19,기타,기타사이트,EL-01,4,6,86718
2026-05-19,기타,기타사이트,KN-02,4,4,135412
2026-05-19,기타,기타사이트,BK-01,7,9,261027
2026-05-19,기타,기타사이트,IN-02,3,3,34629
2026-05-20,네이버,네이버,KN-01,52,54,1010124
2026-05-20,네이버,네이버,WR-01,38,46,557796
2026-05-20,네이버,네이버,KN-02,38,43,1410658
2026-05-20,네이버,네이버,EL-01,39,45,630270
2026-05-20,네이버,네이버,IN-01,29,31,492466
2026-05-20,네이버,네이버,BK-01,36,39,1096134
2026-05-20,네이버,네이버,IN-02,15,15,167790
2026-05-20,네이버,네이버,WR-02,7,8,74448
2026-05-20,쿠팡,올투게더나우,WR-02,12,13,115830
2026-05-20,쿠팡,올투게더나우,KN-01,9,9,161190
2026-05-20,쿠팡,올투게더나우,EL-01,5,5,67050
2026-05-20,쿠팡,올투게더나우,IN-02,6,7,74970
2026-05-20,쿠팡,올투게더나우,BK-01,4,4,107640
2026-05-20,쿠팡,올투게더나우,WR-01,5,5,58050
2026-05-20,쿠팡,올투게더나우,IN-01,4,6,91260
2026-05-20,쿠팡,휴책,KN-01,32,37,662670
2026-05-20,쿠팡,휴책,WR-01,13,14,162540
2026-05-20,쿠팡,휴책,IN-01,12,12,182520
2026-05-20,쿠팡,휴책,KN-02,32,36,1130760
2026-05-20,쿠팡,휴책,IN-02,17,20,214200
2026-05-20,쿠팡,휴책,WR-02,8,8,71280
2026-05-20,쿠팡,휴책,BK-01,26,28,753480
2026-05-20,쿠팡,휴책,EL-01,12,14,187740
2026-05-20,쿠팡,유큐어,KN-02,8,9,282690
2026-05-20,쿠팡,유큐어,WR-01,16,17,197370
2026-05-20,쿠팡,유큐어,WR-02,13,14,124740
2026-05-20,쿠팡,유큐어,IN-01,9,11,167310
2026-05-20,쿠팡,유큐어,IN-02,12,13,139230
2026-05-20,쿠팡,유큐어,EL-01,9,11,147510
2026-05-20,쿠팡,유큐어,BK-01,7,8,215280
2026-05-20,쿠팡,유큐어,KN-01,7,8,143280
2026-05-20,기타,기타사이트,KN-02,10,14,473942
2026-05-20,기타,기타사이트,IN-01,12,13,213109
2026-05-20,기타,기타사이트,KN-01,6,6,115818
2026-05-20,기타,기타사이트,WR-02,4,4,38412
2026-05-20,기타,기타사이트,EL-01,2,3,43359
2026-05-20,기타,기타사이트,IN-02,8,8,92344
2026-05-20,기타,기타사이트,WR-01,1,1,12513
2026-05-20,기타,기타사이트,BK-01,2,2,58006
2026-05-21,네이버,네이버,KN-01,37,39,729534
2026-05-21,네이버,네이버,EL-01,35,41,574246
2026-05-21,네이버,네이버,IN-01,28,33,524238
2026-05-21,네이버,네이버,BK-01,31,34,955604
2026-05-21,네이버,네이버,IN-02,11,14,156604
2026-05-21,네이버,네이버,WR-01,25,31,375906
2026-05-21,네이버,네이버,KN-02,23,26,852956
2026-05-21,네이버,네이버,WR-02,17,19,176814
2026-05-21,쿠팡,올투게더나우,KN-01,4,5,89550
2026-05-21,쿠팡,올투게더나우,WR-02,7,8,71280
2026-05-21,쿠팡,올투게더나우,KN-02,5,5,157050
2026-05-21,쿠팡,올투게더나우,WR-01,7,8,92880
2026-05-21,쿠팡,올투게더나우,BK-01,5,5,134550
2026-05-21,쿠팡,올투게더나우,IN-02,3,3,32130
2026-05-21,쿠팡,올투게더나우,EL-01,2,3,40230
2026-05-21,쿠팡,올투게더나우,IN-01,1,1,15210
2026-05-21,쿠팡,휴책,KN-02,30,35,1099350
2026-05-21,쿠팡,휴책,KN-01,42,46,823860
2026-05-21,쿠팡,휴책,BK-01,22,23,618930
2026-05-21,쿠팡,휴책,WR-02,9,9,80190
2026-05-21,쿠팡,휴책,EL-01,8,10,134100
2026-05-21,쿠팡,휴책,IN-01,7,8,121680
2026-05-21,쿠팡,휴책,WR-01,15,15,174150
2026-05-21,쿠팡,휴책,IN-02,10,12,128520
2026-05-21,쿠팡,유큐어,WR-02,15,18,160380
2026-05-21,쿠팡,유큐어,EL-01,12,13,174330
2026-05-21,쿠팡,유큐어,IN-01,4,4,60840
2026-05-21,쿠팡,유큐어,IN-02,6,6,64260
2026-05-21,쿠팡,유큐어,WR-01,11,11,127710
2026-05-21,쿠팡,유큐어,KN-02,6,6,188460
2026-05-21,쿠팡,유큐어,BK-01,2,2,53820
2026-05-21,쿠팡,유큐어,KN-01,1,1,17910
2026-05-21,기타,기타사이트,IN-01,4,5,81965
2026-05-21,기타,기타사이트,EL-01,4,5,72265
2026-05-21,기타,기타사이트,KN-01,9,11,212333
2026-05-21,기타,기타사이트,WR-01,2,3,37539
2026-05-21,기타,기타사이트,BK-01,10,12,348036
2026-05-21,기타,기타사이트,IN-02,7,9,103887
2026-05-21,기타,기타사이트,WR-02,4,5,48015
2026-05-21,기타,기타사이트,KN-02,5,5,169265
2026-05-22,네이버,네이버,IN-01,50,58,921388
2026-05-22,네이버,네이버,KN-01,61,74,1384244
2026-05-22,네이버,네이버,EL-01,40,43,602258
2026-05-22,네이버,네이버,WR-01,29,31,375906
2026-05-22,네이버,네이버,BK-01,37,42,1180452
2026-05-22,네이버,네이버,KN-02,35,39,1279434
2026-05-22,네이버,네이버,IN-02,17,18,201348
2026-05-22,네이버,네이버,WR-02,17,18,167508
2026-05-22,쿠팡,올투게더나우,KN-02,4,5,157050
2026-05-22,쿠팡,올투게더나우,KN-01,4,4,71640
2026-05-22,쿠팡,올투게더나우,WR-01,11,12,139320
2026-05-22,쿠팡,올투게더나우,IN-02,3,4,42840
2026-05-22,쿠팡,올투게더나우,WR-02,6,6,53460
2026-05-22,쿠팡,올투게더나우,IN-01,3,3,45630
2026-05-22,쿠팡,올투게더나우,BK-01,4,4,107640
2026-05-22,쿠팡,올투게더나우,EL-01,2,2,26820
2026-05-22,쿠팡,휴책,BK-01,22,24,645840
2026-05-22,쿠팡,휴책,KN-02,26,35,1099350
2026-05-22,쿠팡,휴책,KN-01,27,31,555210
2026-05-22,쿠팡,휴책,WR-01,11,12,139320
2026-05-22,쿠팡,휴책,WR-02,8,8,71280
2026-05-22,쿠팡,휴책,IN-01,6,7,106470
2026-05-22,쿠팡,휴책,IN-02,5,5,53550
2026-05-22,쿠팡,휴책,EL-01,7,9,120690
2026-05-22,쿠팡,유큐어,WR-02,12,15,133650
2026-05-22,쿠팡,유큐어,WR-01,10,10,116100
2026-05-22,쿠팡,유큐어,KN-02,5,5,157050
2026-05-22,쿠팡,유큐어,BK-01,4,4,107640
2026-05-22,쿠팡,유큐어,IN-02,9,10,107100
2026-05-22,쿠팡,유큐어,IN-01,5,6,91260
2026-05-22,쿠팡,유큐어,EL-01,9,9,120690
2026-05-22,쿠팡,유큐어,KN-01,3,3,53730
2026-05-22,기타,기타사이트,KN-01,5,5,96515
2026-05-22,기타,기타사이트,BK-01,9,9,261027
2026-05-22,기타,기타사이트,KN-02,9,9,304677
2026-05-22,기타,기타사이트,WR-02,2,2,19206
2026-05-22,기타,기타사이트,IN-02,3,4,46172
2026-05-22,기타,기타사이트,IN-01,7,10,163930
2026-05-22,기타,기타사이트,EL-01,5,5,72265
2026-05-22,기타,기타사이트,WR-01,4,5,62565
2026-05-23,네이버,네이버,KN-01,40,47,879182
2026-05-23,네이버,네이버,EL-01,30,33,462198
2026-05-23,네이버,네이버,IN-01,37,41,651326
2026-05-23,네이버,네이버,WR-02,16,18,167508
2026-05-23,네이버,네이버,WR-01,22,27,327402
2026-05-23,네이버,네이버,KN-02,35,36,1181016
2026-05-23,네이버,네이버,BK-01,32,36,1011816
2026-05-23,네이버,네이버,IN-02,13,15,167790
2026-05-23,쿠팡,올투게더나우,EL-01,4,4,53640
2026-05-23,쿠팡,올투게더나우,KN-01,8,8,143280
2026-05-23,쿠팡,올투게더나우,IN-02,3,3,32130
2026-05-23,쿠팡,올투게더나우,WR-02,2,3,26730
2026-05-23,쿠팡,올투게더나우,IN-01,4,4,60840
2026-05-23,쿠팡,올투게더나우,WR-01,8,10,116100
2026-05-23,쿠팡,올투게더나우,BK-01,3,3,80730
2026-05-23,쿠팡,올투게더나우,KN-02,3,4,125640
2026-05-23,쿠팡,휴책,WR-01,9,9,104490
2026-05-23,쿠팡,휴책,KN-01,24,25,447750
2026-05-23,쿠팡,휴책,BK-01,14,15,403650
2026-05-23,쿠팡,휴책,KN-02,23,26,816660
2026-05-23,쿠팡,휴책,IN-01,8,10,152100
2026-05-23,쿠팡,휴책,EL-01,10,13,174330
2026-05-23,쿠팡,휴책,IN-02,14,15,160650
2026-05-23,쿠팡,휴책,WR-02,6,7,62370
2026-05-23,쿠팡,유큐어,WR-01,8,8,92880
2026-05-23,쿠팡,유큐어,IN-02,6,6,64260
2026-05-23,쿠팡,유큐어,IN-01,3,4,60840
2026-05-23,쿠팡,유큐어,KN-01,4,4,71640
2026-05-23,쿠팡,유큐어,EL-01,6,6,80460
2026-05-23,쿠팡,유큐어,BK-01,2,2,53820
2026-05-23,쿠팡,유큐어,WR-02,9,10,89100
2026-05-23,쿠팡,유큐어,KN-02,6,6,188460
2026-05-23,기타,기타사이트,KN-01,7,8,154424
2026-05-23,기타,기타사이트,KN-02,6,7,236971
2026-05-23,기타,기타사이트,IN-01,3,5,81965
2026-05-23,기타,기타사이트,IN-02,3,3,34629
2026-05-23,기타,기타사이트,BK-01,1,1,29003
2026-05-23,기타,기타사이트,WR-02,1,2,19206
2026-05-24,네이버,네이버,IN-01,30,34,540124
2026-05-24,네이버,네이버,WR-01,24,26,315276
2026-05-24,네이버,네이버,IN-02,15,16,178976
2026-05-24,네이버,네이버,KN-01,27,32,598592
2026-05-24,네이버,네이버,KN-02,23,24,787344
2026-05-24,네이버,네이버,EL-01,22,24,336144
2026-05-24,네이버,네이버,BK-01,24,29,815074
2026-05-24,네이버,네이버,WR-02,15,17,158202
2026-05-24,쿠팡,올투게더나우,WR-02,12,13,115830
2026-05-24,쿠팡,올투게더나우,KN-02,4,5,157050
2026-05-24,쿠팡,올투게더나우,KN-01,6,7,125370
2026-05-24,쿠팡,올투게더나우,WR-01,5,6,69660
2026-05-24,쿠팡,올투게더나우,IN-01,2,3,45630
2026-05-24,쿠팡,올투게더나우,IN-02,3,4,42840
2026-05-24,쿠팡,올투게더나우,BK-01,2,2,53820
2026-05-24,쿠팡,휴책,KN-02,27,29,910890
2026-05-24,쿠팡,휴책,KN-01,26,31,555210
2026-05-24,쿠팡,휴책,BK-01,20,25,672750
2026-05-24,쿠팡,휴책,EL-01,5,7,93870
2026-05-24,쿠팡,휴책,IN-01,6,7,106470
2026-05-24,쿠팡,휴책,WR-02,10,12,106920
2026-05-24,쿠팡,휴책,IN-02,12,14,149940
2026-05-24,쿠팡,휴책,WR-01,11,12,139320
2026-05-24,쿠팡,유큐어,KN-01,9,10,179100
2026-05-24,쿠팡,유큐어,WR-02,9,11,98010
2026-05-24,쿠팡,유큐어,IN-01,10,12,182520
2026-05-24,쿠팡,유큐어,WR-01,6,7,81270
2026-05-24,쿠팡,유큐어,EL-01,6,6,80460
2026-05-24,쿠팡,유큐어,KN-02,5,6,188460
2026-05-24,쿠팡,유큐어,BK-01,5,6,161460
2026-05-24,쿠팡,유큐어,IN-02,4,5,53550
2026-05-24,기타,기타사이트,BK-01,6,9,261027
2026-05-24,기타,기타사이트,EL-01,2,2,28906
2026-05-24,기타,기타사이트,KN-02,3,3,101559
2026-05-24,기타,기타사이트,WR-02,2,3,28809
2026-05-24,기타,기타사이트,KN-01,3,3,57909
2026-05-24,기타,기타사이트,IN-02,2,2,23086
2026-05-24,기타,기타사이트,IN-01,4,4,65572
2026-05-25,네이버,네이버,BK-01,39,43,1208558
2026-05-25,네이버,네이버,EL-01,42,45,630270
2026-05-25,네이버,네이버,IN-01,49,58,921388
2026-05-25,네이버,네이버,KN-01,59,63,1178478
2026-05-25,네이버,네이버,KN-02,36,39,1279434
2026-05-25,네이버,네이버,WR-01,42,45,545670
2026-05-25,네이버,네이버,WR-02,19,21,195426
2026-05-25,네이버,네이버,IN-02,17,19,212534
2026-05-25,쿠팡,올투게더나우,KN-01,6,7,125370
2026-05-25,쿠팡,올투게더나우,WR-01,8,8,92880
2026-05-25,쿠팡,올투게더나우,KN-02,6,7,219870
2026-05-25,쿠팡,올투게더나우,WR-02,6,8,71280
2026-05-25,쿠팡,올투게더나우,EL-01,3,4,53640
2026-05-25,쿠팡,올투게더나우,IN-02,4,5,53550
2026-05-25,쿠팡,올투게더나우,BK-01,5,7,188370
2026-05-25,쿠팡,올투게더나우,IN-01,1,2,30420
2026-05-25,쿠팡,휴책,KN-01,43,46,823860
2026-05-25,쿠팡,휴책,WR-02,13,13,115830
2026-05-25,쿠팡,휴책,IN-02,14,14,149940
2026-05-25,쿠팡,휴책,BK-01,17,18,484380
2026-05-25,쿠팡,휴책,IN-01,10,11,167310
2026-05-25,쿠팡,휴책,KN-02,34,38,1193580
2026-05-25,쿠팡,휴책,EL-01,11,12,160920
2026-05-25,쿠팡,휴책,WR-01,13,13,150930
2026-05-25,쿠팡,유큐어,IN-02,16,16,171360
2026-05-25,쿠팡,유큐어,WR-01,14,14,162540
2026-05-25,쿠팡,유큐어,WR-02,17,21,187110
2026-05-25,쿠팡,유큐어,KN-01,8,10,179100
2026-05-25,쿠팡,유큐어,BK-01,8,10,269100
2026-05-25,쿠팡,유큐어,IN-01,16,19,288990
2026-05-25,쿠팡,유큐어,KN-02,4,5,157050
2026-05-25,쿠팡,유큐어,EL-01,8,10,134100
2026-05-25,기타,기타사이트,EL-01,2,2,28906
2026-05-25,기타,기타사이트,BK-01,3,4,116012
2026-05-25,기타,기타사이트,WR-02,4,5,48015
2026-05-25,기타,기타사이트,WR-01,5,5,62565
2026-05-25,기타,기타사이트,IN-01,3,3,49179
2026-05-25,기타,기타사이트,KN-02,6,7,236971
2026-05-25,기타,기타사이트,KN-01,4,4,77212
2026-05-25,기타,기타사이트,IN-02,1,1,11543
2026-05-26,네이버,네이버,IN-02,22,24,268464
2026-05-26,네이버,네이버,WR-02,15,17,158202
2026-05-26,네이버,네이버,KN-02,48,52,1705912
2026-05-26,네이버,네이버,BK-01,46,53,1489618
2026-05-26,네이버,네이버,KN-01,70,82,1533892
2026-05-26,네이버,네이버,IN-01,41,48,762528
2026-05-26,네이버,네이버,WR-01,53,60,727560
2026-05-26,네이버,네이버,EL-01,38,45,630270
2026-05-26,쿠팡,올투게더나우,IN-01,5,5,76050
2026-05-26,쿠팡,올투게더나우,WR-01,10,13,150930
2026-05-26,쿠팡,올투게더나우,BK-01,7,7,188370
2026-05-26,쿠팡,올투게더나우,WR-02,12,12,106920
2026-05-26,쿠팡,올투게더나우,KN-02,1,2,62820
2026-05-26,쿠팡,올투게더나우,KN-01,4,5,89550
2026-05-26,쿠팡,올투게더나우,IN-02,4,5,53550
2026-05-26,쿠팡,올투게더나우,EL-01,1,1,13410
2026-05-26,쿠팡,휴책,KN-02,33,40,1256400
2026-05-26,쿠팡,휴책,KN-01,34,38,680580
2026-05-26,쿠팡,휴책,BK-01,27,31,834210
2026-05-26,쿠팡,휴책,IN-01,19,23,349830
2026-05-26,쿠팡,휴책,WR-02,16,18,160380
2026-05-26,쿠팡,휴책,EL-01,8,8,107280
2026-05-26,쿠팡,휴책,IN-02,7,9,96390
2026-05-26,쿠팡,휴책,WR-01,14,14,162540
2026-05-26,쿠팡,유큐어,WR-01,12,13,150930
2026-05-26,쿠팡,유큐어,IN-01,19,22,334620
2026-05-26,쿠팡,유큐어,KN-01,4,4,71640
2026-05-26,쿠팡,유큐어,BK-01,5,5,134550
2026-05-26,쿠팡,유큐어,EL-01,9,10,134100
2026-05-26,쿠팡,유큐어,IN-02,9,10,107100
2026-05-26,쿠팡,유큐어,KN-02,5,7,219870
2026-05-26,쿠팡,유큐어,WR-02,13,14,124740
2026-05-26,기타,기타사이트,BK-01,13,13,377039
2026-05-26,기타,기타사이트,KN-02,7,8,270824
2026-05-26,기타,기타사이트,WR-01,3,3,37539
2026-05-26,기타,기타사이트,KN-01,9,9,173727
2026-05-26,기타,기타사이트,WR-02,3,4,38412
2026-05-26,기타,기타사이트,IN-01,6,10,163930
2026-05-26,기타,기타사이트,EL-01,2,2,28906
2026-05-26,기타,기타사이트,IN-02,1,1,11543
2026-05-27,네이버,네이버,WR-02,17,18,167508
2026-05-27,네이버,네이버,BK-01,41,46,1292876
2026-05-27,네이버,네이버,WR-01,26,30,363780
2026-05-27,네이버,네이버,EL-01,35,40,560240
2026-05-27,네이버,네이버,IN-01,21,24,381264
2026-05-27,네이버,네이버,KN-01,47,54,1010124
2026-05-27,네이버,네이버,KN-02,25,27,885762
2026-05-27,네이버,네이버,IN-02,13,14,156604
2026-05-27,쿠팡,올투게더나우,WR-01,9,10,116100
2026-05-27,쿠팡,올투게더나우,KN-01,13,14,250740
2026-05-27,쿠팡,올투게더나우,IN-01,5,5,76050
2026-05-27,쿠팡,올투게더나우,KN-02,3,4,125640
2026-05-27,쿠팡,올투게더나우,EL-01,4,5,67050
2026-05-27,쿠팡,올투게더나우,IN-02,3,4,42840
2026-05-27,쿠팡,올투게더나우,BK-01,1,2,53820
2026-05-27,쿠팡,올투게더나우,WR-02,1,1,8910
2026-05-27,쿠팡,휴책,EL-01,15,15,201150
2026-05-27,쿠팡,휴책,KN-02,28,30,942300
2026-05-27,쿠팡,휴책,IN-02,18,19,203490
2026-05-27,쿠팡,휴책,BK-01,31,36,968760
2026-05-27,쿠팡,휴책,WR-01,13,13,150930
2026-05-27,쿠팡,휴책,WR-02,15,16,142560
2026-05-27,쿠팡,휴책,KN-01,43,45,805950
2026-05-27,쿠팡,휴책,IN-01,9,10,152100
2026-05-27,쿠팡,유큐어,BK-01,4,4,107640
2026-05-27,쿠팡,유큐어,EL-01,8,10,134100
2026-05-27,쿠팡,유큐어,IN-02,7,8,85680
2026-05-27,쿠팡,유큐어,WR-02,13,15,133650
2026-05-27,쿠팡,유큐어,KN-01,3,4,71640
2026-05-27,쿠팡,유큐어,KN-02,4,4,125640
2026-05-27,쿠팡,유큐어,WR-01,7,7,81270
2026-05-27,쿠팡,유큐어,IN-01,9,11,167310
2026-05-27,기타,기타사이트,KN-01,5,5,96515
2026-05-27,기타,기타사이트,WR-01,3,4,50052
2026-05-27,기타,기타사이트,IN-02,5,5,57715
2026-05-27,기타,기타사이트,BK-01,8,8,232024
2026-05-27,기타,기타사이트,WR-02,3,3,28809
2026-05-27,기타,기타사이트,KN-02,5,6,203118
2026-05-27,기타,기타사이트,EL-01,4,4,57812
2026-05-27,기타,기타사이트,IN-01,5,7,114751
2026-05-28,네이버,네이버,BK-01,43,48,1349088
2026-05-28,네이버,네이버,KN-02,33,35,1148210
2026-05-28,네이버,네이버,IN-01,46,52,826072
2026-05-28,네이버,네이버,IN-02,25,27,302022
2026-05-28,네이버,네이버,KN-01,57,66,1234596
2026-05-28,네이버,네이버,WR-02,18,20,186120
2026-05-28,네이버,네이버,WR-01,42,46,557796
2026-05-28,네이버,네이버,EL-01,39,44,616264
2026-05-28,쿠팡,올투게더나우,WR-01,6,7,81270
2026-05-28,쿠팡,올투게더나우,IN-02,5,6,64260
2026-05-28,쿠팡,올투게더나우,WR-02,8,8,71280
2026-05-28,쿠팡,올투게더나우,KN-01,7,7,125370
2026-05-28,쿠팡,올투게더나우,IN-01,4,4,60840
2026-05-28,쿠팡,올투게더나우,KN-02,5,5,157050
2026-05-28,쿠팡,올투게더나우,EL-01,3,3,40230
2026-05-28,쿠팡,올투게더나우,BK-01,2,3,80730
2026-05-28,쿠팡,휴책,BK-01,23,29,780390
2026-05-28,쿠팡,휴책,WR-02,13,15,133650
2026-05-28,쿠팡,휴책,EL-01,9,11,147510
2026-05-28,쿠팡,휴책,KN-02,31,36,1130760
2026-05-28,쿠팡,휴책,IN-01,14,17,258570
2026-05-28,쿠팡,휴책,IN-02,6,7,74970
2026-05-28,쿠팡,휴책,KN-01,24,25,447750
2026-05-28,쿠팡,휴책,WR-01,7,7,81270
2026-05-28,쿠팡,유큐어,EL-01,6,7,93870
2026-05-28,쿠팡,유큐어,IN-02,6,7,74970
2026-05-28,쿠팡,유큐어,WR-01,7,8,92880
2026-05-28,쿠팡,유큐어,WR-02,15,17,151470
2026-05-28,쿠팡,유큐어,IN-01,9,9,136890
2026-05-28,쿠팡,유큐어,KN-01,3,3,53730
2026-05-28,쿠팡,유큐어,KN-02,4,4,125640
2026-05-28,쿠팡,유큐어,BK-01,4,4,107640
2026-05-28,기타,기타사이트,KN-01,8,11,212333
2026-05-28,기타,기타사이트,EL-01,3,4,57812
2026-05-28,기타,기타사이트,KN-02,8,9,304677
2026-05-28,기타,기타사이트,WR-02,5,6,57618
2026-05-28,기타,기타사이트,WR-01,2,2,25026
2026-05-28,기타,기타사이트,IN-01,6,6,98358
2026-05-28,기타,기타사이트,BK-01,4,4,116012
2026-05-28,기타,기타사이트,IN-02,1,1,11543
2026-05-29,네이버,네이버,KN-01,51,54,1010124
2026-05-29,네이버,네이버,EL-01,38,47,658282
2026-05-29,네이버,네이버,BK-01,26,31,871286
2026-05-29,네이버,네이버,IN-01,32,37,587782
2026-05-29,네이버,네이버,WR-01,43,47,569922
2026-05-29,네이버,네이버,KN-02,35,38,1246628
2026-05-29,네이버,네이버,WR-02,13,17,158202
2026-05-29,네이버,네이버,IN-02,22,26,290836
2026-05-29,쿠팡,올투게더나우,WR-02,5,6,53460
2026-05-29,쿠팡,올투게더나우,WR-01,10,10,116100
2026-05-29,쿠팡,올투게더나우,KN-02,2,2,62820
2026-05-29,쿠팡,올투게더나우,IN-02,5,5,53550
2026-05-29,쿠팡,올투게더나우,EL-01,1,1,13410
2026-05-29,쿠팡,올투게더나우,KN-01,3,3,53730
2026-05-29,쿠팡,올투게더나우,IN-01,3,3,45630
2026-05-29,쿠팡,휴책,KN-02,39,48,1507680
2026-05-29,쿠팡,휴책,KN-01,46,53,949230
2026-05-29,쿠팡,휴책,IN-02,14,15,160650
2026-05-29,쿠팡,휴책,BK-01,23,24,645840
2026-05-29,쿠팡,휴책,WR-01,11,12,139320
2026-05-29,쿠팡,휴책,EL-01,10,11,147510
2026-05-29,쿠팡,휴책,IN-01,23,26,395460
2026-05-29,쿠팡,휴책,WR-02,10,11,98010
2026-05-29,쿠팡,유큐어,WR-02,17,17,151470
2026-05-29,쿠팡,유큐어,WR-01,15,19,220590
2026-05-29,쿠팡,유큐어,IN-02,11,12,128520
2026-05-29,쿠팡,유큐어,IN-01,13,17,258570
2026-05-29,쿠팡,유큐어,EL-01,18,22,295020
2026-05-29,쿠팡,유큐어,KN-01,6,7,125370
2026-05-29,쿠팡,유큐어,KN-02,9,10,314100
2026-05-29,쿠팡,유큐어,BK-01,6,6,161460
2026-05-29,기타,기타사이트,KN-02,9,9,304677
2026-05-29,기타,기타사이트,EL-01,4,5,72265
2026-05-29,기타,기타사이트,WR-02,4,4,38412
2026-05-29,기타,기타사이트,BK-01,6,7,203021
2026-05-29,기타,기타사이트,IN-02,3,4,46172
2026-05-29,기타,기타사이트,KN-01,8,10,193030
2026-05-29,기타,기타사이트,IN-01,5,6,98358
2026-05-29,기타,기타사이트,WR-01,5,6,75078
2026-05-30,네이버,네이버,KN-01,44,51,954006
2026-05-30,네이버,네이버,KN-02,34,39,1279434
2026-05-30,네이버,네이버,BK-01,36,40,1124240
2026-05-30,네이버,네이버,IN-01,29,34,540124
2026-05-30,네이버,네이버,IN-02,21,23,257278
2026-05-30,네이버,네이버,WR-02,11,13,120978
2026-05-30,네이버,네이버,WR-01,27,33,400158
2026-05-30,네이버,네이버,EL-01,19,22,308132
2026-05-30,쿠팡,올투게더나우,WR-02,9,13,115830
2026-05-30,쿠팡,올투게더나우,WR-01,9,10,116100
2026-05-30,쿠팡,올투게더나우,IN-02,6,7,74970
2026-05-30,쿠팡,올투게더나우,IN-01,1,1,15210
2026-05-30,쿠팡,올투게더나우,EL-01,2,2,26820
2026-05-30,쿠팡,올투게더나우,BK-01,3,5,134550
2026-05-30,쿠팡,올투게더나우,KN-01,6,7,125370
2026-05-30,쿠팡,올투게더나우,KN-02,1,2,62820
2026-05-30,쿠팡,휴책,IN-01,13,16,243360
2026-05-30,쿠팡,휴책,BK-01,15,17,457470
2026-05-30,쿠팡,휴책,WR-01,12,14,162540
2026-05-30,쿠팡,휴책,KN-01,30,34,608940
2026-05-30,쿠팡,휴책,EL-01,7,7,93870
2026-05-30,쿠팡,휴책,KN-02,29,32,1005120
2026-05-30,쿠팡,휴책,WR-02,10,14,124740
2026-05-30,쿠팡,휴책,IN-02,8,9,96390
2026-05-30,쿠팡,유큐어,EL-01,14,16,214560
2026-05-30,쿠팡,유큐어,IN-02,8,8,85680
2026-05-30,쿠팡,유큐어,WR-02,14,16,142560
2026-05-30,쿠팡,유큐어,BK-01,5,5,134550
2026-05-30,쿠팡,유큐어,WR-01,9,9,104490
2026-05-30,쿠팡,유큐어,IN-01,6,6,91260
2026-05-30,쿠팡,유큐어,KN-02,7,8,251280
2026-05-30,쿠팡,유큐어,KN-01,4,6,107460
2026-05-30,기타,기타사이트,EL-01,1,1,14453
2026-05-30,기타,기타사이트,BK-01,7,8,232024
2026-05-30,기타,기타사이트,WR-01,3,3,37539
2026-05-30,기타,기타사이트,KN-01,2,2,38606
2026-05-30,기타,기타사이트,KN-02,7,9,304677
2026-05-30,기타,기타사이트,IN-01,4,5,81965
2026-05-30,기타,기타사이트,WR-02,1,1,9603
2026-05-30,기타,기타사이트,IN-02,1,1,11543
2026-05-31,네이버,네이버,WR-01,16,18,218268
2026-05-31,네이버,네이버,IN-02,9,10,111860
2026-05-31,네이버,네이버,KN-02,29,38,1246628
2026-05-31,네이버,네이버,IN-01,30,33,524238
2026-05-31,네이버,네이버,EL-01,17,22,308132
2026-05-31,네이버,네이버,BK-01,26,31,871286
2026-05-31,네이버,네이버,KN-01,38,42,785652
2026-05-31,네이버,네이버,WR-02,10,11,102366
2026-05-31,쿠팡,올투게더나우,EL-01,2,2,26820
2026-05-31,쿠팡,올투게더나우,KN-02,2,2,62820
2026-05-31,쿠팡,올투게더나우,WR-01,8,8,92880
2026-05-31,쿠팡,올투게더나우,KN-01,4,4,71640
2026-05-31,쿠팡,올투게더나우,BK-01,2,2,53820
2026-05-31,쿠팡,올투게더나우,WR-02,4,5,44550
2026-05-31,쿠팡,올투게더나우,IN-01,3,4,60840
2026-05-31,쿠팡,올투게더나우,IN-02,2,2,21420
2026-05-31,쿠팡,휴책,KN-01,22,24,429840
2026-05-31,쿠팡,휴책,BK-01,12,12,322920
2026-05-31,쿠팡,휴책,IN-01,5,5,76050
2026-05-31,쿠팡,휴책,KN-02,28,32,1005120
2026-05-31,쿠팡,휴책,EL-01,7,7,93870
2026-05-31,쿠팡,휴책,WR-01,9,13,150930
2026-05-31,쿠팡,휴책,WR-02,5,5,44550
2026-05-31,쿠팡,휴책,IN-02,6,7,74970
2026-05-31,쿠팡,유큐어,IN-02,6,8,85680
2026-05-31,쿠팡,유큐어,IN-01,5,6,91260
2026-05-31,쿠팡,유큐어,WR-01,9,9,104490
2026-05-31,쿠팡,유큐어,WR-02,9,9,80190
2026-05-31,쿠팡,유큐어,EL-01,11,14,187740
2026-05-31,쿠팡,유큐어,KN-01,2,2,35820
2026-05-31,쿠팡,유큐어,BK-01,5,5,134550
2026-05-31,쿠팡,유큐어,KN-02,1,1,31410
2026-05-31,기타,기타사이트,IN-02,1,1,11543
2026-05-31,기타,기타사이트,EL-01,3,3,43359
2026-05-31,기타,기타사이트,KN-01,4,4,77212
2026-05-31,기타,기타사이트,KN-02,3,4,135412
2026-05-31,기타,기타사이트,BK-01,4,4,116012
2026-05-31,기타,기타사이트,WR-02,2,3,28809
2026-05-31,기타,기타사이트,WR-01,3,3,37539
2026-05-31,기타,기타사이트,IN-01,1,2,32786
2026-06-01,네이버,네이버,KN-01,65,71,1328126
2026-06-01,네이버,네이버,BK-01,43,51,1433406
2026-06-01,네이버,네이버,IN-02,29,30,335580
2026-06-01,네이버,네이버,WR-02,21,23,214038
2026-06-01,네이버,네이버,IN-01,49,55,873730
2026-06-01,네이버,네이버,EL-01,49,58,812348
2026-06-01,네이버,네이버,KN-02,39,42,1377852
2026-06-01,네이버,네이버,WR-01,44,47,569922
2026-06-01,쿠팡,올투게더나우,IN-01,5,5,76050
2026-06-01,쿠팡,올투게더나우,KN-01,3,4,71640
2026-06-01,쿠팡,올투게더나우,IN-02,2,2,21420
2026-06-01,쿠팡,올투게더나우,BK-01,3,3,80730
2026-06-01,쿠팡,올투게더나우,WR-02,7,7,62370
2026-06-01,쿠팡,올투게더나우,WR-01,9,9,104490
2026-06-01,쿠팡,올투게더나우,EL-01,2,2,26820
2026-06-01,쿠팡,올투게더나우,KN-02,2,2,62820
2026-06-01,쿠팡,휴책,WR-02,6,7,62370
2026-06-01,쿠팡,휴책,BK-01,24,27,726570
2026-06-01,쿠팡,휴책,KN-02,33,39,1224990
2026-06-01,쿠팡,휴책,IN-01,6,6,91260
2026-06-01,쿠팡,휴책,WR-01,8,8,92880
2026-06-01,쿠팡,휴책,EL-01,8,9,120690
2026-06-01,쿠팡,휴책,KN-01,16,16,286560
2026-06-01,쿠팡,휴책,IN-02,4,4,42840
2026-06-01,쿠팡,유큐어,WR-02,8,9,80190
2026-06-01,쿠팡,유큐어,EL-01,7,8,107280
2026-06-01,쿠팡,유큐어,BK-01,8,12,322920
2026-06-01,쿠팡,유큐어,WR-01,7,7,81270
2026-06-01,쿠팡,유큐어,IN-02,11,11,117810
2026-06-01,쿠팡,유큐어,IN-01,9,10,152100
2026-06-01,쿠팡,유큐어,KN-02,3,4,125640
2026-06-01,쿠팡,유큐어,KN-01,2,2,35820
2026-06-01,기타,기타사이트,BK-01,4,5,145015
2026-06-01,기타,기타사이트,WR-02,3,3,28809
2026-06-01,기타,기타사이트,KN-02,7,7,236971
2026-06-01,기타,기타사이트,KN-01,4,4,77212
2026-06-01,기타,기타사이트,IN-01,6,6,98358
2026-06-01,기타,기타사이트,EL-01,1,1,14453
2026-06-01,기타,기타사이트,IN-02,1,1,11543
2026-06-01,기타,기타사이트,WR-01,5,6,75078
2026-06-02,네이버,네이버,KN-01,67,80,1496480
2026-06-02,네이버,네이버,IN-01,47,53,841958
2026-06-02,네이버,네이버,BK-01,54,63,1770678
2026-06-02,네이버,네이버,WR-01,36,39,472914
2026-06-02,네이버,네이버,WR-02,17,21,195426
2026-06-02,네이버,네이버,IN-02,27,30,335580
2026-06-02,네이버,네이버,KN-02,35,40,1312240
2026-06-02,네이버,네이버,EL-01,46,54,756324
2026-06-02,쿠팡,올투게더나우,WR-01,16,17,197370
2026-06-02,쿠팡,올투게더나우,WR-02,7,8,71280
2026-06-02,쿠팡,올투게더나우,KN-02,3,3,94230
2026-06-02,쿠팡,올투게더나우,IN-02,1,1,10710
2026-06-02,쿠팡,올투게더나우,KN-01,11,12,214920
2026-06-02,쿠팡,올투게더나우,EL-01,7,7,93870
2026-06-02,쿠팡,올투게더나우,BK-01,2,2,53820
2026-06-02,쿠팡,올투게더나우,IN-01,2,2,30420
2026-06-02,쿠팡,휴책,KN-02,33,37,1162170
2026-06-02,쿠팡,휴책,KN-01,32,35,626850
2026-06-02,쿠팡,휴책,WR-01,16,17,197370
2026-06-02,쿠팡,휴책,BK-01,18,19,511290
2026-06-02,쿠팡,휴책,WR-02,18,18,160380
2026-06-02,쿠팡,휴책,IN-01,12,14,212940
2026-06-02,쿠팡,휴책,EL-01,10,11,147510
2026-06-02,쿠팡,휴책,IN-02,15,15,160650
2026-06-02,쿠팡,유큐어,IN-01,10,10,152100
2026-06-02,쿠팡,유큐어,WR-01,11,13,150930
2026-06-02,쿠팡,유큐어,KN-01,3,4,71640
2026-06-02,쿠팡,유큐어,EL-01,8,8,107280
2026-06-02,쿠팡,유큐어,WR-02,11,11,98010
2026-06-02,쿠팡,유큐어,KN-02,2,2,62820
2026-06-02,쿠팡,유큐어,IN-02,8,8,85680
2026-06-02,쿠팡,유큐어,BK-01,2,3,80730
2026-06-02,기타,기타사이트,KN-01,8,9,173727
2026-06-02,기타,기타사이트,WR-01,5,6,75078
2026-06-02,기타,기타사이트,KN-02,7,7,236971
2026-06-02,기타,기타사이트,BK-01,8,10,290030
2026-06-02,기타,기타사이트,IN-01,9,10,163930
2026-06-02,기타,기타사이트,IN-02,2,3,34629
2026-06-02,기타,기타사이트,WR-02,2,2,19206
2026-06-02,기타,기타사이트,EL-01,6,6,86718
2026-06-03,네이버,네이버,IN-01,47,53,841958
2026-06-03,네이버,네이버,KN-01,68,76,1421656
2026-06-03,네이버,네이버,EL-01,37,43,602258
2026-06-03,네이버,네이버,WR-01,48,52,630552
2026-06-03,네이버,네이버,BK-01,36,38,1068028
2026-06-03,네이버,네이버,KN-02,44,49,1607494
2026-06-03,네이버,네이버,WR-02,27,27,251262
2026-06-03,네이버,네이버,IN-02,20,23,257278
2026-06-03,쿠팡,올투게더나우,KN-01,6,6,107460
2026-06-03,쿠팡,올투게더나우,WR-02,7,9,80190
2026-06-03,쿠팡,올투게더나우,BK-01,1,1,26910
2026-06-03,쿠팡,올투게더나우,IN-02,2,3,32130
2026-06-03,쿠팡,올투게더나우,WR-01,7,8,92880
2026-06-03,쿠팡,올투게더나우,IN-01,3,4,60840
2026-06-03,쿠팡,올투게더나우,KN-02,2,2,62820
2026-06-03,쿠팡,올투게더나우,EL-01,3,4,53640
2026-06-03,쿠팡,휴책,KN-01,31,34,608940
2026-06-03,쿠팡,휴책,KN-02,45,51,1601910
2026-06-03,쿠팡,휴책,BK-01,21,23,618930
2026-06-03,쿠팡,휴책,IN-02,13,14,149940
2026-06-03,쿠팡,휴책,WR-01,16,19,220590
2026-06-03,쿠팡,휴책,WR-02,9,11,98010
2026-06-03,쿠팡,휴책,IN-01,16,18,273780
2026-06-03,쿠팡,휴책,EL-01,14,15,201150
2026-06-03,쿠팡,유큐어,KN-02,6,6,188460
2026-06-03,쿠팡,유큐어,WR-02,16,18,160380
2026-06-03,쿠팡,유큐어,IN-02,6,6,64260
2026-06-03,쿠팡,유큐어,WR-01,10,12,139320
2026-06-03,쿠팡,유큐어,EL-01,14,18,241380
2026-06-03,쿠팡,유큐어,KN-01,9,9,161190
2026-06-03,쿠팡,유큐어,IN-01,12,13,197730
2026-06-03,쿠팡,유큐어,BK-01,8,9,242190
2026-06-03,기타,기타사이트,EL-01,7,10,144530
2026-06-03,기타,기타사이트,WR-01,6,6,75078
2026-06-03,기타,기타사이트,BK-01,10,12,348036
2026-06-03,기타,기타사이트,IN-01,2,3,49179
2026-06-03,기타,기타사이트,KN-02,9,10,338530
2026-06-03,기타,기타사이트,WR-02,6,6,57618
2026-06-03,기타,기타사이트,IN-02,2,2,23086
2026-06-03,기타,기타사이트,KN-01,2,2,38606
2026-06-04,네이버,네이버,KN-01,58,67,1253302
2026-06-04,네이버,네이버,KN-02,53,63,2066778
2026-06-04,네이버,네이버,WR-02,20,23,214038
2026-06-04,네이버,네이버,EL-01,43,49,686294
2026-06-04,네이버,네이버,WR-01,48,57,691182
2026-06-04,네이버,네이버,BK-01,44,47,1320982
2026-06-04,네이버,네이버,IN-02,15,18,201348
2026-06-04,네이버,네이버,IN-01,47,51,810186
2026-06-04,쿠팡,올투게더나우,WR-01,6,6,69660
2026-06-04,쿠팡,올투게더나우,IN-02,6,6,64260
2026-06-04,쿠팡,올투게더나우,KN-01,3,3,53730
2026-06-04,쿠팡,올투게더나우,BK-01,4,5,134550
2026-06-04,쿠팡,올투게더나우,EL-01,3,3,40230
2026-06-04,쿠팡,올투게더나우,KN-02,2,2,62820
2026-06-04,쿠팡,올투게더나우,IN-01,1,1,15210
2026-06-04,쿠팡,올투게더나우,WR-02,5,6,53460
2026-06-04,쿠팡,휴책,KN-01,52,61,1092510
2026-06-04,쿠팡,휴책,KN-02,32,37,1162170
2026-06-04,쿠팡,휴책,BK-01,24,29,780390
2026-06-04,쿠팡,휴책,IN-01,14,15,228150
2026-06-04,쿠팡,휴책,IN-02,9,10,107100
2026-06-04,쿠팡,휴책,EL-01,17,18,241380
2026-06-04,쿠팡,휴책,WR-01,12,14,162540
2026-06-04,쿠팡,휴책,WR-02,10,12,106920
2026-06-04,쿠팡,유큐어,IN-02,10,10,107100
2026-06-04,쿠팡,유큐어,WR-02,21,25,222750
2026-06-04,쿠팡,유큐어,IN-01,12,13,197730
2026-06-04,쿠팡,유큐어,EL-01,13,16,214560
2026-06-04,쿠팡,유큐어,BK-01,5,8,215280
2026-06-04,쿠팡,유큐어,WR-01,7,8,92880
2026-06-04,쿠팡,유큐어,KN-02,5,7,219870
2026-06-04,쿠팡,유큐어,KN-01,5,7,125370
2026-06-04,기타,기타사이트,KN-01,7,8,154424
2026-06-04,기타,기타사이트,IN-01,8,10,163930
2026-06-04,기타,기타사이트,KN-02,6,6,203118
2026-06-04,기타,기타사이트,BK-01,6,6,174018
2026-06-04,기타,기타사이트,WR-01,2,3,37539
2026-06-04,기타,기타사이트,WR-02,1,2,19206
2026-06-04,기타,기타사이트,EL-01,1,1,14453
2026-06-04,기타,기타사이트,IN-02,1,1,11543
2026-06-05,네이버,네이버,KN-01,37,42,785652
2026-06-05,네이버,네이버,IN-01,28,29,460694
2026-06-05,네이버,네이버,WR-02,22,24,223344
2026-06-05,네이버,네이버,BK-01,42,47,1320982
2026-06-05,네이버,네이버,WR-01,25,25,303150
2026-06-05,네이버,네이버,IN-02,11,12,134232
2026-06-05,네이버,네이버,EL-01,30,34,476204
2026-06-05,네이버,네이버,KN-02,30,32,1049792
2026-06-05,쿠팡,올투게더나우,KN-01,5,5,89550
2026-06-05,쿠팡,올투게더나우,WR-01,8,10,116100
2026-06-05,쿠팡,올투게더나우,IN-02,1,1,10710
2026-06-05,쿠팡,올투게더나우,WR-02,7,8,71280
2026-06-05,쿠팡,올투게더나우,IN-01,3,3,45630
2026-06-05,쿠팡,올투게더나우,EL-01,4,5,67050
2026-06-05,쿠팡,올투게더나우,BK-01,2,2,53820
2026-06-05,쿠팡,올투게더나우,KN-02,1,1,31410
2026-06-05,쿠팡,휴책,KN-01,26,32,573120
2026-06-05,쿠팡,휴책,WR-01,9,11,127710
2026-06-05,쿠팡,휴책,WR-02,14,16,142560
2026-06-05,쿠팡,휴책,BK-01,17,20,538200
2026-06-05,쿠팡,휴책,IN-01,9,12,182520
2026-06-05,쿠팡,휴책,KN-02,28,30,942300
2026-06-05,쿠팡,휴책,EL-01,10,10,134100
2026-06-05,쿠팡,휴책,IN-02,4,4,42840
2026-06-05,쿠팡,유큐어,IN-01,22,23,349830
2026-06-05,쿠팡,유큐어,IN-02,9,12,128520
2026-06-05,쿠팡,유큐어,KN-01,10,12,214920
2026-06-05,쿠팡,유큐어,WR-02,16,18,160380
2026-06-05,쿠팡,유큐어,KN-02,5,5,157050
2026-06-05,쿠팡,유큐어,WR-01,5,5,58050
2026-06-05,쿠팡,유큐어,BK-01,5,5,134550
2026-06-05,쿠팡,유큐어,EL-01,7,7,93870
2026-06-05,기타,기타사이트,KN-01,9,10,193030
2026-06-05,기타,기타사이트,KN-02,8,8,270824
2026-06-05,기타,기타사이트,WR-01,5,6,75078
2026-06-05,기타,기타사이트,BK-01,6,7,203021
2026-06-05,기타,기타사이트,IN-02,3,4,46172
2026-06-05,기타,기타사이트,IN-01,7,8,131144
2026-06-05,기타,기타사이트,EL-01,1,1,14453
2026-06-05,기타,기타사이트,WR-02,4,5,48015
2026-06-06,네이버,네이버,EL-01,30,33,462198
2026-06-06,네이버,네이버,KN-02,30,32,1049792
2026-06-06,네이버,네이버,BK-01,23,26,730756
2026-06-06,네이버,네이버,KN-01,40,42,785652
2026-06-06,네이버,네이버,IN-01,30,36,571896
2026-06-06,네이버,네이버,WR-02,14,15,139590
2026-06-06,네이버,네이버,WR-01,29,32,388032
2026-06-06,네이버,네이버,IN-02,11,12,134232
2026-06-06,쿠팡,올투게더나우,KN-01,4,5,89550
2026-06-06,쿠팡,올투게더나우,WR-01,8,9,104490
2026-06-06,쿠팡,올투게더나우,EL-01,2,2,26820
2026-06-06,쿠팡,올투게더나우,IN-02,1,1,10710
2026-06-06,쿠팡,올투게더나우,KN-02,4,4,125640
2026-06-06,쿠팡,올투게더나우,BK-01,2,2,53820
2026-06-06,쿠팡,올투게더나우,WR-02,2,2,17820
2026-06-06,쿠팡,올투게더나우,IN-01,1,2,30420
2026-06-06,쿠팡,휴책,WR-02,11,12,106920
2026-06-06,쿠팡,휴책,IN-02,9,10,107100
2026-06-06,쿠팡,휴책,KN-01,34,35,626850
2026-06-06,쿠팡,휴책,KN-02,18,18,565380
2026-06-06,쿠팡,휴책,BK-01,28,33,888030
2026-06-06,쿠팡,휴책,IN-01,7,8,121680
2026-06-06,쿠팡,휴책,WR-01,15,15,174150
2026-06-06,쿠팡,휴책,EL-01,9,9,120690
2026-06-06,쿠팡,유큐어,KN-01,5,6,107460
2026-06-06,쿠팡,유큐어,WR-02,10,11,98010
2026-06-06,쿠팡,유큐어,WR-01,9,10,116100
2026-06-06,쿠팡,유큐어,IN-02,5,6,64260
2026-06-06,쿠팡,유큐어,KN-02,3,3,94230
2026-06-06,쿠팡,유큐어,EL-01,6,7,93870
2026-06-06,쿠팡,유큐어,IN-01,4,5,76050
2026-06-06,쿠팡,유큐어,BK-01,1,1,26910
2026-06-06,기타,기타사이트,KN-02,7,7,236971
2026-06-06,기타,기타사이트,IN-01,5,5,81965
2026-06-06,기타,기타사이트,KN-01,6,6,115818
2026-06-06,기타,기타사이트,BK-01,6,7,203021
2026-06-06,기타,기타사이트,EL-01,2,2,28906
2026-06-06,기타,기타사이트,WR-02,2,2,19206
2026-06-06,기타,기타사이트,IN-02,2,2,23086
2026-06-06,기타,기타사이트,WR-01,1,1,12513
2026-06-07,네이버,네이버,EL-01,33,41,574246
2026-06-07,네이버,네이버,WR-01,26,28,339528
2026-06-07,네이버,네이버,BK-01,35,40,1124240
2026-06-07,네이버,네이버,IN-01,25,28,444808
2026-06-07,네이버,네이버,KN-01,48,52,972712
2026-06-07,네이버,네이버,KN-02,31,34,1115404
2026-06-07,네이버,네이버,WR-02,11,12,111672
2026-06-07,네이버,네이버,IN-02,14,15,167790
2026-06-07,쿠팡,올투게더나우,WR-01,10,10,116100
2026-06-07,쿠팡,올투게더나우,IN-02,3,3,32130
2026-06-07,쿠팡,올투게더나우,KN-01,4,4,71640
2026-06-07,쿠팡,올투게더나우,EL-01,4,5,67050
2026-06-07,쿠팡,올투게더나우,IN-01,5,5,76050
2026-06-07,쿠팡,올투게더나우,WR-02,6,7,62370
2026-06-07,쿠팡,올투게더나우,KN-02,3,4,125640
2026-06-07,쿠팡,휴책,KN-02,25,32,1005120
2026-06-07,쿠팡,휴책,BK-01,16,18,484380
2026-06-07,쿠팡,휴책,IN-02,10,11,117810
2026-06-07,쿠팡,휴책,EL-01,6,7,93870
2026-06-07,쿠팡,휴책,WR-01,13,14,162540
2026-06-07,쿠팡,휴책,KN-01,17,19,340290
2026-06-07,쿠팡,휴책,WR-02,5,6,53460
2026-06-07,쿠팡,휴책,IN-01,7,8,121680
2026-06-07,쿠팡,유큐어,IN-02,9,11,117810
2026-06-07,쿠팡,유큐어,EL-01,11,12,160920
2026-06-07,쿠팡,유큐어,IN-01,7,7,106470
2026-06-07,쿠팡,유큐어,WR-02,17,18,160380
2026-06-07,쿠팡,유큐어,BK-01,7,7,188370
2026-06-07,쿠팡,유큐어,WR-01,10,13,150930
2026-06-07,쿠팡,유큐어,KN-01,1,1,17910
2026-06-07,기타,기타사이트,KN-02,3,4,135412
2026-06-07,기타,기타사이트,IN-02,6,8,92344
2026-06-07,기타,기타사이트,KN-01,9,9,173727
2026-06-07,기타,기타사이트,WR-02,2,3,28809
2026-06-07,기타,기타사이트,EL-01,3,4,57812
2026-06-07,기타,기타사이트,BK-01,8,9,261027
2026-06-07,기타,기타사이트,IN-01,3,4,65572
2026-06-07,기타,기타사이트,WR-01,1,1,12513
2026-06-08,네이버,네이버,BK-01,40,44,1236664
2026-06-08,네이버,네이버,KN-01,41,46,860476
2026-06-08,네이버,네이버,IN-02,26,29,324394
2026-06-08,네이버,네이버,WR-01,34,37,448662
2026-06-08,네이버,네이버,IN-01,41,43,683098
2026-06-08,네이버,네이버,KN-02,32,34,1115404
2026-06-08,네이버,네이버,WR-02,17,18,167508
2026-06-08,네이버,네이버,EL-01,36,39,546234
2026-06-08,쿠팡,올투게더나우,WR-01,11,11,127710
2026-06-08,쿠팡,올투게더나우,KN-02,6,7,219870
2026-06-08,쿠팡,올투게더나우,KN-01,5,6,107460
2026-06-08,쿠팡,올투게더나우,WR-02,4,4,35640
2026-06-08,쿠팡,올투게더나우,EL-01,2,3,40230
2026-06-08,쿠팡,올투게더나우,BK-01,1,1,26910
2026-06-08,쿠팡,올투게더나우,IN-01,3,4,60840
2026-06-08,쿠팡,올투게더나우,IN-02,3,4,42840
2026-06-08,쿠팡,휴책,IN-01,11,13,197730
2026-06-08,쿠팡,휴책,KN-02,29,31,973710
2026-06-08,쿠팡,휴책,EL-01,23,24,321840
2026-06-08,쿠팡,휴책,IN-02,5,5,53550
2026-06-08,쿠팡,휴책,WR-02,13,14,124740
2026-06-08,쿠팡,휴책,BK-01,13,14,376740
2026-06-08,쿠팡,휴책,KN-01,23,27,483570
2026-06-08,쿠팡,휴책,WR-01,8,9,104490
2026-06-08,쿠팡,유큐어,KN-01,4,4,71640
2026-06-08,쿠팡,유큐어,IN-01,10,10,152100
2026-06-08,쿠팡,유큐어,IN-02,15,16,171360
2026-06-08,쿠팡,유큐어,BK-01,4,6,161460
2026-06-08,쿠팡,유큐어,WR-02,15,18,160380
2026-06-08,쿠팡,유큐어,EL-01,11,15,201150
2026-06-08,쿠팡,유큐어,KN-02,6,6,188460
2026-06-08,쿠팡,유큐어,WR-01,15,16,185760
2026-06-08,기타,기타사이트,KN-01,8,9,173727
2026-06-08,기타,기타사이트,WR-02,9,11,105633
2026-06-08,기타,기타사이트,IN-01,8,9,147537
2026-06-08,기타,기타사이트,KN-02,5,5,169265
2026-06-08,기타,기타사이트,BK-01,9,10,290030
2026-06-08,기타,기타사이트,EL-01,3,4,57812
2026-06-08,기타,기타사이트,IN-02,4,4,46172
2026-06-08,기타,기타사이트,WR-01,2,2,25026
2026-06-09,네이버,네이버,IN-01,35,41,651326
2026-06-09,네이버,네이버,WR-01,42,47,569922
2026-06-09,네이버,네이버,BK-01,31,35,983710
2026-06-09,네이버,네이버,EL-01,35,41,574246
2026-06-09,네이버,네이버,KN-01,50,53,991418
2026-06-09,네이버,네이버,IN-02,15,16,178976
2026-06-09,네이버,네이버,KN-02,36,43,1410658
2026-06-09,네이버,네이버,WR-02,14,16,148896
2026-06-09,쿠팡,올투게더나우,WR-01,6,6,69660
2026-06-09,쿠팡,올투게더나우,KN-01,6,6,107460
2026-06-09,쿠팡,올투게더나우,KN-02,5,7,219870
2026-06-09,쿠팡,올투게더나우,IN-01,3,3,45630
2026-06-09,쿠팡,올투게더나우,EL-01,2,3,40230
2026-06-09,쿠팡,올투게더나우,BK-01,5,5,134550
2026-06-09,쿠팡,올투게더나우,IN-02,1,1,10710
2026-06-09,쿠팡,올투게더나우,WR-02,1,1,8910
2026-06-09,쿠팡,휴책,KN-01,27,29,519390
2026-06-09,쿠팡,휴책,BK-01,16,18,484380
2026-06-09,쿠팡,휴책,KN-02,23,26,816660
2026-06-09,쿠팡,휴책,WR-01,6,6,69660
2026-06-09,쿠팡,휴책,EL-01,5,6,80460
2026-06-09,쿠팡,휴책,IN-02,11,15,160650
2026-06-09,쿠팡,휴책,WR-02,7,9,80190
2026-06-09,쿠팡,휴책,IN-01,9,9,136890
2026-06-09,쿠팡,유큐어,WR-01,17,20,232200
2026-06-09,쿠팡,유큐어,IN-02,8,8,85680
2026-06-09,쿠팡,유큐어,IN-01,7,8,121680
2026-06-09,쿠팡,유큐어,EL-01,8,8,107280
2026-06-09,쿠팡,유큐어,WR-02,15,16,142560
2026-06-09,쿠팡,유큐어,BK-01,5,6,161460
2026-06-09,쿠팡,유큐어,KN-01,7,8,143280
2026-06-09,쿠팡,유큐어,KN-02,3,3,94230
2026-06-09,기타,기타사이트,WR-01,3,3,37539
2026-06-09,기타,기타사이트,EL-01,4,5,72265
2026-06-09,기타,기타사이트,KN-01,10,10,193030
2026-06-09,기타,기타사이트,BK-01,6,7,203021
2026-06-09,기타,기타사이트,IN-01,5,6,98358
2026-06-09,기타,기타사이트,IN-02,3,4,46172
2026-06-09,기타,기타사이트,KN-02,3,3,101559
2026-06-09,기타,기타사이트,WR-02,3,4,38412
2026-06-10,네이버,네이버,EL-01,45,51,714306
2026-06-10,네이버,네이버,BK-01,43,48,1349088
2026-06-10,네이버,네이버,WR-01,30,32,388032
2026-06-10,네이버,네이버,IN-01,38,39,619554
2026-06-10,네이버,네이버,KN-01,48,54,1010124
2026-06-10,네이버,네이버,IN-02,17,19,212534
2026-06-10,네이버,네이버,KN-02,33,35,1148210
2026-06-10,네이버,네이버,WR-02,14,15,139590
2026-06-10,쿠팡,올투게더나우,IN-02,7,9,96390
2026-06-10,쿠팡,올투게더나우,WR-02,12,14,124740
2026-06-10,쿠팡,올투게더나우,BK-01,5,7,188370
2026-06-10,쿠팡,올투게더나우,KN-02,8,9,282690
2026-06-10,쿠팡,올투게더나우,KN-01,3,3,53730
2026-06-10,쿠팡,올투게더나우,WR-01,12,14,162540
2026-06-10,쿠팡,올투게더나우,IN-01,2,3,45630
2026-06-10,쿠팡,휴책,EL-01,14,15,201150
2026-06-10,쿠팡,휴책,KN-02,30,34,1067940
2026-06-10,쿠팡,휴책,KN-01,32,38,680580
2026-06-10,쿠팡,휴책,BK-01,22,25,672750
2026-06-10,쿠팡,휴책,IN-01,10,11,167310
2026-06-10,쿠팡,휴책,WR-02,11,12,106920
2026-06-10,쿠팡,휴책,WR-01,12,12,139320
2026-06-10,쿠팡,휴책,IN-02,11,12,128520
2026-06-10,쿠팡,유큐어,BK-01,4,5,134550
2026-06-10,쿠팡,유큐어,EL-01,11,12,160920
2026-06-10,쿠팡,유큐어,KN-02,5,5,157050
2026-06-10,쿠팡,유큐어,IN-01,5,6,91260
2026-06-10,쿠팡,유큐어,WR-01,7,7,81270
2026-06-10,쿠팡,유큐어,IN-02,6,7,74970
2026-06-10,쿠팡,유큐어,KN-01,4,4,71640
2026-06-10,쿠팡,유큐어,WR-02,13,14,124740
2026-06-10,기타,기타사이트,BK-01,9,9,261027
2026-06-10,기타,기타사이트,WR-01,4,4,50052
2026-06-10,기타,기타사이트,IN-01,3,3,49179
2026-06-10,기타,기타사이트,KN-01,8,8,154424
2026-06-10,기타,기타사이트,KN-02,4,4,135412
2026-06-10,기타,기타사이트,EL-01,4,4,57812
2026-06-10,기타,기타사이트,IN-02,3,3,34629
2026-06-11,네이버,네이버,KN-01,73,88,1646128
2026-06-11,네이버,네이버,IN-01,30,35,556010
2026-06-11,네이버,네이버,EL-01,42,48,672288
2026-06-11,네이버,네이버,BK-01,29,32,899392
2026-06-11,네이버,네이버,WR-02,18,21,195426
2026-06-11,네이버,네이버,IN-02,17,20,223720
2026-06-11,네이버,네이버,WR-01,36,39,472914
2026-06-11,네이버,네이버,KN-02,26,29,951374
2026-06-11,쿠팡,올투게더나우,WR-01,12,14,162540
2026-06-11,쿠팡,올투게더나우,KN-02,3,4,125640
2026-06-11,쿠팡,올투게더나우,KN-01,8,9,161190
2026-06-11,쿠팡,올투게더나우,BK-01,3,3,80730
2026-06-11,쿠팡,올투게더나우,IN-01,2,2,30420
2026-06-11,쿠팡,올투게더나우,WR-02,4,4,35640
2026-06-11,쿠팡,올투게더나우,EL-01,4,5,67050
2026-06-11,쿠팡,올투게더나우,IN-02,2,2,21420
2026-06-11,쿠팡,휴책,BK-01,21,23,618930
2026-06-11,쿠팡,휴책,KN-02,44,51,1601910
2026-06-11,쿠팡,휴책,WR-01,18,21,243810
2026-06-11,쿠팡,휴책,KN-01,43,49,877590
2026-06-11,쿠팡,휴책,EL-01,17,17,227970
2026-06-11,쿠팡,휴책,WR-02,15,19,169290
2026-06-11,쿠팡,휴책,IN-01,13,16,243360
2026-06-11,쿠팡,휴책,IN-02,16,17,182070
2026-06-11,쿠팡,유큐어,KN-01,4,4,71640
2026-06-11,쿠팡,유큐어,WR-02,18,21,187110
2026-06-11,쿠팡,유큐어,IN-02,20,22,235620
2026-06-11,쿠팡,유큐어,BK-01,8,9,242190
2026-06-11,쿠팡,유큐어,KN-02,9,10,314100
2026-06-11,쿠팡,유큐어,WR-01,11,13,150930
2026-06-11,쿠팡,유큐어,EL-01,14,16,214560
2026-06-11,쿠팡,유큐어,IN-01,7,8,121680
2026-06-11,기타,기타사이트,WR-01,3,3,37539
2026-06-11,기타,기타사이트,KN-02,4,4,135412
2026-06-11,기타,기타사이트,KN-01,8,10,193030
2026-06-11,기타,기타사이트,BK-01,2,2,58006
2026-06-11,기타,기타사이트,IN-01,5,6,98358
2026-06-11,기타,기타사이트,IN-02,7,7,80801
2026-06-11,기타,기타사이트,EL-01,3,3,43359
2026-06-11,기타,기타사이트,WR-02,2,4,38412
2026-06-12,네이버,네이버,KN-02,41,43,1410658
2026-06-12,네이버,네이버,IN-01,42,53,841958
2026-06-12,네이버,네이버,EL-01,33,34,476204
2026-06-12,네이버,네이버,IN-02,30,34,380324
2026-06-12,네이버,네이버,BK-01,44,49,1377194
2026-06-12,네이버,네이버,KN-01,50,57,1066242
2026-06-12,네이버,네이버,WR-01,49,57,691182
2026-06-12,네이버,네이버,WR-02,15,17,158202
2026-06-12,쿠팡,올투게더나우,IN-01,4,6,91260
2026-06-12,쿠팡,올투게더나우,KN-02,6,7,219870
2026-06-12,쿠팡,올투게더나우,BK-01,2,3,80730
2026-06-12,쿠팡,올투게더나우,KN-01,8,9,161190
2026-06-12,쿠팡,올투게더나우,IN-02,4,4,42840
2026-06-12,쿠팡,올투게더나우,WR-02,7,8,71280
2026-06-12,쿠팡,올투게더나우,WR-01,13,15,174150
2026-06-12,쿠팡,올투게더나우,EL-01,2,2,26820
2026-06-12,쿠팡,휴책,KN-02,29,32,1005120
2026-06-12,쿠팡,휴책,IN-01,12,13,197730
2026-06-12,쿠팡,휴책,EL-01,13,16,214560
2026-06-12,쿠팡,휴책,WR-02,9,10,89100
2026-06-12,쿠팡,휴책,KN-01,23,26,465660
2026-06-12,쿠팡,휴책,BK-01,14,16,430560
2026-06-12,쿠팡,휴책,WR-01,11,12,139320
2026-06-12,쿠팡,휴책,IN-02,5,6,64260
2026-06-12,쿠팡,유큐어,WR-02,25,30,267300
2026-06-12,쿠팡,유큐어,KN-02,6,6,188460
2026-06-12,쿠팡,유큐어,IN-01,9,9,136890
2026-06-12,쿠팡,유큐어,IN-02,13,13,139230
2026-06-12,쿠팡,유큐어,BK-01,6,6,161460
2026-06-12,쿠팡,유큐어,WR-01,12,13,150930
2026-06-12,쿠팡,유큐어,KN-01,9,11,197010
2026-06-12,쿠팡,유큐어,EL-01,6,6,80460
2026-06-12,기타,기타사이트,WR-02,2,3,28809
2026-06-12,기타,기타사이트,KN-02,6,9,304677
2026-06-12,기타,기타사이트,WR-01,6,7,87591
2026-06-12,기타,기타사이트,KN-01,6,6,115818
2026-06-12,기타,기타사이트,EL-01,4,4,57812
2026-06-12,기타,기타사이트,BK-01,8,10,290030
2026-06-12,기타,기타사이트,IN-01,7,9,147537
2026-06-12,기타,기타사이트,IN-02,4,5,57715
2026-06-13,네이버,네이버,KN-01,23,25,467650
2026-06-13,네이버,네이버,WR-01,23,28,339528
2026-06-13,네이버,네이버,EL-01,25,27,378162
2026-06-13,네이버,네이버,IN-01,16,17,270062
2026-06-13,네이버,네이버,KN-02,25,28,918568
2026-06-13,네이버,네이버,IN-02,8,8,89488
2026-06-13,네이버,네이버,BK-01,20,21,590226
2026-06-13,네이버,네이버,WR-02,14,16,148896
2026-06-13,쿠팡,올투게더나우,KN-01,8,8,143280
2026-06-13,쿠팡,올투게더나우,WR-02,7,7,62370
2026-06-13,쿠팡,올투게더나우,EL-01,1,1,13410
2026-06-13,쿠팡,올투게더나우,KN-02,3,4,125640
2026-06-13,쿠팡,올투게더나우,WR-01,6,7,81270
2026-06-13,쿠팡,올투게더나우,IN-02,3,4,42840
2026-06-13,쿠팡,올투게더나우,IN-01,1,2,30420
2026-06-13,쿠팡,올투게더나우,BK-01,2,2,53820
2026-06-13,쿠팡,휴책,KN-01,31,34,608940
2026-06-13,쿠팡,휴책,IN-01,12,14,212940
2026-06-13,쿠팡,휴책,EL-01,11,12,160920
2026-06-13,쿠팡,휴책,BK-01,23,26,699660
2026-06-13,쿠팡,휴책,WR-02,11,15,133650
2026-06-13,쿠팡,휴책,IN-02,12,16,171360
2026-06-13,쿠팡,휴책,KN-02,24,25,785250
2026-06-13,쿠팡,휴책,WR-01,11,14,162540
2026-06-13,쿠팡,유큐어,IN-02,5,6,64260
2026-06-13,쿠팡,유큐어,WR-01,10,12,139320
2026-06-13,쿠팡,유큐어,IN-01,11,11,167310
2026-06-13,쿠팡,유큐어,EL-01,8,8,107280
2026-06-13,쿠팡,유큐어,WR-02,21,22,196020
2026-06-13,쿠팡,유큐어,KN-02,7,8,251280
2026-06-13,쿠팡,유큐어,KN-01,3,3,53730
2026-06-13,쿠팡,유큐어,BK-01,2,2,53820
2026-06-13,기타,기타사이트,KN-02,7,7,236971
2026-06-13,기타,기타사이트,IN-01,4,4,65572
2026-06-13,기타,기타사이트,KN-01,10,11,212333
2026-06-13,기타,기타사이트,WR-02,1,1,9603
2026-06-13,기타,기타사이트,BK-01,6,7,203021
2026-06-13,기타,기타사이트,WR-01,2,2,25026
2026-06-13,기타,기타사이트,IN-02,3,4,46172
2026-06-13,기타,기타사이트,EL-01,3,4,57812
2026-06-14,네이버,네이버,KN-02,32,37,1213822
2026-06-14,네이버,네이버,IN-01,30,32,508352
2026-06-14,네이버,네이버,KN-01,47,55,1028830
2026-06-14,네이버,네이버,EL-01,28,29,406174
2026-06-14,네이버,네이버,BK-01,32,39,1096134
2026-06-14,네이버,네이버,WR-02,14,15,139590
2026-06-14,네이버,네이버,IN-02,20,21,234906
2026-06-14,네이버,네이버,WR-01,34,38,460788
2026-06-14,쿠팡,올투게더나우,BK-01,4,4,107640
2026-06-14,쿠팡,올투게더나우,WR-01,7,7,81270
2026-06-14,쿠팡,올투게더나우,KN-01,7,8,143280
2026-06-14,쿠팡,올투게더나우,IN-02,5,6,64260
2026-06-14,쿠팡,올투게더나우,WR-02,4,4,35640
2026-06-14,쿠팡,올투게더나우,IN-01,4,4,60840
2026-06-14,쿠팡,올투게더나우,EL-01,1,1,13410
2026-06-14,쿠팡,올투게더나우,KN-02,1,1,31410
2026-06-14,쿠팡,휴책,KN-02,25,29,910890
2026-06-14,쿠팡,휴책,IN-01,6,7,106470
2026-06-14,쿠팡,휴책,WR-01,9,10,116100
2026-06-14,쿠팡,휴책,EL-01,13,14,187740
2026-06-14,쿠팡,휴책,BK-01,22,25,672750
2026-06-14,쿠팡,휴책,KN-01,29,31,555210
2026-06-14,쿠팡,휴책,IN-02,13,13,139230
2026-06-14,쿠팡,휴책,WR-02,13,13,115830
2026-06-14,쿠팡,유큐어,WR-02,9,10,89100
2026-06-14,쿠팡,유큐어,IN-02,11,12,128520
2026-06-14,쿠팡,유큐어,KN-02,5,6,188460
2026-06-14,쿠팡,유큐어,EL-01,9,13,174330
2026-06-14,쿠팡,유큐어,KN-01,3,3,53730
2026-06-14,쿠팡,유큐어,IN-01,8,9,136890
2026-06-14,쿠팡,유큐어,WR-01,7,7,81270
2026-06-14,쿠팡,유큐어,BK-01,1,1,26910
2026-06-14,기타,기타사이트,BK-01,7,7,203021
2026-06-14,기타,기타사이트,IN-02,3,5,57715
2026-06-14,기타,기타사이트,KN-01,3,3,57909
2026-06-14,기타,기타사이트,IN-01,4,4,65572
2026-06-14,기타,기타사이트,WR-02,2,2,19206
2026-06-14,기타,기타사이트,WR-01,1,1,12513
2026-06-14,기타,기타사이트,EL-01,2,2,28906
2026-06-15,네이버,네이버,EL-01,38,44,616264
2026-06-15,네이버,네이버,BK-01,33,35,983710
2026-06-15,네이버,네이버,KN-01,41,46,860476
2026-06-15,네이버,네이버,IN-02,16,19,212534
2026-06-15,네이버,네이버,IN-01,42,44,698984
2026-06-15,네이버,네이버,WR-01,28,31,375906
2026-06-15,네이버,네이버,KN-02,39,43,1410658
2026-06-15,네이버,네이버,WR-02,9,10,93060
2026-06-15,쿠팡,올투게더나우,WR-01,14,16,185760
2026-06-15,쿠팡,올투게더나우,KN-01,5,7,125370
2026-06-15,쿠팡,올투게더나우,WR-02,7,8,71280
2026-06-15,쿠팡,올투게더나우,EL-01,2,2,26820
2026-06-15,쿠팡,올투게더나우,BK-01,4,4,107640
2026-06-15,쿠팡,올투게더나우,IN-02,1,1,10710
2026-06-15,쿠팡,올투게더나우,KN-02,1,1,31410
2026-06-15,쿠팡,휴책,WR-01,14,15,174150
2026-06-15,쿠팡,휴책,IN-02,11,13,139230
2026-06-15,쿠팡,휴책,BK-01,15,17,457470
2026-06-15,쿠팡,휴책,KN-01,15,17,304470
2026-06-15,쿠팡,휴책,KN-02,22,28,879480
2026-06-15,쿠팡,휴책,WR-02,11,12,106920
2026-06-15,쿠팡,휴책,IN-01,12,13,197730
2026-06-15,쿠팡,휴책,EL-01,6,7,93870
2026-06-15,쿠팡,유큐어,EL-01,11,11,147510
2026-06-15,쿠팡,유큐어,BK-01,9,11,296010
2026-06-15,쿠팡,유큐어,WR-01,10,11,127710
2026-06-15,쿠팡,유큐어,IN-02,8,8,85680
2026-06-15,쿠팡,유큐어,IN-01,5,5,76050
2026-06-15,쿠팡,유큐어,WR-02,13,15,133650
2026-06-15,쿠팡,유큐어,KN-02,5,5,157050
2026-06-15,쿠팡,유큐어,KN-01,4,4,71640
2026-06-15,기타,기타사이트,WR-01,4,4,50052
2026-06-15,기타,기타사이트,BK-01,4,4,116012
2026-06-15,기타,기타사이트,KN-02,9,9,304677
2026-06-15,기타,기타사이트,IN-01,6,6,98358
2026-06-15,기타,기타사이트,IN-02,2,2,23086
2026-06-15,기타,기타사이트,KN-01,4,4,77212
2026-06-15,기타,기타사이트,WR-02,1,1,9603
2026-06-16,네이버,네이버,KN-01,37,40,748240
2026-06-16,네이버,네이버,EL-01,36,40,560240
2026-06-16,네이버,네이버,WR-02,20,23,214038
2026-06-16,네이버,네이버,KN-02,19,20,656120
2026-06-16,네이버,네이버,BK-01,31,36,1011816
2026-06-16,네이버,네이버,IN-01,31,38,603668
2026-06-16,네이버,네이버,WR-01,22,24,291024
2026-06-16,네이버,네이버,IN-02,11,14,156604
2026-06-16,쿠팡,올투게더나우,KN-01,13,16,286560
2026-06-16,쿠팡,올투게더나우,IN-01,2,2,30420
2026-06-16,쿠팡,올투게더나우,IN-02,5,8,85680
2026-06-16,쿠팡,올투게더나우,KN-02,6,6,188460
2026-06-16,쿠팡,올투게더나우,WR-01,11,13,150930
2026-06-16,쿠팡,올투게더나우,EL-01,5,5,67050
2026-06-16,쿠팡,올투게더나우,WR-02,5,5,44550
2026-06-16,쿠팡,올투게더나우,BK-01,3,3,80730
2026-06-16,쿠팡,휴책,KN-01,35,38,680580
2026-06-16,쿠팡,휴책,IN-01,12,12,182520
2026-06-16,쿠팡,휴책,KN-02,40,44,1382040
2026-06-16,쿠팡,휴책,WR-02,15,17,151470
2026-06-16,쿠팡,휴책,BK-01,20,24,645840
2026-06-16,쿠팡,휴책,EL-01,16,17,227970
2026-06-16,쿠팡,휴책,WR-01,12,12,139320
2026-06-16,쿠팡,휴책,IN-02,15,18,192780
2026-06-16,쿠팡,유큐어,KN-02,5,5,157050
2026-06-16,쿠팡,유큐어,IN-02,6,7,74970
2026-06-16,쿠팡,유큐어,IN-01,15,16,243360
2026-06-16,쿠팡,유큐어,WR-02,14,16,142560
2026-06-16,쿠팡,유큐어,KN-01,2,2,35820
2026-06-16,쿠팡,유큐어,WR-01,10,10,116100
2026-06-16,쿠팡,유큐어,BK-01,5,5,134550
2026-06-16,쿠팡,유큐어,EL-01,13,14,187740
2026-06-16,기타,기타사이트,IN-01,11,12,196716
2026-06-16,기타,기타사이트,KN-01,13,14,270242
2026-06-16,기타,기타사이트,BK-01,2,3,87009
2026-06-16,기타,기타사이트,IN-02,5,5,57715
2026-06-16,기타,기타사이트,KN-02,3,4,135412
2026-06-16,기타,기타사이트,EL-01,3,3,43359
2026-06-16,기타,기타사이트,WR-02,1,1,9603
2026-06-16,기타,기타사이트,WR-01,1,1,12513
2026-06-17,네이버,네이버,KN-01,53,60,1122360
2026-06-17,네이버,네이버,EL-01,41,44,616264
2026-06-17,네이버,네이버,BK-01,36,42,1180452
2026-06-17,네이버,네이버,IN-02,16,18,201348
2026-06-17,네이버,네이버,IN-01,36,42,667212
2026-06-17,네이버,네이버,WR-02,22,27,251262
2026-06-17,네이버,네이버,WR-01,36,42,509292
2026-06-17,네이버,네이버,KN-02,27,30,984180
2026-06-17,쿠팡,올투게더나우,KN-01,4,5,89550
2026-06-17,쿠팡,올투게더나우,KN-02,5,7,219870
2026-06-17,쿠팡,올투게더나우,WR-01,8,8,92880
2026-06-17,쿠팡,올투게더나우,IN-01,4,4,60840
2026-06-17,쿠팡,올투게더나우,WR-02,7,7,62370
2026-06-17,쿠팡,올투게더나우,IN-02,2,4,42840
2026-06-17,쿠팡,올투게더나우,BK-01,5,7,188370
2026-06-17,쿠팡,올투게더나우,EL-01,3,3,40230
2026-06-17,쿠팡,휴책,EL-01,6,7,93870
2026-06-17,쿠팡,휴책,BK-01,18,20,538200
2026-06-17,쿠팡,휴책,KN-01,26,31,555210
2026-06-17,쿠팡,휴책,IN-02,17,19,203490
2026-06-17,쿠팡,휴책,KN-02,26,29,910890
2026-06-17,쿠팡,휴책,WR-02,3,5,44550
2026-06-17,쿠팡,휴책,WR-01,9,10,116100
2026-06-17,쿠팡,휴책,IN-01,8,8,121680
2026-06-17,쿠팡,유큐어,IN-02,10,13,139230
2026-06-17,쿠팡,유큐어,IN-01,6,6,91260
2026-06-17,쿠팡,유큐어,WR-01,10,11,127710
2026-06-17,쿠팡,유큐어,EL-01,15,17,227970
2026-06-17,쿠팡,유큐어,KN-02,4,5,157050
2026-06-17,쿠팡,유큐어,WR-02,8,9,80190
2026-06-17,쿠팡,유큐어,KN-01,4,5,89550
2026-06-17,쿠팡,유큐어,BK-01,3,4,107640
2026-06-17,기타,기타사이트,EL-01,6,7,101171
2026-06-17,기타,기타사이트,WR-02,2,2,19206
2026-06-17,기타,기타사이트,IN-02,2,2,23086
2026-06-17,기타,기타사이트,BK-01,4,6,174018
2026-06-17,기타,기타사이트,IN-01,3,3,49179
2026-06-17,기타,기타사이트,KN-01,3,3,57909
2026-06-17,기타,기타사이트,KN-02,5,7,236971
2026-06-17,기타,기타사이트,WR-01,2,2,25026
2026-06-18,네이버,네이버,KN-02,59,68,2230808
2026-06-18,네이버,네이버,IN-01,28,32,508352
2026-06-18,네이버,네이버,BK-01,51,55,1545830
2026-06-18,네이버,네이버,EL-01,37,41,574246
2026-06-18,네이버,네이버,WR-01,29,32,388032
2026-06-18,네이버,네이버,KN-01,57,60,1122360
2026-06-18,네이버,네이버,WR-02,21,24,223344
2026-06-18,네이버,네이버,IN-02,22,23,257278
2026-06-18,쿠팡,올투게더나우,IN-02,6,7,74970
2026-06-18,쿠팡,올투게더나우,WR-01,13,15,174150
2026-06-18,쿠팡,올투게더나우,WR-02,8,8,71280
2026-06-18,쿠팡,올투게더나우,KN-01,4,5,89550
2026-06-18,쿠팡,올투게더나우,EL-01,2,3,40230
2026-06-18,쿠팡,올투게더나우,BK-01,2,2,53820
2026-06-18,쿠팡,올투게더나우,KN-02,3,3,94230
2026-06-18,쿠팡,올투게더나우,IN-01,4,6,91260
2026-06-18,쿠팡,휴책,KN-01,28,32,573120
2026-06-18,쿠팡,휴책,IN-01,10,11,167310
2026-06-18,쿠팡,휴책,WR-02,8,8,71280
2026-06-18,쿠팡,휴책,BK-01,13,13,349830
2026-06-18,쿠팡,휴책,KN-02,27,31,973710
2026-06-18,쿠팡,휴책,WR-01,7,7,81270
2026-06-18,쿠팡,휴책,IN-02,11,12,128520
2026-06-18,쿠팡,휴책,EL-01,5,5,67050
2026-06-18,쿠팡,유큐어,IN-02,12,13,139230
2026-06-18,쿠팡,유큐어,KN-01,7,7,125370
2026-06-18,쿠팡,유큐어,WR-02,20,23,204930
2026-06-18,쿠팡,유큐어,BK-01,7,7,188370
2026-06-18,쿠팡,유큐어,IN-01,13,16,243360
2026-06-18,쿠팡,유큐어,WR-01,8,10,116100
2026-06-18,쿠팡,유큐어,KN-02,6,7,219870
2026-06-18,쿠팡,유큐어,EL-01,8,9,120690
2026-06-18,기타,기타사이트,IN-01,10,10,163930
2026-06-18,기타,기타사이트,BK-01,6,7,203021
2026-06-18,기타,기타사이트,EL-01,3,3,43359
2026-06-18,기타,기타사이트,KN-02,6,8,270824
2026-06-18,기타,기타사이트,WR-02,5,7,67221
2026-06-18,기타,기타사이트,IN-02,4,5,57715
2026-06-18,기타,기타사이트,KN-01,7,8,154424
2026-06-18,기타,기타사이트,WR-01,4,4,50052
2026-06-19,네이버,네이버,WR-01,40,46,557796
2026-06-19,네이버,네이버,EL-01,31,32,448192
2026-06-19,네이버,네이버,BK-01,26,30,843180
2026-06-19,네이버,네이버,IN-01,32,35,556010
2026-06-19,네이버,네이버,KN-02,32,32,1049792
2026-06-19,네이버,네이버,KN-01,43,55,1028830
2026-06-19,네이버,네이버,IN-02,19,20,223720
2026-06-19,네이버,네이버,WR-02,21,22,204732
2026-06-19,쿠팡,올투게더나우,EL-01,11,11,147510
2026-06-19,쿠팡,올투게더나우,WR-01,8,8,92880
2026-06-19,쿠팡,올투게더나우,KN-01,11,11,197010
2026-06-19,쿠팡,올투게더나우,IN-01,7,8,121680
2026-06-19,쿠팡,올투게더나우,WR-02,4,4,35640
2026-06-19,쿠팡,올투게더나우,BK-01,6,7,188370
2026-06-19,쿠팡,올투게더나우,IN-02,1,1,10710
2026-06-19,쿠팡,올투게더나우,KN-02,2,3,94230
2026-06-19,쿠팡,휴책,KN-01,28,31,555210
2026-06-19,쿠팡,휴책,EL-01,13,13,174330
2026-06-19,쿠팡,휴책,KN-02,38,43,1350630
2026-06-19,쿠팡,휴책,BK-01,19,20,538200
2026-06-19,쿠팡,휴책,WR-01,12,14,162540
2026-06-19,쿠팡,휴책,IN-01,11,12,182520
2026-06-19,쿠팡,휴책,WR-02,8,9,80190
2026-06-19,쿠팡,휴책,IN-02,6,8,85680
2026-06-19,쿠팡,유큐어,WR-01,14,15,174150
2026-06-19,쿠팡,유큐어,BK-01,10,11,296010
2026-06-19,쿠팡,유큐어,EL-01,18,21,281610
2026-06-19,쿠팡,유큐어,WR-02,14,15,133650
2026-06-19,쿠팡,유큐어,KN-02,8,9,282690
2026-06-19,쿠팡,유큐어,IN-01,12,13,197730
2026-06-19,쿠팡,유큐어,IN-02,8,8,85680
2026-06-19,쿠팡,유큐어,KN-01,2,3,53730
2026-06-19,기타,기타사이트,KN-01,6,6,115818
2026-06-19,기타,기타사이트,BK-01,2,3,87009
2026-06-19,기타,기타사이트,WR-02,2,2,19206
2026-06-19,기타,기타사이트,IN-01,4,4,65572
2026-06-19,기타,기타사이트,WR-01,3,3,37539
2026-06-19,기타,기타사이트,IN-02,4,5,57715
2026-06-19,기타,기타사이트,KN-02,5,7,236971
2026-06-20,네이버,네이버,KN-01,41,46,860476
2026-06-20,네이버,네이버,IN-02,12,13,145418
2026-06-20,네이버,네이버,IN-01,20,22,349492
2026-06-20,네이버,네이버,EL-01,25,30,420180
2026-06-20,네이버,네이버,WR-01,20,23,278898
2026-06-20,네이버,네이버,KN-02,17,20,656120
2026-06-20,네이버,네이버,WR-02,11,14,130284
2026-06-20,네이버,네이버,BK-01,13,15,421590
2026-06-20,쿠팡,올투게더나우,KN-01,7,8,143280
2026-06-20,쿠팡,올투게더나우,WR-02,8,8,71280
2026-06-20,쿠팡,올투게더나우,EL-01,2,2,26820
2026-06-20,쿠팡,올투게더나우,WR-01,9,10,116100
2026-06-20,쿠팡,올투게더나우,IN-02,5,5,53550
2026-06-20,쿠팡,올투게더나우,IN-01,4,5,76050
2026-06-20,쿠팡,올투게더나우,BK-01,2,2,53820
2026-06-20,쿠팡,올투게더나우,KN-02,2,2,62820
2026-06-20,쿠팡,휴책,KN-02,30,33,1036530
2026-06-20,쿠팡,휴책,WR-01,15,17,197370
2026-06-20,쿠팡,휴책,KN-01,29,32,573120
2026-06-20,쿠팡,휴책,IN-01,9,11,167310
2026-06-20,쿠팡,휴책,WR-02,5,5,44550
2026-06-20,쿠팡,휴책,BK-01,10,11,296010
2026-06-20,쿠팡,휴책,IN-02,7,7,74970
2026-06-20,쿠팡,휴책,EL-01,7,7,93870
2026-06-20,쿠팡,유큐어,WR-01,12,13,150930
2026-06-20,쿠팡,유큐어,BK-01,5,5,134550
2026-06-20,쿠팡,유큐어,IN-02,7,7,74970
2026-06-20,쿠팡,유큐어,WR-02,12,15,133650
2026-06-20,쿠팡,유큐어,EL-01,10,10,134100
2026-06-20,쿠팡,유큐어,IN-01,12,14,212940
2026-06-20,쿠팡,유큐어,KN-01,1,1,17910
2026-06-20,쿠팡,유큐어,KN-02,3,3,94230
2026-06-20,기타,기타사이트,IN-01,5,5,81965
2026-06-20,기타,기타사이트,KN-01,5,6,115818
2026-06-20,기타,기타사이트,WR-02,5,6,57618
2026-06-20,기타,기타사이트,BK-01,6,6,174018
2026-06-20,기타,기타사이트,IN-02,2,2,23086
2026-06-20,기타,기타사이트,KN-02,3,4,135412
2026-06-20,기타,기타사이트,WR-01,1,1,12513
2026-06-21,네이버,네이버,KN-01,31,36,673416
2026-06-21,네이버,네이버,EL-01,11,13,182078
2026-06-21,네이버,네이버,WR-01,15,16,194016
2026-06-21,네이버,네이버,KN-02,19,21,688926
2026-06-21,네이버,네이버,WR-02,14,17,158202
2026-06-21,네이버,네이버,IN-01,22,23,365378
2026-06-21,네이버,네이버,BK-01,23,29,815074
2026-06-21,네이버,네이버,IN-02,6,6,67116
2026-06-21,쿠팡,올투게더나우,WR-01,8,8,92880
2026-06-21,쿠팡,올투게더나우,KN-01,2,2,35820
2026-06-21,쿠팡,올투게더나우,KN-02,1,1,31410
2026-06-21,쿠팡,올투게더나우,WR-02,4,5,44550
2026-06-21,쿠팡,올투게더나우,BK-01,3,4,107640
2026-06-21,쿠팡,올투게더나우,EL-01,2,3,40230
2026-06-21,쿠팡,올투게더나우,IN-01,5,7,106470
2026-06-21,쿠팡,올투게더나우,IN-02,2,3,32130
2026-06-21,쿠팡,휴책,WR-01,15,17,197370
2026-06-21,쿠팡,휴책,BK-01,19,23,618930
2026-06-21,쿠팡,휴책,KN-02,26,28,879480
2026-06-21,쿠팡,휴책,EL-01,14,17,227970
2026-06-21,쿠팡,휴책,KN-01,24,27,483570
2026-06-21,쿠팡,휴책,IN-02,10,10,107100
2026-06-21,쿠팡,휴책,IN-01,12,13,197730
2026-06-21,쿠팡,휴책,WR-02,9,10,89100
2026-06-21,쿠팡,유큐어,EL-01,10,10,134100
2026-06-21,쿠팡,유큐어,WR-02,8,9,80190
2026-06-21,쿠팡,유큐어,KN-01,6,7,125370
2026-06-21,쿠팡,유큐어,IN-02,6,6,64260
2026-06-21,쿠팡,유큐어,KN-02,5,5,157050
2026-06-21,쿠팡,유큐어,WR-01,3,3,34830
2026-06-21,쿠팡,유큐어,BK-01,5,5,134550
2026-06-21,쿠팡,유큐어,IN-01,3,3,45630
2026-06-21,기타,기타사이트,KN-02,4,4,135412
2026-06-21,기타,기타사이트,IN-02,6,6,69258
2026-06-21,기타,기타사이트,BK-01,10,14,406042
2026-06-21,기타,기타사이트,WR-02,2,2,19206
2026-06-21,기타,기타사이트,IN-01,4,4,65572
2026-06-21,기타,기타사이트,EL-01,1,1,14453
2026-06-21,기타,기타사이트,KN-01,3,4,77212
2026-06-21,기타,기타사이트,WR-01,4,4,50052
2026-06-22,네이버,네이버,IN-01,38,43,683098
2026-06-22,네이버,네이버,KN-01,57,66,1234596
2026-06-22,네이버,네이버,KN-02,43,48,1574688
2026-06-22,네이버,네이버,BK-01,41,45,1264770
2026-06-22,네이버,네이버,WR-01,43,46,557796
2026-06-22,네이버,네이버,EL-01,56,67,938402
2026-06-22,네이버,네이버,WR-02,21,21,195426
2026-06-22,네이버,네이버,IN-02,23,26,290836
2026-06-22,쿠팡,올투게더나우,WR-01,13,14,162540
2026-06-22,쿠팡,올투게더나우,IN-01,8,11,167310
2026-06-22,쿠팡,올투게더나우,BK-01,6,6,161460
2026-06-22,쿠팡,올투게더나우,KN-01,4,4,71640
2026-06-22,쿠팡,올투게더나우,KN-02,5,5,157050
2026-06-22,쿠팡,올투게더나우,WR-02,7,8,71280
2026-06-22,쿠팡,올투게더나우,IN-02,4,4,42840
2026-06-22,쿠팡,올투게더나우,EL-01,2,2,26820
2026-06-22,쿠팡,휴책,KN-02,35,40,1256400
2026-06-22,쿠팡,휴책,KN-01,28,32,573120
2026-06-22,쿠팡,휴책,BK-01,19,20,538200
2026-06-22,쿠팡,휴책,EL-01,5,6,80460
2026-06-22,쿠팡,휴책,WR-02,10,10,89100
2026-06-22,쿠팡,휴책,IN-02,4,4,42840
2026-06-22,쿠팡,휴책,WR-01,10,10,116100
2026-06-22,쿠팡,휴책,IN-01,12,14,212940
2026-06-22,쿠팡,유큐어,KN-02,7,7,219870
2026-06-22,쿠팡,유큐어,BK-01,3,3,80730
2026-06-22,쿠팡,유큐어,WR-01,7,9,104490
2026-06-22,쿠팡,유큐어,IN-02,9,11,117810
2026-06-22,쿠팡,유큐어,WR-02,10,11,98010
2026-06-22,쿠팡,유큐어,EL-01,8,8,107280
2026-06-22,쿠팡,유큐어,KN-01,6,7,125370
2026-06-22,쿠팡,유큐어,IN-01,5,6,91260
2026-06-22,기타,기타사이트,KN-01,12,13,250939
2026-06-22,기타,기타사이트,WR-02,5,7,67221
2026-06-22,기타,기타사이트,KN-02,3,3,101559
2026-06-22,기타,기타사이트,IN-01,15,15,245895
2026-06-22,기타,기타사이트,WR-01,1,1,12513
2026-06-22,기타,기타사이트,BK-01,4,5,145015
2026-06-22,기타,기타사이트,IN-02,2,3,34629
2026-06-22,기타,기타사이트,EL-01,1,1,14453
2026-06-23,네이버,네이버,EL-01,46,55,770330
2026-06-23,네이버,네이버,WR-01,36,38,460788
2026-06-23,네이버,네이버,BK-01,38,45,1264770
2026-06-23,네이버,네이버,IN-01,39,45,714870
2026-06-23,네이버,네이버,IN-02,19,19,212534
2026-06-23,네이버,네이버,KN-02,38,41,1345046
2026-06-23,네이버,네이버,KN-01,55,64,1197184
2026-06-23,네이버,네이버,WR-02,22,23,214038
2026-06-23,쿠팡,올투게더나우,KN-01,9,11,197010
2026-06-23,쿠팡,올투게더나우,IN-02,7,8,85680
2026-06-23,쿠팡,올투게더나우,IN-01,6,6,91260
2026-06-23,쿠팡,올투게더나우,EL-01,4,6,80460
2026-06-23,쿠팡,올투게더나우,WR-01,10,10,116100
2026-06-23,쿠팡,올투게더나우,KN-02,3,3,94230
2026-06-23,쿠팡,올투게더나우,WR-02,9,9,80190
2026-06-23,쿠팡,올투게더나우,BK-01,2,2,53820
2026-06-23,쿠팡,휴책,KN-01,25,26,465660
2026-06-23,쿠팡,휴책,BK-01,15,15,403650
2026-06-23,쿠팡,휴책,KN-02,32,39,1224990
2026-06-23,쿠팡,휴책,EL-01,11,13,174330
2026-06-23,쿠팡,휴책,WR-02,8,10,89100
2026-06-23,쿠팡,휴책,IN-02,7,7,74970
2026-06-23,쿠팡,휴책,WR-01,15,17,197370
2026-06-23,쿠팡,휴책,IN-01,8,11,167310
2026-06-23,쿠팡,유큐어,WR-01,9,9,104490
2026-06-23,쿠팡,유큐어,IN-02,16,17,182070
2026-06-23,쿠팡,유큐어,IN-01,14,18,273780
2026-06-23,쿠팡,유큐어,BK-01,7,10,269100
2026-06-23,쿠팡,유큐어,EL-01,9,11,147510
2026-06-23,쿠팡,유큐어,WR-02,17,18,160380
2026-06-23,쿠팡,유큐어,KN-02,9,12,376920
2026-06-23,쿠팡,유큐어,KN-01,4,4,71640
2026-06-23,기타,기타사이트,BK-01,4,4,116012
2026-06-23,기타,기타사이트,EL-01,1,1,14453
2026-06-23,기타,기타사이트,WR-02,4,5,48015
2026-06-23,기타,기타사이트,KN-02,7,9,304677
2026-06-23,기타,기타사이트,KN-01,3,3,57909
2026-06-23,기타,기타사이트,WR-01,6,6,75078
2026-06-23,기타,기타사이트,IN-02,6,7,80801
2026-06-23,기타,기타사이트,IN-01,4,6,98358
2026-06-24,네이버,네이버,WR-02,17,18,167508
2026-06-24,네이버,네이버,KN-01,72,85,1590010
2026-06-24,네이버,네이버,WR-01,43,52,630552
2026-06-24,네이버,네이버,BK-01,44,50,1405300
2026-06-24,네이버,네이버,IN-01,53,62,984932
2026-06-24,네이버,네이버,KN-02,41,43,1410658
2026-06-24,네이버,네이버,EL-01,44,48,672288
2026-06-24,네이버,네이버,IN-02,22,26,290836
2026-06-24,쿠팡,올투게더나우,WR-01,8,10,116100
2026-06-24,쿠팡,올투게더나우,IN-01,4,4,60840
2026-06-24,쿠팡,올투게더나우,KN-01,5,7,125370
2026-06-24,쿠팡,올투게더나우,IN-02,6,6,64260
2026-06-24,쿠팡,올투게더나우,WR-02,8,8,71280
2026-06-24,쿠팡,올투게더나우,KN-02,4,5,157050
2026-06-24,쿠팡,올투게더나우,EL-01,2,2,26820
2026-06-24,쿠팡,올투게더나우,BK-01,1,2,53820
2026-06-24,쿠팡,휴책,KN-01,33,35,626850
2026-06-24,쿠팡,휴책,KN-02,22,25,785250
2026-06-24,쿠팡,휴책,WR-01,10,10,116100
2026-06-24,쿠팡,휴책,WR-02,11,12,106920
2026-06-24,쿠팡,휴책,IN-02,4,4,42840
2026-06-24,쿠팡,휴책,EL-01,8,9,120690
2026-06-24,쿠팡,휴책,BK-01,13,15,403650
2026-06-24,쿠팡,휴책,IN-01,4,4,60840
2026-06-24,쿠팡,유큐어,WR-02,14,17,151470
2026-06-24,쿠팡,유큐어,IN-01,9,11,167310
2026-06-24,쿠팡,유큐어,IN-02,7,7,74970
2026-06-24,쿠팡,유큐어,WR-01,8,10,116100
2026-06-24,쿠팡,유큐어,BK-01,5,6,161460
2026-06-24,쿠팡,유큐어,EL-01,13,13,174330
2026-06-24,쿠팡,유큐어,KN-01,4,6,107460
2026-06-24,쿠팡,유큐어,KN-02,5,5,157050
2026-06-24,기타,기타사이트,IN-01,13,14,229502
2026-06-24,기타,기타사이트,BK-01,6,6,174018
2026-06-24,기타,기타사이트,KN-01,5,5,96515
2026-06-24,기타,기타사이트,WR-02,3,4,38412
2026-06-24,기타,기타사이트,EL-01,5,5,72265
2026-06-24,기타,기타사이트,KN-02,2,2,67706
2026-06-24,기타,기타사이트,WR-01,2,2,25026
2026-06-25,네이버,네이버,KN-01,48,52,972712
2026-06-25,네이버,네이버,IN-02,12,12,134232
2026-06-25,네이버,네이버,WR-01,33,38,460788
2026-06-25,네이버,네이버,BK-01,30,32,899392
2026-06-25,네이버,네이버,EL-01,23,29,406174
2026-06-25,네이버,네이버,IN-01,32,36,571896
2026-06-25,네이버,네이버,KN-02,26,33,1082598
2026-06-25,네이버,네이버,WR-02,16,17,158202
2026-06-25,쿠팡,올투게더나우,EL-01,2,2,26820
2026-06-25,쿠팡,올투게더나우,KN-02,3,3,94230
2026-06-25,쿠팡,올투게더나우,BK-01,2,2,53820
2026-06-25,쿠팡,올투게더나우,WR-02,3,3,26730
2026-06-25,쿠팡,올투게더나우,IN-01,3,4,60840
2026-06-25,쿠팡,올투게더나우,IN-02,4,5,53550
2026-06-25,쿠팡,올투게더나우,KN-01,7,7,125370
2026-06-25,쿠팡,올투게더나우,WR-01,9,10,116100
2026-06-25,쿠팡,휴책,KN-02,28,32,1005120
2026-06-25,쿠팡,휴책,WR-01,15,15,174150
2026-06-25,쿠팡,휴책,WR-02,18,19,169290
2026-06-25,쿠팡,휴책,KN-01,40,45,805950
2026-06-25,쿠팡,휴책,BK-01,26,29,780390
2026-06-25,쿠팡,휴책,EL-01,10,10,134100
2026-06-25,쿠팡,휴책,IN-02,14,16,171360
2026-06-25,쿠팡,휴책,IN-01,5,5,76050
2026-06-25,쿠팡,유큐어,WR-02,14,14,124740
2026-06-25,쿠팡,유큐어,BK-01,5,6,161460
2026-06-25,쿠팡,유큐어,EL-01,14,15,201150
2026-06-25,쿠팡,유큐어,WR-01,11,13,150930
2026-06-25,쿠팡,유큐어,IN-01,10,13,197730
2026-06-25,쿠팡,유큐어,KN-02,5,5,157050
2026-06-25,쿠팡,유큐어,IN-02,6,8,85680
2026-06-25,쿠팡,유큐어,KN-01,3,3,53730
2026-06-25,기타,기타사이트,KN-02,3,3,101559
2026-06-25,기타,기타사이트,EL-01,4,4,57812
2026-06-25,기타,기타사이트,KN-01,5,6,115818
2026-06-25,기타,기타사이트,WR-01,4,5,62565
2026-06-25,기타,기타사이트,BK-01,6,6,174018
2026-06-25,기타,기타사이트,WR-02,2,3,28809
2026-06-25,기타,기타사이트,IN-02,5,6,69258
2026-06-25,기타,기타사이트,IN-01,6,7,114751
2026-06-26,네이버,네이버,KN-02,32,36,1181016
2026-06-26,네이버,네이버,IN-01,46,50,794300
2026-06-26,네이버,네이버,EL-01,36,40,560240
2026-06-26,네이버,네이버,WR-02,21,22,204732
2026-06-26,네이버,네이버,BK-01,42,46,1292876
2026-06-26,네이버,네이버,KN-01,63,66,1234596
2026-06-26,네이버,네이버,IN-02,13,14,156604
2026-06-26,네이버,네이버,WR-01,31,40,485040
2026-06-26,쿠팡,올투게더나우,WR-01,8,12,139320
2026-06-26,쿠팡,올투게더나우,IN-02,3,3,32130
2026-06-26,쿠팡,올투게더나우,WR-02,4,4,35640
2026-06-26,쿠팡,올투게더나우,IN-01,3,3,45630
2026-06-26,쿠팡,올투게더나우,EL-01,6,8,107280
2026-06-26,쿠팡,올투게더나우,KN-01,6,6,107460
2026-06-26,쿠팡,올투게더나우,KN-02,4,5,157050
2026-06-26,쿠팡,올투게더나우,BK-01,4,5,134550
2026-06-26,쿠팡,휴책,KN-02,35,39,1224990
2026-06-26,쿠팡,휴책,IN-01,14,15,228150
2026-06-26,쿠팡,휴책,KN-01,32,34,608940
2026-06-26,쿠팡,휴책,EL-01,15,16,214560
2026-06-26,쿠팡,휴책,BK-01,17,21,565110
2026-06-26,쿠팡,휴책,WR-01,19,20,232200
2026-06-26,쿠팡,휴책,WR-02,10,10,89100
2026-06-26,쿠팡,휴책,IN-02,8,9,96390
2026-06-26,쿠팡,유큐어,WR-02,14,15,133650
2026-06-26,쿠팡,유큐어,IN-01,15,16,243360
2026-06-26,쿠팡,유큐어,EL-01,5,5,67050
2026-06-26,쿠팡,유큐어,WR-01,12,12,139320
2026-06-26,쿠팡,유큐어,KN-02,7,9,282690
2026-06-26,쿠팡,유큐어,IN-02,10,10,107100
2026-06-26,쿠팡,유큐어,BK-01,7,8,215280
2026-06-26,쿠팡,유큐어,KN-01,6,7,125370
2026-06-26,기타,기타사이트,IN-02,8,8,92344
2026-06-26,기타,기타사이트,BK-01,7,7,203021
2026-06-26,기타,기타사이트,EL-01,2,3,43359
2026-06-26,기타,기타사이트,IN-01,7,7,114751
2026-06-26,기타,기타사이트,WR-02,5,6,57618
2026-06-26,기타,기타사이트,KN-01,11,12,231636
2026-06-26,기타,기타사이트,KN-02,3,3,101559
2026-06-26,기타,기타사이트,WR-01,4,4,50052
2026-06-27,네이버,네이버,WR-02,11,12,111672
2026-06-27,네이버,네이버,BK-01,18,21,590226
2026-06-27,네이버,네이버,KN-02,27,29,951374
2026-06-27,네이버,네이버,IN-02,17,22,246092
2026-06-27,네이버,네이버,EL-01,20,24,336144
2026-06-27,네이버,네이버,IN-01,24,28,444808
2026-06-27,네이버,네이버,KN-01,32,36,673416
2026-06-27,네이버,네이버,WR-01,14,18,218268
2026-06-27,쿠팡,올투게더나우,WR-01,11,12,139320
2026-06-27,쿠팡,올투게더나우,WR-02,5,5,44550
2026-06-27,쿠팡,올투게더나우,KN-01,8,12,214920
2026-06-27,쿠팡,올투게더나우,BK-01,4,4,107640
2026-06-27,쿠팡,올투게더나우,KN-02,3,5,157050
2026-06-27,쿠팡,올투게더나우,IN-01,1,1,15210
2026-06-27,쿠팡,올투게더나우,IN-02,2,2,21420
2026-06-27,쿠팡,올투게더나우,EL-01,3,3,40230
2026-06-27,쿠팡,휴책,IN-01,9,10,152100
2026-06-27,쿠팡,휴책,KN-02,43,47,1476270
2026-06-27,쿠팡,휴책,WR-02,12,12,106920
2026-06-27,쿠팡,휴책,KN-01,20,25,447750
2026-06-27,쿠팡,휴책,BK-01,24,26,699660
2026-06-27,쿠팡,휴책,IN-02,8,8,85680
2026-06-27,쿠팡,휴책,WR-01,7,8,92880
2026-06-27,쿠팡,휴책,EL-01,10,11,147510
2026-06-27,쿠팡,유큐어,WR-02,7,7,62370
2026-06-27,쿠팡,유큐어,WR-01,13,14,162540
2026-06-27,쿠팡,유큐어,IN-02,15,17,182070
2026-06-27,쿠팡,유큐어,EL-01,11,13,174330
2026-06-27,쿠팡,유큐어,IN-01,1,1,15210
2026-06-27,쿠팡,유큐어,KN-01,4,4,71640
2026-06-27,쿠팡,유큐어,KN-02,8,8,251280
2026-06-27,쿠팡,유큐어,BK-01,4,4,107640
2026-06-27,기타,기타사이트,EL-01,6,6,86718
2026-06-27,기타,기타사이트,KN-01,4,4,77212
2026-06-27,기타,기타사이트,IN-02,3,4,46172
2026-06-27,기타,기타사이트,KN-02,5,5,169265
2026-06-27,기타,기타사이트,BK-01,2,2,58006
2026-06-27,기타,기타사이트,IN-01,4,5,81965
2026-06-27,기타,기타사이트,WR-01,4,5,62565
2026-06-27,기타,기타사이트,WR-02,1,1,9603
2026-06-28,네이버,네이버,IN-01,28,34,540124
2026-06-28,네이버,네이버,KN-01,40,44,823064
2026-06-28,네이버,네이버,WR-01,27,31,375906
2026-06-28,네이버,네이버,KN-02,20,21,688926
2026-06-28,네이버,네이버,IN-02,16,20,223720
2026-06-28,네이버,네이버,BK-01,25,27,758862
2026-06-28,네이버,네이버,EL-01,24,27,378162
2026-06-28,네이버,네이버,WR-02,13,13,120978
2026-06-28,쿠팡,올투게더나우,KN-01,3,3,53730
2026-06-28,쿠팡,올투게더나우,WR-01,12,13,150930
2026-06-28,쿠팡,올투게더나우,IN-02,3,3,32130
2026-06-28,쿠팡,올투게더나우,WR-02,5,5,44550
2026-06-28,쿠팡,올투게더나우,KN-02,3,3,94230
2026-06-28,쿠팡,올투게더나우,IN-01,5,5,76050
2026-06-28,쿠팡,휴책,KN-02,18,19,596790
2026-06-28,쿠팡,휴책,WR-01,8,9,104490
2026-06-28,쿠팡,휴책,EL-01,8,9,120690
2026-06-28,쿠팡,휴책,BK-01,19,20,538200
2026-06-28,쿠팡,휴책,IN-01,5,7,106470
2026-06-28,쿠팡,휴책,WR-02,5,6,53460
2026-06-28,쿠팡,휴책,IN-02,6,6,64260
2026-06-28,쿠팡,휴책,KN-01,18,18,322380
2026-06-28,쿠팡,유큐어,IN-01,15,19,288990
2026-06-28,쿠팡,유큐어,WR-01,13,16,185760
2026-06-28,쿠팡,유큐어,IN-02,10,10,107100
2026-06-28,쿠팡,유큐어,KN-02,6,6,188460
2026-06-28,쿠팡,유큐어,WR-02,12,14,124740
2026-06-28,쿠팡,유큐어,BK-01,2,3,80730
2026-06-28,쿠팡,유큐어,EL-01,10,11,147510
2026-06-28,쿠팡,유큐어,KN-01,4,6,107460
2026-06-28,기타,기타사이트,EL-01,2,2,28906
2026-06-28,기타,기타사이트,IN-01,8,9,147537
2026-06-28,기타,기타사이트,WR-01,1,1,12513
2026-06-28,기타,기타사이트,BK-01,1,1,29003
2026-06-28,기타,기타사이트,WR-02,2,2,19206
2026-06-28,기타,기타사이트,IN-02,3,3,34629
2026-06-28,기타,기타사이트,KN-01,2,3,57909
2026-06-28,기타,기타사이트,KN-02,2,2,67706
2026-06-29,네이버,네이버,WR-01,33,36,436536
2026-06-29,네이버,네이버,KN-01,49,54,1010124
2026-06-29,네이버,네이버,IN-01,32,36,571896
2026-06-29,네이버,네이버,BK-01,30,32,899392
2026-06-29,네이버,네이버,WR-02,12,15,139590
2026-06-29,네이버,네이버,EL-01,29,33,462198
2026-06-29,네이버,네이버,KN-02,31,35,1148210
2026-06-29,네이버,네이버,IN-02,7,8,89488
2026-06-29,쿠팡,올투게더나우,WR-01,15,18,208980
2026-06-29,쿠팡,올투게더나우,KN-01,7,7,125370
2026-06-29,쿠팡,올투게더나우,IN-01,4,4,60840
2026-06-29,쿠팡,올투게더나우,BK-01,4,4,107640
2026-06-29,쿠팡,올투게더나우,EL-01,4,4,53640
2026-06-29,쿠팡,올투게더나우,IN-02,3,4,42840
2026-06-29,쿠팡,올투게더나우,KN-02,4,4,125640
2026-06-29,쿠팡,올투게더나우,WR-02,5,7,62370
2026-06-29,쿠팡,휴책,KN-02,31,34,1067940
2026-06-29,쿠팡,휴책,IN-01,15,17,258570
2026-06-29,쿠팡,휴책,WR-01,14,14,162540
2026-06-29,쿠팡,휴책,IN-02,6,7,74970
2026-06-29,쿠팡,휴책,KN-01,41,48,859680
2026-06-29,쿠팡,휴책,WR-02,14,15,133650
2026-06-29,쿠팡,휴책,BK-01,23,28,753480
2026-06-29,쿠팡,휴책,EL-01,12,14,187740
2026-06-29,쿠팡,유큐어,KN-01,7,8,143280
2026-06-29,쿠팡,유큐어,IN-02,18,23,246330
2026-06-29,쿠팡,유큐어,KN-02,5,5,157050
2026-06-29,쿠팡,유큐어,WR-01,16,16,185760
2026-06-29,쿠팡,유큐어,IN-01,11,12,182520
2026-06-29,쿠팡,유큐어,WR-02,16,17,151470
2026-06-29,쿠팡,유큐어,BK-01,7,7,188370
2026-06-29,쿠팡,유큐어,EL-01,9,11,147510
2026-06-29,기타,기타사이트,WR-01,3,4,50052
2026-06-29,기타,기타사이트,EL-01,5,5,72265
2026-06-29,기타,기타사이트,WR-02,6,7,67221
2026-06-29,기타,기타사이트,KN-02,9,11,372383
2026-06-29,기타,기타사이트,KN-01,7,8,154424
2026-06-29,기타,기타사이트,BK-01,3,3,87009
2026-06-29,기타,기타사이트,IN-01,2,2,32786
2026-06-29,기타,기타사이트,IN-02,1,1,11543
2026-06-30,네이버,네이버,IN-02,12,13,145418
2026-06-30,네이버,네이버,WR-02,12,13,120978
2026-06-30,네이버,네이버,KN-01,40,43,804358
2026-06-30,네이버,네이버,BK-01,27,30,843180
2026-06-30,네이버,네이버,WR-01,30,34,412284
2026-06-30,네이버,네이버,IN-01,28,32,508352
2026-06-30,네이버,네이버,EL-01,21,23,322138
2026-06-30,네이버,네이버,KN-02,19,19,623314
2026-06-30,쿠팡,올투게더나우,KN-01,3,4,71640
2026-06-30,쿠팡,올투게더나우,EL-01,2,2,26820
2026-06-30,쿠팡,올투게더나우,WR-01,7,8,92880
2026-06-30,쿠팡,올투게더나우,IN-02,4,4,42840
2026-06-30,쿠팡,올투게더나우,KN-02,2,2,62820
2026-06-30,쿠팡,올투게더나우,BK-01,4,5,134550
2026-06-30,쿠팡,올투게더나우,IN-01,6,6,91260
2026-06-30,쿠팡,올투게더나우,WR-02,6,7,62370
2026-06-30,쿠팡,휴책,KN-01,28,31,555210
2026-06-30,쿠팡,휴책,IN-02,11,13,139230
2026-06-30,쿠팡,휴책,WR-02,19,23,204930
2026-06-30,쿠팡,휴책,KN-02,21,23,722430
2026-06-30,쿠팡,휴책,WR-01,7,7,81270
2026-06-30,쿠팡,휴책,IN-01,13,15,228150
2026-06-30,쿠팡,휴책,EL-01,14,17,227970
2026-06-30,쿠팡,휴책,BK-01,16,20,538200
2026-06-30,쿠팡,유큐어,IN-02,16,19,203490
2026-06-30,쿠팡,유큐어,KN-01,6,8,143280
2026-06-30,쿠팡,유큐어,WR-02,17,19,169290
2026-06-30,쿠팡,유큐어,IN-01,14,15,228150
2026-06-30,쿠팡,유큐어,WR-01,15,16,185760
2026-06-30,쿠팡,유큐어,EL-01,7,7,93870
2026-06-30,쿠팡,유큐어,KN-02,7,10,314100
2026-06-30,쿠팡,유큐어,BK-01,4,4,107640
2026-06-30,기타,기타사이트,KN-01,5,6,115818
2026-06-30,기타,기타사이트,BK-01,7,9,261027
2026-06-30,기타,기타사이트,EL-01,7,8,115624
2026-06-30,기타,기타사이트,WR-01,6,7,87591
2026-06-30,기타,기타사이트,IN-01,7,7,114751
2026-06-30,기타,기타사이트,KN-02,6,7,236971
2026-06-30,기타,기타사이트,WR-02,1,1,9603
2026-06-30,기타,기타사이트,IN-02,1,1,11543
2026-07-01,네이버,네이버,KN-02,42,50,1640300
2026-07-01,네이버,네이버,WR-02,21,23,214038
2026-07-01,네이버,네이버,WR-01,45,48,582048
2026-07-01,네이버,네이버,IN-02,18,22,246092
2026-07-01,네이버,네이버,KN-01,54,62,1159772
2026-07-01,네이버,네이버,IN-01,33,36,571896
2026-07-01,네이버,네이버,BK-01,28,32,899392
2026-07-01,네이버,네이버,EL-01,32,35,490210
2026-07-01,쿠팡,올투게더나우,KN-01,6,8,143280
2026-07-01,쿠팡,올투게더나우,WR-02,7,7,62370
2026-07-01,쿠팡,올투게더나우,IN-01,7,8,121680
2026-07-01,쿠팡,올투게더나우,KN-02,2,3,94230
2026-07-01,쿠팡,올투게더나우,IN-02,4,5,53550
2026-07-01,쿠팡,올투게더나우,WR-01,8,8,92880
2026-07-01,쿠팡,올투게더나우,EL-01,1,1,13410
2026-07-01,쿠팡,올투게더나우,BK-01,3,3,80730
2026-07-01,쿠팡,휴책,WR-01,20,22,255420
2026-07-01,쿠팡,휴책,KN-02,35,39,1224990
2026-07-01,쿠팡,휴책,BK-01,28,28,753480
2026-07-01,쿠팡,휴책,IN-01,16,18,273780
2026-07-01,쿠팡,휴책,KN-01,38,40,716400
2026-07-01,쿠팡,휴책,EL-01,10,11,147510
2026-07-01,쿠팡,휴책,WR-02,15,16,142560
2026-07-01,쿠팡,휴책,IN-02,11,11,117810
2026-07-01,쿠팡,유큐어,IN-01,12,17,258570
2026-07-01,쿠팡,유큐어,WR-02,14,15,133650
2026-07-01,쿠팡,유큐어,EL-01,16,17,227970
2026-07-01,쿠팡,유큐어,IN-02,9,11,117810
2026-07-01,쿠팡,유큐어,KN-01,5,6,107460
2026-07-01,쿠팡,유큐어,KN-02,4,4,125640
2026-07-01,쿠팡,유큐어,WR-01,16,19,220590
2026-07-01,쿠팡,유큐어,BK-01,4,6,161460
2026-07-01,기타,기타사이트,EL-01,5,6,86718
2026-07-01,기타,기타사이트,IN-01,12,14,229502
2026-07-01,기타,기타사이트,KN-01,7,8,154424
2026-07-01,기타,기타사이트,WR-01,6,6,75078
2026-07-01,기타,기타사이트,BK-01,9,9,261027
2026-07-01,기타,기타사이트,KN-02,4,4,135412
2026-07-01,기타,기타사이트,WR-02,4,5,48015
2026-07-01,기타,기타사이트,IN-02,1,1,11543
2026-07-02,네이버,네이버,EL-01,28,31,434186
2026-07-02,네이버,네이버,IN-02,28,30,335580
2026-07-02,네이버,네이버,KN-01,71,80,1496480
2026-07-02,네이버,네이버,WR-02,23,27,251262
2026-07-02,네이버,네이버,WR-01,42,48,582048
2026-07-02,네이버,네이버,BK-01,44,50,1405300
2026-07-02,네이버,네이버,KN-02,38,44,1443464
2026-07-02,네이버,네이버,IN-01,45,52,826072
2026-07-02,쿠팡,올투게더나우,BK-01,5,7,188370
2026-07-02,쿠팡,올투게더나우,EL-01,2,4,53640
2026-07-02,쿠팡,올투게더나우,KN-01,6,6,107460
2026-07-02,쿠팡,올투게더나우,WR-01,9,12,139320
2026-07-02,쿠팡,올투게더나우,IN-02,4,4,42840
2026-07-02,쿠팡,올투게더나우,KN-02,2,3,94230
2026-07-02,쿠팡,올투게더나우,WR-02,3,3,26730
2026-07-02,쿠팡,휴책,KN-02,19,19,596790
2026-07-02,쿠팡,휴책,WR-02,18,21,187110
2026-07-02,쿠팡,휴책,WR-01,9,9,104490
2026-07-02,쿠팡,휴책,IN-02,11,13,139230
2026-07-02,쿠팡,휴책,BK-01,16,17,457470
2026-07-02,쿠팡,휴책,KN-01,23,26,465660
2026-07-02,쿠팡,휴책,IN-01,7,8,121680
2026-07-02,쿠팡,휴책,EL-01,5,6,80460
2026-07-02,쿠팡,유큐어,WR-01,11,11,127710
2026-07-02,쿠팡,유큐어,KN-02,9,10,314100
2026-07-02,쿠팡,유큐어,IN-01,12,13,197730
2026-07-02,쿠팡,유큐어,BK-01,5,6,161460
2026-07-02,쿠팡,유큐어,IN-02,8,8,85680
2026-07-02,쿠팡,유큐어,WR-02,16,17,151470
2026-07-02,쿠팡,유큐어,EL-01,12,15,201150
2026-07-02,쿠팡,유큐어,KN-01,6,6,107460
2026-07-02,기타,기타사이트,KN-01,3,4,77212
2026-07-02,기타,기타사이트,WR-02,3,3,28809
2026-07-02,기타,기타사이트,BK-01,5,6,174018
2026-07-02,기타,기타사이트,WR-01,4,5,62565
2026-07-02,기타,기타사이트,KN-02,6,6,203118
2026-07-02,기타,기타사이트,IN-01,5,5,81965
2026-07-02,기타,기타사이트,EL-01,4,5,72265
2026-07-02,기타,기타사이트,IN-02,2,3,34629
2026-07-03,네이버,네이버,IN-02,24,25,279650
2026-07-03,네이버,네이버,WR-02,21,26,241956
2026-07-03,네이버,네이버,IN-01,33,38,603668
2026-07-03,네이버,네이버,EL-01,40,46,644276
2026-07-03,네이버,네이버,BK-01,41,47,1320982
2026-07-03,네이버,네이버,KN-01,58,66,1234596
2026-07-03,네이버,네이버,WR-01,46,51,618426
2026-07-03,네이버,네이버,KN-02,41,42,1377852
2026-07-03,쿠팡,올투게더나우,KN-01,11,13,232830
2026-07-03,쿠팡,올투게더나우,IN-01,3,5,76050
2026-07-03,쿠팡,올투게더나우,WR-02,7,8,71280
2026-07-03,쿠팡,올투게더나우,IN-02,3,3,32130
2026-07-03,쿠팡,올투게더나우,BK-01,3,3,80730
2026-07-03,쿠팡,올투게더나우,WR-01,8,10,116100
2026-07-03,쿠팡,올투게더나우,EL-01,4,5,67050
2026-07-03,쿠팡,올투게더나우,KN-02,1,1,31410
2026-07-03,쿠팡,휴책,IN-01,9,10,152100
2026-07-03,쿠팡,휴책,KN-01,39,45,805950
2026-07-03,쿠팡,휴책,KN-02,32,37,1162170
2026-07-03,쿠팡,휴책,WR-02,11,12,106920
2026-07-03,쿠팡,휴책,BK-01,26,29,780390
2026-07-03,쿠팡,휴책,IN-02,16,20,214200
2026-07-03,쿠팡,휴책,EL-01,22,25,335250
2026-07-03,쿠팡,휴책,WR-01,10,11,127710
2026-07-03,쿠팡,유큐어,EL-01,4,5,67050
2026-07-03,쿠팡,유큐어,IN-02,6,7,74970
2026-07-03,쿠팡,유큐어,WR-02,15,16,142560
2026-07-03,쿠팡,유큐어,BK-01,4,4,107640
2026-07-03,쿠팡,유큐어,IN-01,10,12,182520
2026-07-03,쿠팡,유큐어,KN-01,5,6,107460
2026-07-03,쿠팡,유큐어,WR-01,5,5,58050
2026-07-03,쿠팡,유큐어,KN-02,6,6,188460
2026-07-03,기타,기타사이트,BK-01,9,9,261027
2026-07-03,기타,기타사이트,IN-01,7,9,147537
2026-07-03,기타,기타사이트,IN-02,3,3,34629
2026-07-03,기타,기타사이트,EL-01,3,4,57812
2026-07-03,기타,기타사이트,KN-02,7,7,236971
2026-07-03,기타,기타사이트,WR-02,3,3,28809
2026-07-03,기타,기타사이트,KN-01,7,8,154424
2026-07-03,기타,기타사이트,WR-01,4,4,50052
2026-07-04,네이버,네이버,IN-01,31,39,619554
2026-07-04,네이버,네이버,WR-01,26,32,388032
2026-07-04,네이버,네이버,BK-01,29,32,899392
2026-07-04,네이버,네이버,KN-01,33,38,710828
2026-07-04,네이버,네이버,EL-01,27,29,406174
2026-07-04,네이버,네이버,WR-02,20,23,214038
2026-07-04,네이버,네이버,KN-02,29,33,1082598
2026-07-04,네이버,네이버,IN-02,12,13,145418
2026-07-04,쿠팡,올투게더나우,IN-02,3,4,42840
2026-07-04,쿠팡,올투게더나우,WR-01,8,10,116100
2026-07-04,쿠팡,올투게더나우,KN-01,4,4,71640
2026-07-04,쿠팡,올투게더나우,BK-01,5,5,134550
2026-07-04,쿠팡,올투게더나우,WR-02,8,8,71280
2026-07-04,쿠팡,올투게더나우,KN-02,3,4,125640
2026-07-04,쿠팡,올투게더나우,EL-01,2,2,26820
2026-07-04,쿠팡,올투게더나우,IN-01,1,1,15210
2026-07-04,쿠팡,휴책,KN-02,28,33,1036530
2026-07-04,쿠팡,휴책,IN-02,6,6,64260
2026-07-04,쿠팡,휴책,EL-01,10,12,160920
2026-07-04,쿠팡,휴책,BK-01,12,16,430560
2026-07-04,쿠팡,휴책,WR-01,4,4,46440
2026-07-04,쿠팡,휴책,IN-01,8,10,152100
2026-07-04,쿠팡,휴책,KN-01,26,26,465660
2026-07-04,쿠팡,휴책,WR-02,4,5,44550
2026-07-04,쿠팡,유큐어,KN-02,5,5,157050
2026-07-04,쿠팡,유큐어,IN-01,10,11,167310
2026-07-04,쿠팡,유큐어,KN-01,6,7,125370
2026-07-04,쿠팡,유큐어,WR-02,18,19,169290
2026-07-04,쿠팡,유큐어,WR-01,9,10,116100
2026-07-04,쿠팡,유큐어,EL-01,12,13,174330
2026-07-04,쿠팡,유큐어,IN-02,6,6,64260
2026-07-04,기타,기타사이트,IN-01,2,2,32786
2026-07-04,기타,기타사이트,BK-01,8,9,261027
2026-07-04,기타,기타사이트,EL-01,4,5,72265
2026-07-04,기타,기타사이트,WR-01,4,5,62565
2026-07-04,기타,기타사이트,KN-01,1,1,19303
2026-07-04,기타,기타사이트,KN-02,2,2,67706
2026-07-05,네이버,네이버,KN-01,37,43,804358
2026-07-05,네이버,네이버,BK-01,20,22,618332
2026-07-05,네이버,네이버,KN-02,27,33,1082598
2026-07-05,네이버,네이버,WR-01,24,27,327402
2026-07-05,네이버,네이버,IN-01,22,28,444808
2026-07-05,네이버,네이버,EL-01,20,22,308132
2026-07-05,네이버,네이버,WR-02,10,11,102366
2026-07-05,네이버,네이버,IN-02,6,7,78302
2026-07-05,쿠팡,올투게더나우,IN-02,3,4,42840
2026-07-05,쿠팡,올투게더나우,WR-02,6,6,53460
2026-07-05,쿠팡,올투게더나우,KN-02,2,2,62820
2026-07-05,쿠팡,올투게더나우,KN-01,10,12,214920
2026-07-05,쿠팡,올투게더나우,WR-01,5,5,58050
2026-07-05,쿠팡,올투게더나우,EL-01,3,4,53640
2026-07-05,쿠팡,올투게더나우,IN-01,2,3,45630
2026-07-05,쿠팡,올투게더나우,BK-01,5,5,134550
2026-07-05,쿠팡,휴책,WR-01,9,11,127710
2026-07-05,쿠팡,휴책,KN-02,22,24,753840
2026-07-05,쿠팡,휴책,EL-01,7,9,120690
2026-07-05,쿠팡,휴책,IN-01,7,7,106470
2026-07-05,쿠팡,휴책,WR-02,8,10,89100
2026-07-05,쿠팡,휴책,BK-01,11,12,322920
2026-07-05,쿠팡,휴책,IN-02,4,4,42840
2026-07-05,쿠팡,휴책,KN-01,17,18,322380
2026-07-05,쿠팡,유큐어,WR-02,5,7,62370
2026-07-05,쿠팡,유큐어,EL-01,9,10,134100
2026-07-05,쿠팡,유큐어,KN-01,6,7,125370
2026-07-05,쿠팡,유큐어,IN-01,8,10,152100
2026-07-05,쿠팡,유큐어,KN-02,3,5,157050
2026-07-05,쿠팡,유큐어,BK-01,4,5,134550
2026-07-05,쿠팡,유큐어,WR-01,8,9,104490
2026-07-05,쿠팡,유큐어,IN-02,6,8,85680
2026-07-05,기타,기타사이트,BK-01,6,6,174018
2026-07-05,기타,기타사이트,KN-02,10,10,338530
2026-07-05,기타,기타사이트,IN-01,3,3,49179
2026-07-05,기타,기타사이트,KN-01,9,12,231636
2026-07-05,기타,기타사이트,EL-01,3,4,57812
2026-07-05,기타,기타사이트,WR-01,2,2,25026
2026-07-05,기타,기타사이트,IN-02,2,2,23086
2026-07-05,기타,기타사이트,WR-02,2,2,19206
2026-07-06,네이버,네이버,EL-01,31,33,462198
2026-07-06,네이버,네이버,IN-02,18,21,234906
2026-07-06,네이버,네이버,WR-01,22,22,266772
2026-07-06,네이버,네이버,BK-01,27,30,843180
2026-07-06,네이버,네이버,KN-01,45,49,916594
2026-07-06,네이버,네이버,WR-02,12,14,130284
2026-07-06,네이버,네이버,IN-01,24,29,460694
2026-07-06,네이버,네이버,KN-02,22,23,754538
2026-07-06,쿠팡,올투게더나우,BK-01,4,4,107640
2026-07-06,쿠팡,올투게더나우,KN-02,7,11,345510
2026-07-06,쿠팡,올투게더나우,KN-01,12,12,214920
2026-07-06,쿠팡,올투게더나우,IN-02,4,4,42840
2026-07-06,쿠팡,올투게더나우,WR-02,5,5,44550
2026-07-06,쿠팡,올투게더나우,WR-01,8,9,104490
2026-07-06,쿠팡,올투게더나우,IN-01,5,6,91260
2026-07-06,쿠팡,올투게더나우,EL-01,6,6,80460
2026-07-06,쿠팡,휴책,IN-02,13,14,149940
2026-07-06,쿠팡,휴책,KN-02,27,28,879480
2026-07-06,쿠팡,휴책,BK-01,20,20,538200
2026-07-06,쿠팡,휴책,KN-01,28,32,573120
2026-07-06,쿠팡,휴책,WR-01,7,9,104490
2026-07-06,쿠팡,휴책,IN-01,10,11,167310
2026-07-06,쿠팡,휴책,EL-01,7,7,93870
2026-07-06,쿠팡,휴책,WR-02,8,9,80190
2026-07-06,쿠팡,유큐어,WR-01,10,12,139320
2026-07-06,쿠팡,유큐어,WR-02,10,12,106920
2026-07-06,쿠팡,유큐어,IN-02,13,14,149940
2026-07-06,쿠팡,유큐어,EL-01,10,11,147510
2026-07-06,쿠팡,유큐어,IN-01,8,8,121680
2026-07-06,쿠팡,유큐어,KN-02,5,5,157050
2026-07-06,쿠팡,유큐어,BK-01,8,8,215280
2026-07-06,쿠팡,유큐어,KN-01,4,6,107460
2026-07-06,기타,기타사이트,KN-01,11,14,270242
2026-07-06,기타,기타사이트,WR-01,5,5,62565
2026-07-06,기타,기타사이트,WR-02,7,7,67221
2026-07-06,기타,기타사이트,IN-01,3,4,65572
2026-07-06,기타,기타사이트,EL-01,3,3,43359
2026-07-06,기타,기타사이트,BK-01,7,8,232024
2026-07-06,기타,기타사이트,KN-02,7,7,236971
2026-07-06,기타,기타사이트,IN-02,2,2,23086
2026-07-07,네이버,네이버,KN-01,69,80,1496480
2026-07-07,네이버,네이버,WR-01,45,55,666930
2026-07-07,네이버,네이버,EL-01,44,52,728312
2026-07-07,네이버,네이버,BK-01,43,50,1405300
2026-07-07,네이버,네이버,KN-02,36,38,1246628
2026-07-07,네이버,네이버,WR-02,23,25,232650
2026-07-07,네이버,네이버,IN-01,41,51,810186
2026-07-07,네이버,네이버,IN-02,26,30,335580
2026-07-07,쿠팡,올투게더나우,BK-01,4,4,107640
2026-07-07,쿠팡,올투게더나우,KN-01,12,12,214920
2026-07-07,쿠팡,올투게더나우,WR-01,6,7,81270
2026-07-07,쿠팡,올투게더나우,EL-01,5,6,80460
2026-07-07,쿠팡,올투게더나우,WR-02,7,7,62370
2026-07-07,쿠팡,올투게더나우,IN-01,3,3,45630
2026-07-07,쿠팡,올투게더나우,IN-02,5,6,64260
2026-07-07,쿠팡,올투게더나우,KN-02,6,6,188460
2026-07-07,쿠팡,휴책,KN-02,31,32,1005120
2026-07-07,쿠팡,휴책,WR-02,16,18,160380
2026-07-07,쿠팡,휴책,WR-01,12,14,162540
2026-07-07,쿠팡,휴책,BK-01,19,22,592020
2026-07-07,쿠팡,휴책,EL-01,5,5,67050
2026-07-07,쿠팡,휴책,IN-02,6,7,74970
2026-07-07,쿠팡,휴책,KN-01,21,22,394020
2026-07-07,쿠팡,휴책,IN-01,6,7,106470
2026-07-07,쿠팡,유큐어,IN-01,11,12,182520
2026-07-07,쿠팡,유큐어,EL-01,8,10,134100
2026-07-07,쿠팡,유큐어,WR-01,6,7,81270
2026-07-07,쿠팡,유큐어,WR-02,14,15,133650
2026-07-07,쿠팡,유큐어,IN-02,13,14,149940
2026-07-07,쿠팡,유큐어,KN-02,5,5,157050
2026-07-07,쿠팡,유큐어,KN-01,3,3,53730
2026-07-07,쿠팡,유큐어,BK-01,5,5,134550
2026-07-07,기타,기타사이트,IN-01,6,7,114751
2026-07-07,기타,기타사이트,WR-01,2,2,25026
2026-07-07,기타,기타사이트,IN-02,3,5,57715
2026-07-07,기타,기타사이트,BK-01,4,4,116012
2026-07-07,기타,기타사이트,KN-02,7,8,270824
2026-07-07,기타,기타사이트,KN-01,3,4,77212
2026-07-07,기타,기타사이트,WR-02,2,2,19206
2026-07-07,기타,기타사이트,EL-01,1,1,14453
2026-07-08,네이버,네이버,WR-02,13,14,130284
2026-07-08,네이버,네이버,IN-01,38,42,667212
2026-07-08,네이버,네이버,KN-01,50,57,1066242
2026-07-08,네이버,네이버,WR-01,36,42,509292
2026-07-08,네이버,네이버,EL-01,29,31,434186
2026-07-08,네이버,네이버,KN-02,32,37,1213822
2026-07-08,네이버,네이버,IN-02,17,17,190162
2026-07-08,네이버,네이버,BK-01,24,26,730756
2026-07-08,쿠팡,올투게더나우,WR-01,15,16,185760
2026-07-08,쿠팡,올투게더나우,KN-01,6,7,125370
2026-07-08,쿠팡,올투게더나우,IN-02,2,2,21420
2026-07-08,쿠팡,올투게더나우,KN-02,3,3,94230
2026-07-08,쿠팡,올투게더나우,BK-01,5,6,161460
2026-07-08,쿠팡,올투게더나우,WR-02,4,5,44550
2026-07-08,쿠팡,올투게더나우,IN-01,3,4,60840
2026-07-08,쿠팡,올투게더나우,EL-01,2,2,26820
2026-07-08,쿠팡,휴책,BK-01,13,14,376740
2026-07-08,쿠팡,휴책,IN-01,8,9,136890
2026-07-08,쿠팡,휴책,KN-02,32,34,1067940
2026-07-08,쿠팡,휴책,EL-01,12,12,160920
2026-07-08,쿠팡,휴책,WR-02,5,6,53460
2026-07-08,쿠팡,휴책,KN-01,33,36,644760
2026-07-08,쿠팡,휴책,WR-01,14,16,185760
2026-07-08,쿠팡,휴책,IN-02,11,13,139230
2026-07-08,쿠팡,유큐어,WR-02,24,26,231660
2026-07-08,쿠팡,유큐어,EL-01,11,12,160920
2026-07-08,쿠팡,유큐어,WR-01,10,11,127710
2026-07-08,쿠팡,유큐어,BK-01,6,6,161460
2026-07-08,쿠팡,유큐어,KN-01,6,6,107460
2026-07-08,쿠팡,유큐어,KN-02,4,5,157050
2026-07-08,쿠팡,유큐어,IN-01,12,14,212940
2026-07-08,쿠팡,유큐어,IN-02,9,12,128520
2026-07-08,기타,기타사이트,KN-02,8,11,372383
2026-07-08,기타,기타사이트,KN-01,4,4,77212
2026-07-08,기타,기타사이트,WR-01,5,6,75078
2026-07-08,기타,기타사이트,IN-01,5,5,81965
2026-07-08,기타,기타사이트,BK-01,5,6,174018
2026-07-08,기타,기타사이트,WR-02,2,3,28809
2026-07-08,기타,기타사이트,IN-02,5,5,57715
2026-07-08,기타,기타사이트,EL-01,2,2,28906
2026-07-09,네이버,네이버,IN-02,20,21,234906
2026-07-09,네이버,네이버,EL-01,41,45,630270
2026-07-09,네이버,네이버,KN-01,55,63,1178478
2026-07-09,네이버,네이버,BK-01,35,43,1208558
2026-07-09,네이버,네이버,WR-02,24,28,260568
2026-07-09,네이버,네이버,KN-02,31,36,1181016
2026-07-09,네이버,네이버,IN-01,45,51,810186
2026-07-09,네이버,네이버,WR-01,28,30,363780
2026-07-09,쿠팡,올투게더나우,BK-01,2,3,80730
2026-07-09,쿠팡,올투게더나우,WR-01,10,13,150930
2026-07-09,쿠팡,올투게더나우,WR-02,8,8,71280
2026-07-09,쿠팡,올투게더나우,KN-01,5,6,107460
2026-07-09,쿠팡,올투게더나우,IN-02,3,3,32130
2026-07-09,쿠팡,올투게더나우,EL-01,1,1,13410
2026-07-09,쿠팡,올투게더나우,IN-01,2,2,30420
2026-07-09,쿠팡,올투게더나우,KN-02,2,3,94230
2026-07-09,쿠팡,휴책,KN-01,19,21,376110
2026-07-09,쿠팡,휴책,WR-02,10,12,106920
2026-07-09,쿠팡,휴책,KN-02,25,28,879480
2026-07-09,쿠팡,휴책,IN-02,13,15,160650
2026-07-09,쿠팡,휴책,EL-01,7,7,93870
2026-07-09,쿠팡,휴책,IN-01,7,7,106470
2026-07-09,쿠팡,휴책,BK-01,24,24,645840
2026-07-09,쿠팡,휴책,WR-01,17,19,220590
2026-07-09,쿠팡,유큐어,WR-02,21,22,196020
2026-07-09,쿠팡,유큐어,EL-01,11,11,147510
2026-07-09,쿠팡,유큐어,KN-02,3,3,94230
2026-07-09,쿠팡,유큐어,IN-02,11,12,128520
2026-07-09,쿠팡,유큐어,WR-01,6,6,69660
2026-07-09,쿠팡,유큐어,IN-01,8,9,136890
2026-07-09,쿠팡,유큐어,KN-01,2,2,35820
2026-07-09,쿠팡,유큐어,BK-01,5,5,134550
2026-07-09,기타,기타사이트,WR-01,2,3,37539
2026-07-09,기타,기타사이트,IN-01,6,7,114751
2026-07-09,기타,기타사이트,BK-01,6,7,203021
2026-07-09,기타,기타사이트,KN-01,8,9,173727
2026-07-09,기타,기타사이트,IN-02,4,4,46172
2026-07-09,기타,기타사이트,KN-02,2,2,67706
2026-07-09,기타,기타사이트,EL-01,2,2,28906
2026-07-10,네이버,네이버,WR-01,47,52,630552
2026-07-10,네이버,네이버,EL-01,34,36,504216
2026-07-10,네이버,네이버,KN-02,33,37,1213822
2026-07-10,네이버,네이버,KN-01,51,55,1028830
2026-07-10,네이버,네이버,WR-02,19,23,214038
2026-07-10,네이버,네이버,BK-01,41,50,1405300
2026-07-10,네이버,네이버,IN-02,19,21,234906
2026-07-10,네이버,네이버,IN-01,48,59,937274
2026-07-10,쿠팡,올투게더나우,KN-01,6,6,107460
2026-07-10,쿠팡,올투게더나우,WR-01,13,13,150930
2026-07-10,쿠팡,올투게더나우,IN-01,4,4,60840
2026-07-10,쿠팡,올투게더나우,WR-02,12,14,124740
2026-07-10,쿠팡,올투게더나우,BK-01,6,8,215280
2026-07-10,쿠팡,올투게더나우,KN-02,6,6,188460
2026-07-10,쿠팡,올투게더나우,IN-02,4,5,53550
2026-07-10,쿠팡,올투게더나우,EL-01,2,3,40230
2026-07-10,쿠팡,휴책,BK-01,27,28,753480
2026-07-10,쿠팡,휴책,WR-02,20,24,213840
2026-07-10,쿠팡,휴책,KN-02,38,41,1287810
2026-07-10,쿠팡,휴책,WR-01,6,6,69660
2026-07-10,쿠팡,휴책,KN-01,29,30,537300
2026-07-10,쿠팡,휴책,IN-02,10,10,107100
2026-07-10,쿠팡,휴책,IN-01,16,18,273780
2026-07-10,쿠팡,휴책,EL-01,12,12,160920
2026-07-10,쿠팡,유큐어,WR-02,12,13,115830
2026-07-10,쿠팡,유큐어,IN-02,8,9,96390
2026-07-10,쿠팡,유큐어,KN-02,10,10,314100
2026-07-10,쿠팡,유큐어,EL-01,11,12,160920
2026-07-10,쿠팡,유큐어,WR-01,10,10,116100
2026-07-10,쿠팡,유큐어,KN-01,5,7,125370
2026-07-10,쿠팡,유큐어,BK-01,5,5,134550
2026-07-10,쿠팡,유큐어,IN-01,8,9,136890
2026-07-10,기타,기타사이트,KN-01,6,6,115818
2026-07-10,기타,기타사이트,IN-01,6,6,98358
2026-07-10,기타,기타사이트,IN-02,3,3,34629
2026-07-10,기타,기타사이트,KN-02,6,6,203118
2026-07-10,기타,기타사이트,WR-02,4,4,38412
2026-07-10,기타,기타사이트,BK-01,3,4,116012
2026-07-10,기타,기타사이트,WR-01,2,2,25026
2026-07-10,기타,기타사이트,EL-01,1,1,14453
2026-07-11,네이버,네이버,KN-01,26,27,505062
2026-07-11,네이버,네이버,WR-02,12,13,120978
2026-07-11,네이버,네이버,BK-01,34,36,1011816
2026-07-11,네이버,네이버,KN-02,24,26,852956
2026-07-11,네이버,네이버,WR-01,15,17,206142
2026-07-11,네이버,네이버,EL-01,20,23,322138
2026-07-11,네이버,네이버,IN-02,14,15,167790
2026-07-11,네이버,네이버,IN-01,21,23,365378
2026-07-11,쿠팡,올투게더나우,WR-02,4,4,35640
2026-07-11,쿠팡,올투게더나우,IN-02,3,3,32130
2026-07-11,쿠팡,올투게더나우,WR-01,11,11,127710
2026-07-11,쿠팡,올투게더나우,KN-01,7,7,125370
2026-07-11,쿠팡,올투게더나우,EL-01,4,4,53640
2026-07-11,쿠팡,올투게더나우,BK-01,1,1,26910
2026-07-11,쿠팡,올투게더나우,KN-02,1,1,31410
2026-07-11,쿠팡,휴책,WR-01,10,11,127710
2026-07-11,쿠팡,휴책,EL-01,12,13,174330
2026-07-11,쿠팡,휴책,KN-02,29,32,1005120
2026-07-11,쿠팡,휴책,KN-01,32,34,608940
2026-07-11,쿠팡,휴책,IN-01,14,14,212940
2026-07-11,쿠팡,휴책,BK-01,24,27,726570
2026-07-11,쿠팡,휴책,WR-02,8,8,71280
2026-07-11,쿠팡,휴책,IN-02,4,6,64260
2026-07-11,쿠팡,유큐어,IN-02,6,7,74970
2026-07-11,쿠팡,유큐어,EL-01,11,15,201150
2026-07-11,쿠팡,유큐어,KN-02,5,6,188460
2026-07-11,쿠팡,유큐어,BK-01,9,9,242190
2026-07-11,쿠팡,유큐어,WR-02,6,7,62370
2026-07-11,쿠팡,유큐어,WR-01,5,7,81270
2026-07-11,쿠팡,유큐어,IN-01,5,5,76050
2026-07-11,쿠팡,유큐어,KN-01,2,2,35820
2026-07-11,기타,기타사이트,KN-02,5,5,169265
2026-07-11,기타,기타사이트,IN-01,3,4,65572
2026-07-11,기타,기타사이트,BK-01,12,13,377039
2026-07-11,기타,기타사이트,KN-01,4,6,115818
2026-07-11,기타,기타사이트,WR-01,2,2,25026
2026-07-11,기타,기타사이트,IN-02,2,2,23086
2026-07-11,기타,기타사이트,EL-01,4,5,72265
2026-07-12,네이버,네이버,WR-01,28,30,363780
2026-07-12,네이버,네이버,KN-02,25,27,885762
2026-07-12,네이버,네이버,BK-01,35,37,1039922
2026-07-12,네이버,네이버,EL-01,32,37,518222
2026-07-12,네이버,네이버,KN-01,39,43,804358
2026-07-12,네이버,네이버,WR-02,10,12,111672
2026-07-12,네이버,네이버,IN-02,12,13,145418
2026-07-12,네이버,네이버,IN-01,18,21,333606
2026-07-12,쿠팡,올투게더나우,IN-01,3,3,45630
2026-07-12,쿠팡,올투게더나우,IN-02,2,2,21420
2026-07-12,쿠팡,올투게더나우,EL-01,3,3,40230
2026-07-12,쿠팡,올투게더나우,KN-02,1,1,31410
2026-07-12,쿠팡,올투게더나우,KN-01,6,6,107460
2026-07-12,쿠팡,올투게더나우,WR-01,7,7,81270
2026-07-12,쿠팡,올투게더나우,WR-02,6,7,62370
2026-07-12,쿠팡,올투게더나우,BK-01,2,2,53820
2026-07-12,쿠팡,휴책,WR-01,8,8,92880
2026-07-12,쿠팡,휴책,KN-01,25,27,483570
2026-07-12,쿠팡,휴책,KN-02,19,23,722430
2026-07-12,쿠팡,휴책,EL-01,5,6,80460
2026-07-12,쿠팡,휴책,BK-01,21,22,592020
2026-07-12,쿠팡,휴책,IN-01,9,11,167310
2026-07-12,쿠팡,휴책,IN-02,9,9,96390
2026-07-12,쿠팡,휴책,WR-02,6,6,53460
2026-07-12,쿠팡,유큐어,IN-02,5,5,53550
2026-07-12,쿠팡,유큐어,WR-01,5,5,58050
2026-07-12,쿠팡,유큐어,KN-02,5,5,157050
2026-07-12,쿠팡,유큐어,EL-01,5,5,67050
2026-07-12,쿠팡,유큐어,WR-02,3,3,26730
2026-07-12,쿠팡,유큐어,KN-01,3,4,71640
2026-07-12,쿠팡,유큐어,IN-01,10,12,182520
2026-07-12,쿠팡,유큐어,BK-01,5,7,188370
2026-07-12,기타,기타사이트,IN-01,7,11,180323
2026-07-12,기타,기타사이트,BK-01,4,5,145015
2026-07-12,기타,기타사이트,EL-01,4,5,72265
2026-07-12,기타,기타사이트,WR-02,3,3,28809
2026-07-12,기타,기타사이트,KN-02,2,2,67706
2026-07-12,기타,기타사이트,WR-01,2,2,25026
2026-07-12,기타,기타사이트,KN-01,1,2,38606
2026-07-12,기타,기타사이트,IN-02,3,3,34629
2026-07-13,네이버,네이버,BK-01,30,34,955604
2026-07-13,네이버,네이버,KN-01,46,49,916594
2026-07-13,네이버,네이버,WR-01,30,33,400158
2026-07-13,네이버,네이버,IN-01,42,46,730756
2026-07-13,네이버,네이버,IN-02,17,17,190162
2026-07-13,네이버,네이버,EL-01,30,31,434186
2026-07-13,네이버,네이버,WR-02,13,16,148896
2026-07-13,네이버,네이버,KN-02,29,31,1016986
2026-07-13,쿠팡,올투게더나우,IN-01,3,3,45630
2026-07-13,쿠팡,올투게더나우,IN-02,3,4,42840
2026-07-13,쿠팡,올투게더나우,WR-02,8,9,80190
2026-07-13,쿠팡,올투게더나우,BK-01,3,3,80730
2026-07-13,쿠팡,올투게더나우,KN-02,3,3,94230
2026-07-13,쿠팡,올투게더나우,WR-01,9,9,104490
2026-07-13,쿠팡,올투게더나우,EL-01,3,3,40230
2026-07-13,쿠팡,올투게더나우,KN-01,3,3,53730
2026-07-13,쿠팡,휴책,IN-01,7,9,136890
2026-07-13,쿠팡,휴책,BK-01,22,23,618930
2026-07-13,쿠팡,휴책,KN-02,29,31,973710
2026-07-13,쿠팡,휴책,KN-01,19,24,429840
2026-07-13,쿠팡,휴책,EL-01,9,9,120690
2026-07-13,쿠팡,휴책,IN-02,13,16,171360
2026-07-13,쿠팡,휴책,WR-01,4,5,58050
2026-07-13,쿠팡,휴책,WR-02,9,10,89100
2026-07-13,쿠팡,유큐어,WR-02,15,17,151470
2026-07-13,쿠팡,유큐어,BK-01,5,5,134550
2026-07-13,쿠팡,유큐어,KN-01,3,4,71640
2026-07-13,쿠팡,유큐어,EL-01,13,13,174330
2026-07-13,쿠팡,유큐어,IN-01,9,13,197730
2026-07-13,쿠팡,유큐어,WR-01,10,11,127710
2026-07-13,쿠팡,유큐어,KN-02,4,5,157050
2026-07-13,쿠팡,유큐어,IN-02,10,11,117810
2026-07-13,기타,기타사이트,IN-02,4,4,46172
2026-07-13,기타,기타사이트,KN-01,4,5,96515
2026-07-13,기타,기타사이트,EL-01,6,6,86718
2026-07-13,기타,기타사이트,WR-02,3,3,28809
2026-07-13,기타,기타사이트,KN-02,3,4,135412
2026-07-13,기타,기타사이트,IN-01,6,7,114751
2026-07-13,기타,기타사이트,WR-01,4,4,50052
2026-07-13,기타,기타사이트,BK-01,4,6,174018
2026-07-14,네이버,네이버,WR-02,7,8,74448
2026-07-14,네이버,네이버,IN-01,24,24,381264
2026-07-14,네이버,네이버,KN-01,46,51,954006
2026-07-14,네이버,네이버,EL-01,27,28,392168
2026-07-14,네이버,네이버,WR-01,27,27,327402
2026-07-14,네이버,네이버,KN-02,23,24,787344
2026-07-14,네이버,네이버,BK-01,23,24,674544
2026-07-14,네이버,네이버,IN-02,13,13,145418
2026-07-14,쿠팡,올투게더나우,BK-01,6,6,161460
2026-07-14,쿠팡,올투게더나우,KN-02,3,4,125640
2026-07-14,쿠팡,올투게더나우,WR-01,6,6,69660
2026-07-14,쿠팡,올투게더나우,WR-02,5,5,44550
2026-07-14,쿠팡,올투게더나우,KN-01,6,6,107460
2026-07-14,쿠팡,올투게더나우,IN-02,3,3,32130
2026-07-14,쿠팡,올투게더나우,IN-01,3,3,45630
2026-07-14,쿠팡,올투게더나우,EL-01,2,2,26820
2026-07-14,쿠팡,휴책,KN-02,24,26,816660
2026-07-14,쿠팡,휴책,WR-02,12,12,106920
2026-07-14,쿠팡,휴책,WR-01,13,15,174150
2026-07-14,쿠팡,휴책,IN-01,5,6,91260
2026-07-14,쿠팡,휴책,IN-02,15,16,171360
2026-07-14,쿠팡,휴책,BK-01,22,25,672750
2026-07-14,쿠팡,휴책,KN-01,29,31,555210
2026-07-14,쿠팡,휴책,EL-01,16,18,241380
2026-07-14,쿠팡,유큐어,IN-01,8,8,121680
2026-07-14,쿠팡,유큐어,KN-01,6,7,125370
2026-07-14,쿠팡,유큐어,EL-01,12,13,174330
2026-07-14,쿠팡,유큐어,WR-02,12,13,115830
2026-07-14,쿠팡,유큐어,BK-01,5,5,134550
2026-07-14,쿠팡,유큐어,KN-02,4,5,157050
2026-07-14,쿠팡,유큐어,WR-01,13,14,162540
2026-07-14,쿠팡,유큐어,IN-02,3,3,32130
2026-07-14,기타,기타사이트,KN-02,8,9,304677
2026-07-14,기타,기타사이트,KN-01,8,9,173727
2026-07-14,기타,기타사이트,BK-01,5,5,145015
2026-07-14,기타,기타사이트,IN-01,8,9,147537
2026-07-14,기타,기타사이트,IN-02,2,2,23086
2026-07-14,기타,기타사이트,EL-01,4,5,72265
2026-07-14,기타,기타사이트,WR-02,4,4,38412
2026-07-15,네이버,네이버,WR-01,22,26,315276
2026-07-15,네이버,네이버,KN-01,35,38,710828
2026-07-15,네이버,네이버,IN-02,21,23,257278
2026-07-15,네이버,네이버,KN-02,21,25,820150
2026-07-15,네이버,네이버,EL-01,32,37,518222
2026-07-15,네이버,네이버,BK-01,21,25,702650
2026-07-15,네이버,네이버,WR-02,14,16,148896
2026-07-15,네이버,네이버,IN-01,26,30,476580
2026-07-15,쿠팡,올투게더나우,KN-02,4,4,125640
2026-07-15,쿠팡,올투게더나우,KN-01,9,10,179100
2026-07-15,쿠팡,올투게더나우,BK-01,2,3,80730
2026-07-15,쿠팡,올투게더나우,WR-01,9,9,104490
2026-07-15,쿠팡,올투게더나우,IN-01,3,4,60840
2026-07-15,쿠팡,올투게더나우,EL-01,4,4,53640
2026-07-15,쿠팡,올투게더나우,WR-02,9,13,115830
2026-07-15,쿠팡,올투게더나우,IN-02,4,4,42840
2026-07-15,쿠팡,휴책,KN-02,46,51,1601910
2026-07-15,쿠팡,휴책,BK-01,27,28,753480
2026-07-15,쿠팡,휴책,WR-01,13,14,162540
2026-07-15,쿠팡,휴책,KN-01,32,34,608940
2026-07-15,쿠팡,휴책,IN-02,10,11,117810
2026-07-15,쿠팡,휴책,WR-02,10,10,89100
2026-07-15,쿠팡,휴책,IN-01,8,8,121680
2026-07-15,쿠팡,휴책,EL-01,12,14,187740
2026-07-15,쿠팡,유큐어,EL-01,17,18,241380
2026-07-15,쿠팡,유큐어,WR-01,8,8,92880
2026-07-15,쿠팡,유큐어,IN-01,6,6,91260
2026-07-15,쿠팡,유큐어,IN-02,15,17,182070
2026-07-15,쿠팡,유큐어,BK-01,5,7,188370
2026-07-15,쿠팡,유큐어,KN-01,6,7,125370
2026-07-15,쿠팡,유큐어,KN-02,8,9,282690
2026-07-15,쿠팡,유큐어,WR-02,9,9,80190
2026-07-15,기타,기타사이트,IN-02,5,6,69258
2026-07-15,기타,기타사이트,KN-02,5,7,236971
2026-07-15,기타,기타사이트,WR-01,3,4,50052
2026-07-15,기타,기타사이트,BK-01,4,5,145015
2026-07-15,기타,기타사이트,WR-02,7,8,76824
2026-07-15,기타,기타사이트,IN-01,5,6,98358
2026-07-15,기타,기타사이트,KN-01,4,6,115818
2026-07-15,기타,기타사이트,EL-01,2,2,28906
2026-07-16,네이버,네이버,KN-01,58,66,1234596
2026-07-16,네이버,네이버,WR-02,25,28,260568
2026-07-16,네이버,네이버,KN-02,48,52,1705912
2026-07-16,네이버,네이버,EL-01,36,38,532228
2026-07-16,네이버,네이버,WR-01,43,47,569922
2026-07-16,네이버,네이버,IN-01,33,38,603668
2026-07-16,네이버,네이버,BK-01,39,44,1236664
2026-07-16,네이버,네이버,IN-02,21,26,290836
2026-07-16,쿠팡,올투게더나우,WR-02,11,17,151470
2026-07-16,쿠팡,올투게더나우,IN-01,4,4,60840
2026-07-16,쿠팡,올투게더나우,KN-02,3,3,94230
2026-07-16,쿠팡,올투게더나우,IN-02,2,2,21420
2026-07-16,쿠팡,올투게더나우,WR-01,13,14,162540
2026-07-16,쿠팡,올투게더나우,BK-01,3,4,107640
2026-07-16,쿠팡,올투게더나우,EL-01,2,2,26820
2026-07-16,쿠팡,올투게더나우,KN-01,5,6,107460
2026-07-16,쿠팡,휴책,KN-01,35,37,662670
2026-07-16,쿠팡,휴책,BK-01,29,34,914940
2026-07-16,쿠팡,휴책,WR-01,6,6,69660
2026-07-16,쿠팡,휴책,WR-02,15,16,142560
2026-07-16,쿠팡,휴책,KN-02,41,45,1413450
2026-07-16,쿠팡,휴책,IN-02,10,10,107100
2026-07-16,쿠팡,휴책,IN-01,13,18,273780
2026-07-16,쿠팡,휴책,EL-01,17,19,254790
2026-07-16,쿠팡,유큐어,KN-01,5,6,107460
2026-07-16,쿠팡,유큐어,KN-02,5,5,157050
2026-07-16,쿠팡,유큐어,WR-01,17,20,232200
2026-07-16,쿠팡,유큐어,EL-01,8,11,147510
2026-07-16,쿠팡,유큐어,IN-02,17,19,203490
2026-07-16,쿠팡,유큐어,IN-01,8,8,121680
2026-07-16,쿠팡,유큐어,BK-01,4,4,107640
2026-07-16,쿠팡,유큐어,WR-02,15,16,142560
2026-07-16,기타,기타사이트,BK-01,11,12,348036
2026-07-16,기타,기타사이트,WR-01,2,2,25026
2026-07-16,기타,기타사이트,EL-01,1,1,14453
2026-07-16,기타,기타사이트,WR-02,3,4,38412
2026-07-16,기타,기타사이트,IN-01,4,4,65572
2026-07-16,기타,기타사이트,KN-02,4,6,203118
2026-07-16,기타,기타사이트,KN-01,6,7,135121
2026-07-17,네이버,네이버,BK-01,38,41,1152346
2026-07-17,네이버,네이버,IN-01,36,42,667212
2026-07-17,네이버,네이버,WR-01,33,33,400158
2026-07-17,네이버,네이버,KN-01,57,63,1178478
2026-07-17,네이버,네이버,KN-02,35,38,1246628
2026-07-17,네이버,네이버,IN-02,14,17,190162
2026-07-17,네이버,네이버,EL-01,29,29,406174
2026-07-17,네이버,네이버,WR-02,13,16,148896
2026-07-17,쿠팡,올투게더나우,WR-02,8,8,71280
2026-07-17,쿠팡,올투게더나우,WR-01,7,9,104490
2026-07-17,쿠팡,올투게더나우,IN-01,6,6,91260
2026-07-17,쿠팡,올투게더나우,IN-02,1,2,21420
2026-07-17,쿠팡,올투게더나우,EL-01,2,2,26820
2026-07-17,쿠팡,올투게더나우,BK-01,4,4,107640
2026-07-17,쿠팡,올투게더나우,KN-01,2,2,35820
2026-07-17,쿠팡,올투게더나우,KN-02,2,3,94230
2026-07-17,쿠팡,휴책,IN-01,9,10,152100
2026-07-17,쿠팡,휴책,EL-01,8,9,120690
2026-07-17,쿠팡,휴책,BK-01,29,35,941850
2026-07-17,쿠팡,휴책,KN-02,29,33,1036530
2026-07-17,쿠팡,휴책,IN-02,16,18,192780
2026-07-17,쿠팡,휴책,KN-01,45,47,841770
2026-07-17,쿠팡,휴책,WR-02,21,22,196020
2026-07-17,쿠팡,휴책,WR-01,9,10,116100
2026-07-17,쿠팡,유큐어,BK-01,9,11,296010
2026-07-17,쿠팡,유큐어,IN-01,10,14,212940
2026-07-17,쿠팡,유큐어,KN-01,8,9,161190
2026-07-17,쿠팡,유큐어,WR-01,8,8,92880
2026-07-17,쿠팡,유큐어,IN-02,7,7,74970
2026-07-17,쿠팡,유큐어,WR-02,23,25,222750
2026-07-17,쿠팡,유큐어,EL-01,10,12,160920
2026-07-17,쿠팡,유큐어,KN-02,7,7,219870
2026-07-17,기타,기타사이트,WR-01,5,7,87591
2026-07-17,기타,기타사이트,BK-01,6,7,203021
2026-07-17,기타,기타사이트,IN-02,4,6,69258
2026-07-17,기타,기타사이트,KN-02,6,7,236971
2026-07-17,기타,기타사이트,IN-01,3,3,49179
2026-07-17,기타,기타사이트,KN-01,2,2,38606
2026-07-17,기타,기타사이트,EL-01,1,1,14453
2026-07-17,기타,기타사이트,WR-02,1,1,9603
2026-07-18,네이버,네이버,IN-02,11,13,145418
2026-07-18,네이버,네이버,KN-02,31,36,1181016
2026-07-18,네이버,네이버,WR-01,24,29,351654
2026-07-18,네이버,네이버,EL-01,27,30,420180
2026-07-18,네이버,네이버,KN-01,45,51,954006
2026-07-18,네이버,네이버,BK-01,27,31,871286
2026-07-18,네이버,네이버,IN-01,29,35,556010
2026-07-18,네이버,네이버,WR-02,16,16,148896
2026-07-18,쿠팡,올투게더나우,IN-02,2,2,21420
2026-07-18,쿠팡,올투게더나우,WR-01,9,11,127710
2026-07-18,쿠팡,올투게더나우,BK-01,6,6,161460
2026-07-18,쿠팡,올투게더나우,KN-01,6,6,107460
2026-07-18,쿠팡,올투게더나우,EL-01,2,2,26820
2026-07-18,쿠팡,올투게더나우,WR-02,3,3,26730
2026-07-18,쿠팡,휴책,KN-01,21,21,376110
2026-07-18,쿠팡,휴책,BK-01,20,22,592020
2026-07-18,쿠팡,휴책,KN-02,24,26,816660
2026-07-18,쿠팡,휴책,IN-01,10,11,167310
2026-07-18,쿠팡,휴책,IN-02,12,16,171360
2026-07-18,쿠팡,휴책,WR-01,10,10,116100
2026-07-18,쿠팡,휴책,EL-01,7,7,93870
2026-07-18,쿠팡,휴책,WR-02,7,8,71280
2026-07-18,쿠팡,유큐어,WR-01,6,6,69660
2026-07-18,쿠팡,유큐어,KN-02,4,5,157050
2026-07-18,쿠팡,유큐어,WR-02,6,8,71280
2026-07-18,쿠팡,유큐어,EL-01,9,9,120690
2026-07-18,쿠팡,유큐어,IN-01,6,6,91260
2026-07-18,쿠팡,유큐어,IN-02,6,8,85680
2026-07-18,쿠팡,유큐어,BK-01,5,6,161460
2026-07-18,쿠팡,유큐어,KN-01,2,2,35820
2026-07-18,기타,기타사이트,WR-01,1,1,12513
2026-07-18,기타,기타사이트,EL-01,2,2,28906
2026-07-18,기타,기타사이트,IN-02,2,2,23086
2026-07-18,기타,기타사이트,BK-01,4,4,116012
2026-07-18,기타,기타사이트,KN-02,6,8,270824
2026-07-18,기타,기타사이트,KN-01,3,3,57909
2026-07-18,기타,기타사이트,WR-02,2,2,19206
2026-07-18,기타,기타사이트,IN-01,2,2,32786
2026-07-19,네이버,네이버,KN-01,36,39,729534
2026-07-19,네이버,네이버,KN-02,19,22,721732
2026-07-19,네이버,네이버,BK-01,19,23,646438
2026-07-19,네이버,네이버,EL-01,22,26,364156
2026-07-19,네이버,네이버,WR-02,11,13,120978
2026-07-19,네이버,네이버,WR-01,16,17,206142
2026-07-19,네이버,네이버,IN-02,9,10,111860
2026-07-19,네이버,네이버,IN-01,21,23,365378
2026-07-19,쿠팡,올투게더나우,KN-02,4,4,125640
2026-07-19,쿠팡,올투게더나우,WR-01,10,11,127710
2026-07-19,쿠팡,올투게더나우,IN-01,5,6,91260
2026-07-19,쿠팡,올투게더나우,WR-02,9,12,106920
2026-07-19,쿠팡,올투게더나우,KN-01,4,4,71640
2026-07-19,쿠팡,올투게더나우,EL-01,2,2,26820
2026-07-19,쿠팡,올투게더나우,IN-02,2,3,32130
2026-07-19,쿠팡,휴책,WR-02,11,12,106920
2026-07-19,쿠팡,휴책,BK-01,13,15,403650
2026-07-19,쿠팡,휴책,KN-01,26,31,555210
2026-07-19,쿠팡,휴책,IN-02,13,15,160650
2026-07-19,쿠팡,휴책,EL-01,6,7,93870
2026-07-19,쿠팡,휴책,KN-02,24,27,848070
2026-07-19,쿠팡,휴책,IN-01,10,10,152100
2026-07-19,쿠팡,휴책,WR-01,9,10,116100
2026-07-19,쿠팡,유큐어,IN-01,9,10,152100
2026-07-19,쿠팡,유큐어,WR-02,6,6,53460
2026-07-19,쿠팡,유큐어,WR-01,11,11,127710
2026-07-19,쿠팡,유큐어,KN-02,11,11,345510
2026-07-19,쿠팡,유큐어,BK-01,2,2,53820
2026-07-19,쿠팡,유큐어,EL-01,7,7,93870
2026-07-19,쿠팡,유큐어,IN-02,9,12,128520
2026-07-19,쿠팡,유큐어,KN-01,3,3,53730
2026-07-19,기타,기타사이트,WR-01,4,4,50052
2026-07-19,기타,기타사이트,IN-01,4,5,81965
2026-07-19,기타,기타사이트,BK-01,7,7,203021
2026-07-19,기타,기타사이트,EL-01,2,2,28906
2026-07-19,기타,기타사이트,IN-02,6,7,80801
2026-07-19,기타,기타사이트,KN-01,7,8,154424
2026-07-19,기타,기타사이트,KN-02,4,5,169265
2026-07-19,기타,기타사이트,WR-02,1,1,9603
2026-07-20,네이버,네이버,IN-01,26,29,460694
2026-07-20,네이버,네이버,KN-02,27,30,984180
2026-07-20,네이버,네이버,EL-01,32,33,462198
2026-07-20,네이버,네이버,BK-01,39,42,1180452
2026-07-20,네이버,네이버,KN-01,57,63,1178478
2026-07-20,네이버,네이버,WR-02,19,21,195426
2026-07-20,네이버,네이버,IN-02,19,21,234906
2026-07-20,네이버,네이버,WR-01,26,29,351654
2026-07-20,쿠팡,올투게더나우,WR-01,6,6,69660
2026-07-20,쿠팡,올투게더나우,IN-01,2,2,30420
2026-07-20,쿠팡,올투게더나우,WR-02,5,6,53460
2026-07-20,쿠팡,올투게더나우,KN-01,5,5,89550
2026-07-20,쿠팡,올투게더나우,IN-02,4,4,42840
2026-07-20,쿠팡,올투게더나우,EL-01,3,4,53640
2026-07-20,쿠팡,올투게더나우,BK-01,4,7,188370
2026-07-20,쿠팡,올투게더나우,KN-02,4,4,125640
2026-07-20,쿠팡,휴책,BK-01,25,28,753480
2026-07-20,쿠팡,휴책,EL-01,19,21,281610
2026-07-20,쿠팡,휴책,KN-02,44,48,1507680
2026-07-20,쿠팡,휴책,WR-02,11,12,106920
2026-07-20,쿠팡,휴책,KN-01,46,53,949230
2026-07-20,쿠팡,휴책,WR-01,23,24,278640
2026-07-20,쿠팡,휴책,IN-02,16,18,192780
2026-07-20,쿠팡,휴책,IN-01,5,6,91260
2026-07-20,쿠팡,유큐어,IN-01,17,18,273780
2026-07-20,쿠팡,유큐어,KN-02,4,5,157050
2026-07-20,쿠팡,유큐어,WR-02,24,27,240570
2026-07-20,쿠팡,유큐어,EL-01,10,10,134100
2026-07-20,쿠팡,유큐어,KN-01,4,4,71640
2026-07-20,쿠팡,유큐어,BK-01,7,7,188370
2026-07-20,쿠팡,유큐어,WR-01,7,8,92880
2026-07-20,쿠팡,유큐어,IN-02,8,8,85680
2026-07-20,기타,기타사이트,WR-01,6,6,75078
2026-07-20,기타,기타사이트,WR-02,3,3,28809
2026-07-20,기타,기타사이트,IN-01,6,7,114751
2026-07-20,기타,기타사이트,KN-02,4,5,169265
2026-07-20,기타,기타사이트,IN-02,2,2,23086
2026-07-20,기타,기타사이트,KN-01,4,4,77212
2026-07-20,기타,기타사이트,BK-01,2,2,58006
2026-07-21,네이버,네이버,BK-01,37,40,1124240
2026-07-21,네이버,네이버,KN-02,32,34,1115404
2026-07-21,네이버,네이버,IN-01,31,35,556010
2026-07-21,네이버,네이버,WR-02,19,22,204732
2026-07-21,네이버,네이버,KN-01,45,50,935300
2026-07-21,네이버,네이버,IN-02,13,14,156604
2026-07-21,네이버,네이버,WR-01,21,22,266772
2026-07-21,네이버,네이버,EL-01,21,24,336144
2026-07-21,쿠팡,올투게더나우,WR-01,9,9,104490
2026-07-21,쿠팡,올투게더나우,KN-01,10,11,197010
2026-07-21,쿠팡,올투게더나우,BK-01,4,4,107640
2026-07-21,쿠팡,올투게더나우,EL-01,9,11,147510
2026-07-21,쿠팡,올투게더나우,IN-01,5,7,106470
2026-07-21,쿠팡,올투게더나우,WR-02,2,2,17820
2026-07-21,쿠팡,올투게더나우,IN-02,2,2,21420
2026-07-21,쿠팡,올투게더나우,KN-02,4,4,125640
2026-07-21,쿠팡,휴책,IN-02,18,19,203490
2026-07-21,쿠팡,휴책,KN-02,41,46,1444860
2026-07-21,쿠팡,휴책,EL-01,14,17,227970
2026-07-21,쿠팡,휴책,WR-02,16,16,142560
2026-07-21,쿠팡,휴책,BK-01,34,38,1022580
2026-07-21,쿠팡,휴책,KN-01,37,43,770130
2026-07-21,쿠팡,휴책,IN-01,12,12,182520
2026-07-21,쿠팡,휴책,WR-01,8,9,104490
2026-07-21,쿠팡,유큐어,WR-02,9,11,98010
2026-07-21,쿠팡,유큐어,WR-01,12,14,162540
2026-07-21,쿠팡,유큐어,EL-01,10,10,134100
2026-07-21,쿠팡,유큐어,BK-01,6,6,161460
2026-07-21,쿠팡,유큐어,IN-01,6,6,91260
2026-07-21,쿠팡,유큐어,KN-02,2,3,94230
2026-07-21,쿠팡,유큐어,IN-02,12,14,149940
2026-07-21,쿠팡,유큐어,KN-01,5,5,89550
2026-07-21,기타,기타사이트,KN-01,8,9,173727
2026-07-21,기타,기타사이트,IN-02,6,6,69258
2026-07-21,기타,기타사이트,KN-02,3,3,101559
2026-07-21,기타,기타사이트,EL-01,6,7,101171
2026-07-21,기타,기타사이트,WR-01,3,3,37539
2026-07-21,기타,기타사이트,WR-02,4,4,38412
2026-07-21,기타,기타사이트,IN-01,7,8,131144
2026-07-21,기타,기타사이트,BK-01,5,8,232024
2026-07-22,네이버,네이버,BK-01,37,41,1152346
2026-07-22,네이버,네이버,WR-01,25,30,363780
2026-07-22,네이버,네이버,EL-01,17,21,294126
2026-07-22,네이버,네이버,KN-01,42,50,935300
2026-07-22,네이버,네이버,IN-01,18,19,301834
2026-07-22,네이버,네이버,KN-02,29,34,1115404
2026-07-22,네이버,네이버,WR-02,18,18,167508
2026-07-22,네이버,네이버,IN-02,9,10,111860
2026-07-22,쿠팡,올투게더나우,KN-01,7,7,125370
2026-07-22,쿠팡,올투게더나우,EL-01,7,8,107280
2026-07-22,쿠팡,올투게더나우,KN-02,5,6,188460
2026-07-22,쿠팡,올투게더나우,BK-01,2,2,53820
2026-07-22,쿠팡,올투게더나우,IN-01,6,7,106470
2026-07-22,쿠팡,올투게더나우,WR-01,7,8,92880
2026-07-22,쿠팡,올투게더나우,WR-02,5,6,53460
2026-07-22,쿠팡,올투게더나우,IN-02,1,1,10710
2026-07-22,쿠팡,휴책,EL-01,11,13,174330
2026-07-22,쿠팡,휴책,BK-01,29,36,968760
2026-07-22,쿠팡,휴책,KN-02,59,68,2135880
2026-07-22,쿠팡,휴책,IN-01,13,15,228150
2026-07-22,쿠팡,휴책,WR-02,19,24,213840
2026-07-22,쿠팡,휴책,KN-01,47,54,967140
2026-07-22,쿠팡,휴책,WR-01,15,17,197370
2026-07-22,쿠팡,휴책,IN-02,15,17,182070
2026-07-22,쿠팡,유큐어,KN-01,6,6,107460
2026-07-22,쿠팡,유큐어,IN-01,3,3,45630
2026-07-22,쿠팡,유큐어,BK-01,7,8,215280
2026-07-22,쿠팡,유큐어,WR-01,4,4,46440
2026-07-22,쿠팡,유큐어,WR-02,15,17,151470
2026-07-22,쿠팡,유큐어,EL-01,8,8,107280
2026-07-22,쿠팡,유큐어,KN-02,7,7,219870
2026-07-22,쿠팡,유큐어,IN-02,13,14,149940
2026-07-22,기타,기타사이트,IN-02,6,7,80801
2026-07-22,기타,기타사이트,KN-01,3,4,77212
2026-07-22,기타,기타사이트,KN-02,8,10,338530
2026-07-22,기타,기타사이트,EL-01,6,6,86718
2026-07-22,기타,기타사이트,BK-01,5,5,145015
2026-07-22,기타,기타사이트,WR-01,4,4,50052
2026-07-22,기타,기타사이트,WR-02,3,3,28809
2026-07-22,기타,기타사이트,IN-01,3,4,65572
2026-07-23,네이버,네이버,WR-01,40,44,533544
2026-07-23,네이버,네이버,BK-01,33,36,1011816
2026-07-23,네이버,네이버,WR-02,18,21,195426
2026-07-23,네이버,네이버,KN-01,40,43,804358
2026-07-23,네이버,네이버,EL-01,42,46,644276
2026-07-23,네이버,네이버,KN-02,32,36,1181016
2026-07-23,네이버,네이버,IN-02,20,22,246092
2026-07-23,네이버,네이버,IN-01,31,34,540124
2026-07-23,쿠팡,올투게더나우,KN-01,8,10,179100
2026-07-23,쿠팡,올투게더나우,WR-01,12,14,162540
2026-07-23,쿠팡,올투게더나우,IN-01,3,5,76050
2026-07-23,쿠팡,올투게더나우,KN-02,5,8,251280
2026-07-23,쿠팡,올투게더나우,WR-02,5,6,53460
2026-07-23,쿠팡,올투게더나우,IN-02,3,3,32130
2026-07-23,쿠팡,올투게더나우,EL-01,1,1,13410
2026-07-23,쿠팡,올투게더나우,BK-01,2,2,53820
2026-07-23,쿠팡,휴책,WR-02,11,13,115830
2026-07-23,쿠팡,휴책,KN-01,23,25,447750
2026-07-23,쿠팡,휴책,KN-02,24,26,816660
2026-07-23,쿠팡,휴책,EL-01,7,7,93870
2026-07-23,쿠팡,휴책,BK-01,26,28,753480
2026-07-23,쿠팡,휴책,IN-01,7,8,121680
2026-07-23,쿠팡,휴책,IN-02,9,10,107100
2026-07-23,쿠팡,휴책,WR-01,11,12,139320
2026-07-23,쿠팡,유큐어,IN-01,14,15,228150
2026-07-23,쿠팡,유큐어,KN-02,4,6,188460
2026-07-23,쿠팡,유큐어,IN-02,7,8,85680
2026-07-23,쿠팡,유큐어,WR-01,10,10,116100
2026-07-23,쿠팡,유큐어,EL-01,5,5,67050
2026-07-23,쿠팡,유큐어,WR-02,12,13,115830
2026-07-23,쿠팡,유큐어,KN-01,2,3,53730
2026-07-23,쿠팡,유큐어,BK-01,2,2,53820
2026-07-23,기타,기타사이트,KN-02,10,12,406236
2026-07-23,기타,기타사이트,KN-01,7,10,193030
2026-07-23,기타,기타사이트,BK-01,10,10,290030
2026-07-23,기타,기타사이트,WR-01,6,6,75078
2026-07-23,기타,기타사이트,IN-01,9,11,180323
2026-07-23,기타,기타사이트,EL-01,1,1,14453
2026-07-23,기타,기타사이트,IN-02,1,1,11543
2026-07-23,기타,기타사이트,WR-02,3,3,28809
2026-07-24,네이버,네이버,KN-01,55,59,1103654
2026-07-24,네이버,네이버,BK-01,34,39,1096134
2026-07-24,네이버,네이버,WR-02,24,27,251262
2026-07-24,네이버,네이버,EL-01,40,44,616264
2026-07-24,네이버,네이버,IN-01,25,27,428922
2026-07-24,네이버,네이버,KN-02,45,49,1607494
2026-07-24,네이버,네이버,IN-02,16,19,212534
2026-07-24,네이버,네이버,WR-01,34,37,448662
2026-07-24,쿠팡,올투게더나우,WR-01,15,19,220590
2026-07-24,쿠팡,올투게더나우,WR-02,12,16,142560
2026-07-24,쿠팡,올투게더나우,IN-01,5,7,106470
2026-07-24,쿠팡,올투게더나우,KN-01,7,10,179100
2026-07-24,쿠팡,올투게더나우,BK-01,2,2,53820
2026-07-24,쿠팡,올투게더나우,EL-01,4,4,53640
2026-07-24,쿠팡,올투게더나우,IN-02,2,3,32130
2026-07-24,쿠팡,올투게더나우,KN-02,1,1,31410
2026-07-24,쿠팡,휴책,BK-01,27,28,753480
2026-07-24,쿠팡,휴책,KN-01,32,37,662670
2026-07-24,쿠팡,휴책,KN-02,51,54,1696140
2026-07-24,쿠팡,휴책,EL-01,16,16,214560
2026-07-24,쿠팡,휴책,IN-01,21,23,349830
2026-07-24,쿠팡,휴책,WR-02,12,12,106920
2026-07-24,쿠팡,휴책,WR-01,14,16,185760
2026-07-24,쿠팡,휴책,IN-02,17,18,192780
2026-07-24,쿠팡,유큐어,EL-01,13,14,187740
2026-07-24,쿠팡,유큐어,IN-02,10,10,107100
2026-07-24,쿠팡,유큐어,KN-01,6,7,125370
2026-07-24,쿠팡,유큐어,WR-01,11,13,150930
2026-07-24,쿠팡,유큐어,IN-01,9,10,152100
2026-07-24,쿠팡,유큐어,WR-02,13,14,124740
2026-07-24,쿠팡,유큐어,BK-01,6,6,161460
2026-07-24,쿠팡,유큐어,KN-02,2,2,62820
2026-07-24,기타,기타사이트,KN-01,8,10,193030
2026-07-24,기타,기타사이트,KN-02,8,8,270824
2026-07-24,기타,기타사이트,IN-01,5,7,114751
2026-07-24,기타,기타사이트,WR-02,2,2,19206
2026-07-24,기타,기타사이트,WR-01,6,6,75078
2026-07-24,기타,기타사이트,IN-02,3,3,34629
2026-07-24,기타,기타사이트,BK-01,4,5,145015
2026-07-24,기타,기타사이트,EL-01,1,1,14453
2026-07-25,네이버,네이버,WR-02,16,21,195426
2026-07-25,네이버,네이버,EL-01,28,28,392168
2026-07-25,네이버,네이버,KN-01,37,41,766946
2026-07-25,네이버,네이버,BK-01,26,27,758862
2026-07-25,네이버,네이버,IN-02,16,16,178976
2026-07-25,네이버,네이버,WR-01,24,27,327402
2026-07-25,네이버,네이버,KN-02,21,22,721732
2026-07-25,네이버,네이버,IN-01,23,26,413036
2026-07-25,쿠팡,올투게더나우,IN-01,1,1,15210
2026-07-25,쿠팡,올투게더나우,KN-01,8,10,179100
2026-07-25,쿠팡,올투게더나우,WR-01,6,7,81270
2026-07-25,쿠팡,올투게더나우,EL-01,2,3,40230
2026-07-25,쿠팡,올투게더나우,WR-02,4,4,35640
2026-07-25,쿠팡,올투게더나우,IN-02,3,3,32130
2026-07-25,쿠팡,올투게더나우,BK-01,3,3,80730
2026-07-25,쿠팡,올투게더나우,KN-02,3,3,94230
2026-07-25,쿠팡,휴책,WR-01,12,13,150930
2026-07-25,쿠팡,휴책,KN-01,37,44,788040
2026-07-25,쿠팡,휴책,IN-01,13,14,212940
2026-07-25,쿠팡,휴책,KN-02,34,36,1130760
2026-07-25,쿠팡,휴책,IN-02,12,13,139230
2026-07-25,쿠팡,휴책,BK-01,17,19,511290
2026-07-25,쿠팡,휴책,EL-01,8,10,134100
2026-07-25,쿠팡,휴책,WR-02,7,8,71280
2026-07-25,쿠팡,유큐어,KN-01,4,5,89550
2026-07-25,쿠팡,유큐어,KN-02,6,8,251280
2026-07-25,쿠팡,유큐어,IN-02,7,10,107100
2026-07-25,쿠팡,유큐어,IN-01,6,7,106470
2026-07-25,쿠팡,유큐어,WR-02,10,11,98010
2026-07-25,쿠팡,유큐어,WR-01,5,6,69660
2026-07-25,쿠팡,유큐어,EL-01,2,3,40230
2026-07-25,쿠팡,유큐어,BK-01,5,7,188370
2026-07-25,기타,기타사이트,BK-01,6,7,203021
2026-07-25,기타,기타사이트,KN-02,6,6,203118
2026-07-25,기타,기타사이트,KN-01,2,2,38606
2026-07-25,기타,기타사이트,EL-01,4,6,86718
2026-07-25,기타,기타사이트,IN-01,4,4,65572
2026-07-25,기타,기타사이트,IN-02,4,4,46172
2026-07-25,기타,기타사이트,WR-02,2,3,28809
2026-07-25,기타,기타사이트,WR-01,2,3,37539
2026-07-26,네이버,네이버,EL-01,25,28,392168
2026-07-26,네이버,네이버,KN-02,24,27,885762
2026-07-26,네이버,네이버,KN-01,48,57,1066242
2026-07-26,네이버,네이버,IN-01,22,26,413036
2026-07-26,네이버,네이버,BK-01,22,29,815074
2026-07-26,네이버,네이버,WR-01,25,30,363780
2026-07-26,네이버,네이버,IN-02,11,11,123046
2026-07-26,네이버,네이버,WR-02,9,12,111672
2026-07-26,쿠팡,올투게더나우,IN-02,2,3,32130
2026-07-26,쿠팡,올투게더나우,WR-01,9,11,127710
2026-07-26,쿠팡,올투게더나우,KN-01,9,11,197010
2026-07-26,쿠팡,올투게더나우,WR-02,8,10,89100
2026-07-26,쿠팡,올투게더나우,KN-02,2,2,62820
2026-07-26,쿠팡,올투게더나우,BK-01,4,4,107640
2026-07-26,쿠팡,올투게더나우,IN-01,2,3,45630
2026-07-26,쿠팡,올투게더나우,EL-01,1,1,13410
2026-07-26,쿠팡,휴책,WR-01,7,10,116100
2026-07-26,쿠팡,휴책,KN-01,45,50,895500
2026-07-26,쿠팡,휴책,BK-01,23,26,699660
2026-07-26,쿠팡,휴책,EL-01,7,8,107280
2026-07-26,쿠팡,휴책,IN-02,10,10,107100
2026-07-26,쿠팡,휴책,KN-02,34,34,1067940
2026-07-26,쿠팡,휴책,WR-02,9,9,80190
2026-07-26,쿠팡,휴책,IN-01,10,13,197730
2026-07-26,쿠팡,유큐어,WR-01,8,9,104490
2026-07-26,쿠팡,유큐어,WR-02,16,17,151470
2026-07-26,쿠팡,유큐어,KN-01,4,4,71640
2026-07-26,쿠팡,유큐어,KN-02,6,7,219870
2026-07-26,쿠팡,유큐어,IN-01,5,5,76050
2026-07-26,쿠팡,유큐어,IN-02,7,8,85680
2026-07-26,쿠팡,유큐어,BK-01,6,7,188370
2026-07-26,쿠팡,유큐어,EL-01,9,10,134100
2026-07-26,기타,기타사이트,BK-01,7,7,203021
2026-07-26,기타,기타사이트,EL-01,5,5,72265
2026-07-26,기타,기타사이트,IN-01,8,9,147537
2026-07-26,기타,기타사이트,WR-02,2,2,19206
2026-07-26,기타,기타사이트,KN-02,4,5,169265
2026-07-26,기타,기타사이트,WR-01,1,1,12513
2026-07-26,기타,기타사이트,IN-02,1,1,11543
2026-07-26,기타,기타사이트,KN-01,2,3,57909
2026-07-27,네이버,네이버,BK-01,45,47,1320982
2026-07-27,네이버,네이버,IN-01,39,46,730756
2026-07-27,네이버,네이버,EL-01,38,45,630270
2026-07-27,네이버,네이버,IN-02,25,29,324394
2026-07-27,네이버,네이버,KN-01,74,79,1477774
2026-07-27,네이버,네이버,WR-02,25,26,241956
2026-07-27,네이버,네이버,KN-02,54,59,1935554
2026-07-27,네이버,네이버,WR-01,40,41,497166
2026-07-27,쿠팡,올투게더나우,WR-01,10,14,162540
2026-07-27,쿠팡,올투게더나우,WR-02,9,10,89100
2026-07-27,쿠팡,올투게더나우,BK-01,3,3,80730
2026-07-27,쿠팡,올투게더나우,EL-01,4,6,80460
2026-07-27,쿠팡,올투게더나우,KN-02,3,4,125640
2026-07-27,쿠팡,올투게더나우,KN-01,15,16,286560
2026-07-27,쿠팡,올투게더나우,IN-01,2,3,45630
2026-07-27,쿠팡,올투게더나우,IN-02,1,1,10710
2026-07-27,쿠팡,휴책,EL-01,9,11,147510
2026-07-27,쿠팡,휴책,KN-02,32,34,1067940
2026-07-27,쿠팡,휴책,BK-01,12,12,322920
2026-07-27,쿠팡,휴책,IN-02,10,10,107100
2026-07-27,쿠팡,휴책,WR-01,9,11,127710
2026-07-27,쿠팡,휴책,KN-01,29,33,591030
2026-07-27,쿠팡,휴책,WR-02,16,16,142560
2026-07-27,쿠팡,휴책,IN-01,11,11,167310
2026-07-27,쿠팡,유큐어,WR-01,12,12,139320
2026-07-27,쿠팡,유큐어,WR-02,16,18,160380
2026-07-27,쿠팡,유큐어,BK-01,4,4,107640
2026-07-27,쿠팡,유큐어,IN-02,9,11,117810
2026-07-27,쿠팡,유큐어,IN-01,12,12,182520
2026-07-27,쿠팡,유큐어,EL-01,6,6,80460
2026-07-27,쿠팡,유큐어,KN-02,5,6,188460
2026-07-27,쿠팡,유큐어,KN-01,4,5,89550
2026-07-27,기타,기타사이트,IN-01,7,8,131144
2026-07-27,기타,기타사이트,WR-02,5,5,48015
2026-07-27,기타,기타사이트,IN-02,2,2,23086
2026-07-27,기타,기타사이트,KN-01,9,10,193030
2026-07-27,기타,기타사이트,BK-01,7,10,290030
2026-07-27,기타,기타사이트,WR-01,3,4,50052
2026-07-27,기타,기타사이트,EL-01,3,4,57812
2026-07-27,기타,기타사이트,KN-02,4,5,169265
2026-07-28,네이버,네이버,WR-01,25,29,351654
2026-07-28,네이버,네이버,WR-02,18,20,186120
2026-07-28,네이버,네이버,KN-02,25,29,951374
2026-07-28,네이버,네이버,IN-02,16,16,178976
2026-07-28,네이버,네이버,IN-01,37,45,714870
2026-07-28,네이버,네이버,EL-01,26,28,392168
2026-07-28,네이버,네이버,KN-01,40,46,860476
2026-07-28,네이버,네이버,BK-01,25,27,758862
2026-07-28,쿠팡,올투게더나우,KN-01,10,12,214920
2026-07-28,쿠팡,올투게더나우,WR-01,4,4,46440
2026-07-28,쿠팡,올투게더나우,IN-01,3,4,60840
2026-07-28,쿠팡,올투게더나우,BK-01,2,2,53820
2026-07-28,쿠팡,올투게더나우,KN-02,5,6,188460
2026-07-28,쿠팡,올투게더나우,IN-02,3,3,32130
2026-07-28,쿠팡,올투게더나우,WR-02,8,9,80190
2026-07-28,쿠팡,올투게더나우,EL-01,2,2,26820
2026-07-28,쿠팡,휴책,KN-01,46,54,967140
2026-07-28,쿠팡,휴책,BK-01,23,24,645840
2026-07-28,쿠팡,휴책,IN-01,15,20,304200
2026-07-28,쿠팡,휴책,WR-01,16,17,197370
2026-07-28,쿠팡,휴책,IN-02,9,12,128520
2026-07-28,쿠팡,휴책,KN-02,32,36,1130760
2026-07-28,쿠팡,휴책,EL-01,26,31,415710
2026-07-28,쿠팡,휴책,WR-02,17,19,169290
2026-07-28,쿠팡,유큐어,WR-01,8,9,104490
2026-07-28,쿠팡,유큐어,BK-01,7,7,188370
2026-07-28,쿠팡,유큐어,IN-01,10,10,152100
2026-07-28,쿠팡,유큐어,EL-01,11,14,187740
2026-07-28,쿠팡,유큐어,WR-02,11,16,142560
2026-07-28,쿠팡,유큐어,IN-02,6,8,85680
2026-07-28,쿠팡,유큐어,KN-01,5,5,89550
2026-07-28,쿠팡,유큐어,KN-02,5,5,157050
2026-07-28,기타,기타사이트,IN-01,7,8,131144
2026-07-28,기타,기타사이트,BK-01,9,9,261027
2026-07-28,기타,기타사이트,KN-01,10,11,212333
2026-07-28,기타,기타사이트,KN-02,6,7,236971
2026-07-28,기타,기타사이트,WR-02,3,3,28809
2026-07-28,기타,기타사이트,WR-01,3,4,50052
2026-07-28,기타,기타사이트,EL-01,2,2,28906
2026-07-28,기타,기타사이트,IN-02,3,4,46172
2026-07-29,네이버,네이버,KN-01,46,49,916594
2026-07-29,네이버,네이버,BK-01,32,39,1096134
2026-07-29,네이버,네이버,EL-01,33,35,490210
2026-07-29,네이버,네이버,IN-02,7,9,100674
2026-07-29,네이버,네이버,IN-01,33,39,619554
2026-07-29,네이버,네이버,KN-02,29,33,1082598
2026-07-29,네이버,네이버,WR-01,32,34,412284
2026-07-29,네이버,네이버,WR-02,21,24,223344
2026-07-29,쿠팡,올투게더나우,KN-01,11,11,197010
2026-07-29,쿠팡,올투게더나우,BK-01,6,6,161460
2026-07-29,쿠팡,올투게더나우,WR-02,5,6,53460
2026-07-29,쿠팡,올투게더나우,WR-01,10,12,139320
2026-07-29,쿠팡,올투게더나우,IN-01,4,5,76050
2026-07-29,쿠팡,올투게더나우,IN-02,3,3,32130
2026-07-29,쿠팡,올투게더나우,EL-01,3,3,40230
2026-07-29,쿠팡,올투게더나우,KN-02,10,11,345510
2026-07-29,쿠팡,휴책,KN-01,32,37,662670
2026-07-29,쿠팡,휴책,KN-02,29,35,1099350
2026-07-29,쿠팡,휴책,WR-01,8,9,104490
2026-07-29,쿠팡,휴책,EL-01,9,9,120690
2026-07-29,쿠팡,휴책,WR-02,6,6,53460
2026-07-29,쿠팡,휴책,IN-01,13,14,212940
2026-07-29,쿠팡,휴책,BK-01,17,18,484380
2026-07-29,쿠팡,휴책,IN-02,8,8,85680
2026-07-29,쿠팡,유큐어,KN-02,10,11,345510
2026-07-29,쿠팡,유큐어,IN-01,11,11,167310
2026-07-29,쿠팡,유큐어,WR-02,21,23,204930
2026-07-29,쿠팡,유큐어,WR-01,15,15,174150
2026-07-29,쿠팡,유큐어,IN-02,7,7,74970
2026-07-29,쿠팡,유큐어,KN-01,2,2,35820
2026-07-29,쿠팡,유큐어,EL-01,12,13,174330
2026-07-29,쿠팡,유큐어,BK-01,3,3,80730
2026-07-29,기타,기타사이트,WR-02,5,5,48015
2026-07-29,기타,기타사이트,BK-01,5,5,145015
2026-07-29,기타,기타사이트,EL-01,5,7,101171
2026-07-29,기타,기타사이트,IN-01,9,10,163930
2026-07-29,기타,기타사이트,KN-01,7,9,173727
2026-07-29,기타,기타사이트,KN-02,5,5,169265
2026-07-29,기타,기타사이트,IN-02,3,3,34629
2026-07-29,기타,기타사이트,WR-01,4,5,62565
2026-07-30,네이버,네이버,EL-01,51,58,812348
2026-07-30,네이버,네이버,WR-01,44,46,557796
2026-07-30,네이버,네이버,KN-02,53,60,1968360
2026-07-30,네이버,네이버,KN-01,77,84,1571304
2026-07-30,네이버,네이버,IN-01,44,48,762528
2026-07-30,네이버,네이버,WR-02,20,22,204732
2026-07-30,네이버,네이버,BK-01,45,53,1489618
2026-07-30,네이버,네이버,IN-02,15,15,167790
2026-07-30,쿠팡,올투게더나우,EL-01,6,6,80460
2026-07-30,쿠팡,올투게더나우,WR-02,4,5,44550
2026-07-30,쿠팡,올투게더나우,IN-02,8,10,107100
2026-07-30,쿠팡,올투게더나우,WR-01,10,12,139320
2026-07-30,쿠팡,올투게더나우,KN-02,5,6,188460
2026-07-30,쿠팡,올투게더나우,KN-01,5,6,107460
2026-07-30,쿠팡,올투게더나우,IN-01,3,4,60840
2026-07-30,쿠팡,올투게더나우,BK-01,4,6,161460
2026-07-30,쿠팡,휴책,EL-01,20,20,268200
2026-07-30,쿠팡,휴책,KN-01,31,36,644760
2026-07-30,쿠팡,휴책,BK-01,32,35,941850
2026-07-30,쿠팡,휴책,WR-02,14,16,142560
2026-07-30,쿠팡,휴책,WR-01,15,17,197370
2026-07-30,쿠팡,휴책,IN-01,10,11,167310
2026-07-30,쿠팡,휴책,KN-02,45,53,1664730
2026-07-30,쿠팡,휴책,IN-02,15,18,192780
2026-07-30,쿠팡,유큐어,BK-01,8,9,242190
2026-07-30,쿠팡,유큐어,EL-01,7,8,107280
2026-07-30,쿠팡,유큐어,KN-02,6,6,188460
2026-07-30,쿠팡,유큐어,WR-01,9,10,116100
2026-07-30,쿠팡,유큐어,IN-02,11,11,117810
2026-07-30,쿠팡,유큐어,IN-01,9,10,152100
2026-07-30,쿠팡,유큐어,WR-02,17,20,178200
2026-07-30,쿠팡,유큐어,KN-01,1,1,17910
2026-07-30,기타,기타사이트,BK-01,9,10,290030
2026-07-30,기타,기타사이트,IN-01,2,2,32786
2026-07-30,기타,기타사이트,WR-01,7,8,100104
2026-07-30,기타,기타사이트,WR-02,3,3,28809
2026-07-30,기타,기타사이트,KN-02,9,11,372383
2026-07-30,기타,기타사이트,KN-01,7,8,154424
2026-07-30,기타,기타사이트,IN-02,3,4,46172
2026-07-30,기타,기타사이트,EL-01,3,3,43359
2026-07-31,네이버,네이버,BK-01,33,38,1068028
2026-07-31,네이버,네이버,KN-01,54,61,1141066
2026-07-31,네이버,네이버,WR-01,33,38,460788
2026-07-31,네이버,네이버,EL-01,24,28,392168
2026-07-31,네이버,네이버,KN-02,28,31,1016986
2026-07-31,네이버,네이버,IN-01,28,30,476580
2026-07-31,네이버,네이버,WR-02,11,12,111672
2026-07-31,네이버,네이버,IN-02,17,20,223720
2026-07-31,쿠팡,올투게더나우,EL-01,7,9,120690
2026-07-31,쿠팡,올투게더나우,KN-02,5,5,157050
2026-07-31,쿠팡,올투게더나우,KN-01,5,6,107460
2026-07-31,쿠팡,올투게더나우,WR-01,17,20,232200
2026-07-31,쿠팡,올투게더나우,IN-02,2,3,32130
2026-07-31,쿠팡,올투게더나우,WR-02,10,11,98010
2026-07-31,쿠팡,올투게더나우,BK-01,2,2,53820
2026-07-31,쿠팡,올투게더나우,IN-01,4,4,60840
2026-07-31,쿠팡,휴책,KN-01,36,38,680580
2026-07-31,쿠팡,휴책,KN-02,33,39,1224990
2026-07-31,쿠팡,휴책,EL-01,20,22,295020
2026-07-31,쿠팡,휴책,BK-01,19,22,592020
2026-07-31,쿠팡,휴책,IN-01,10,12,182520
2026-07-31,쿠팡,휴책,WR-02,14,15,133650
2026-07-31,쿠팡,휴책,IN-02,8,9,96390
2026-07-31,쿠팡,휴책,WR-01,10,11,127710
2026-07-31,쿠팡,유큐어,WR-01,13,14,162540
2026-07-31,쿠팡,유큐어,EL-01,10,11,147510
2026-07-31,쿠팡,유큐어,WR-02,18,21,187110
2026-07-31,쿠팡,유큐어,KN-01,6,6,107460
2026-07-31,쿠팡,유큐어,IN-02,13,16,171360
2026-07-31,쿠팡,유큐어,BK-01,7,9,242190
2026-07-31,쿠팡,유큐어,IN-01,9,9,136890
2026-07-31,쿠팡,유큐어,KN-02,2,3,94230
2026-07-31,기타,기타사이트,EL-01,3,3,43359
2026-07-31,기타,기타사이트,BK-01,5,5,145015
2026-07-31,기타,기타사이트,IN-02,6,6,69258
2026-07-31,기타,기타사이트,IN-01,5,5,81965
2026-07-31,기타,기타사이트,KN-02,6,6,203118
2026-07-31,기타,기타사이트,WR-01,3,3,37539
2026-07-31,기타,기타사이트,WR-02,2,3,28809
2026-08-01,네이버,네이버,WR-02,7,7,65142
2026-08-01,네이버,네이버,KN-01,36,43,804358
2026-08-01,네이버,네이버,WR-01,17,21,254646
2026-08-01,네이버,네이버,KN-02,30,38,1246628
2026-08-01,네이버,네이버,IN-01,20,21,333606
2026-08-01,네이버,네이버,EL-01,24,27,378162
2026-08-01,네이버,네이버,BK-01,14,16,449696
2026-08-01,네이버,네이버,IN-02,12,14,156604
2026-08-01,쿠팡,올투게더나우,WR-01,9,12,139320
2026-08-01,쿠팡,올투게더나우,KN-01,6,7,125370
2026-08-01,쿠팡,올투게더나우,IN-02,3,4,42840
2026-08-01,쿠팡,올투게더나우,BK-01,2,2,53820
2026-08-01,쿠팡,올투게더나우,WR-02,3,3,26730
2026-08-01,쿠팡,올투게더나우,KN-02,1,2,62820
2026-08-01,쿠팡,올투게더나우,EL-01,1,2,26820
2026-08-01,쿠팡,올투게더나우,IN-01,1,1,15210
2026-08-01,쿠팡,휴책,BK-01,18,21,565110
2026-08-01,쿠팡,휴책,KN-02,23,26,816660
2026-08-01,쿠팡,휴책,KN-01,23,26,465660
2026-08-01,쿠팡,휴책,IN-02,9,11,117810
2026-08-01,쿠팡,휴책,WR-01,11,12,139320
2026-08-01,쿠팡,휴책,WR-02,8,9,80190
2026-08-01,쿠팡,휴책,IN-01,4,4,60840
2026-08-01,쿠팡,휴책,EL-01,7,8,107280
2026-08-01,쿠팡,유큐어,EL-01,12,15,201150
2026-08-01,쿠팡,유큐어,IN-02,4,4,42840
2026-08-01,쿠팡,유큐어,WR-02,8,9,80190
2026-08-01,쿠팡,유큐어,IN-01,9,9,136890
2026-08-01,쿠팡,유큐어,WR-01,4,4,46440
2026-08-01,쿠팡,유큐어,KN-02,1,2,62820
2026-08-01,쿠팡,유큐어,KN-01,2,2,35820
2026-08-01,쿠팡,유큐어,BK-01,3,3,80730
2026-08-01,기타,기타사이트,KN-01,6,6,115818
2026-08-01,기타,기타사이트,IN-02,2,2,23086
2026-08-01,기타,기타사이트,BK-01,4,4,116012
2026-08-01,기타,기타사이트,IN-01,3,4,65572
2026-08-01,기타,기타사이트,EL-01,2,2,28906
2026-08-01,기타,기타사이트,WR-02,2,2,19206
2026-08-01,기타,기타사이트,KN-02,1,1,33853
2026-08-01,기타,기타사이트,WR-01,1,1,12513
2026-08-02,네이버,네이버,WR-01,22,22,266772
2026-08-02,네이버,네이버,BK-01,20,22,618332
2026-08-02,네이버,네이버,KN-01,25,27,505062
2026-08-02,네이버,네이버,IN-01,20,23,365378
2026-08-02,네이버,네이버,EL-01,22,24,336144
2026-08-02,네이버,네이버,IN-02,13,16,178976
2026-08-02,네이버,네이버,KN-02,31,33,1082598
2026-08-02,네이버,네이버,WR-02,4,4,37224
2026-08-02,쿠팡,올투게더나우,IN-01,1,1,15210
2026-08-02,쿠팡,올투게더나우,KN-01,4,5,89550
2026-08-02,쿠팡,올투게더나우,WR-01,7,8,92880
2026-08-02,쿠팡,올투게더나우,KN-02,4,4,125640
2026-08-02,쿠팡,올투게더나우,WR-02,4,5,44550
2026-08-02,쿠팡,올투게더나우,IN-02,3,3,32130
2026-08-02,쿠팡,올투게더나우,EL-01,3,4,53640
2026-08-02,쿠팡,올투게더나우,BK-01,3,4,107640
2026-08-02,쿠팡,휴책,BK-01,16,21,565110
2026-08-02,쿠팡,휴책,KN-02,23,26,816660
2026-08-02,쿠팡,휴책,WR-02,8,10,89100
2026-08-02,쿠팡,휴책,KN-01,20,24,429840
2026-08-02,쿠팡,휴책,EL-01,8,9,120690
2026-08-02,쿠팡,휴책,WR-01,12,14,162540
2026-08-02,쿠팡,휴책,IN-01,7,7,106470
2026-08-02,쿠팡,휴책,IN-02,7,8,85680
2026-08-02,쿠팡,유큐어,IN-01,4,6,91260
2026-08-02,쿠팡,유큐어,KN-01,4,5,89550
2026-08-02,쿠팡,유큐어,WR-02,10,12,106920
2026-08-02,쿠팡,유큐어,IN-02,9,12,128520
2026-08-02,쿠팡,유큐어,EL-01,5,6,80460
2026-08-02,쿠팡,유큐어,WR-01,10,10,116100
2026-08-02,쿠팡,유큐어,KN-02,7,8,251280
2026-08-02,쿠팡,유큐어,BK-01,4,4,107640
2026-08-02,기타,기타사이트,IN-01,7,8,131144
2026-08-02,기타,기타사이트,KN-02,2,2,67706
2026-08-02,기타,기타사이트,WR-01,2,2,25026
2026-08-02,기타,기타사이트,BK-01,2,2,58006
2026-08-02,기타,기타사이트,KN-01,5,6,115818
2026-08-02,기타,기타사이트,EL-01,1,1,14453
2026-08-02,기타,기타사이트,WR-02,1,1,9603
2026-08-03,네이버,네이버,WR-01,52,59,715434
2026-08-03,네이버,네이버,KN-01,66,73,1365538
2026-08-03,네이버,네이버,EL-01,43,50,700300
2026-08-03,네이버,네이버,IN-01,52,57,905502
2026-08-03,네이버,네이버,BK-01,46,50,1405300
2026-08-03,네이버,네이버,WR-02,21,23,214038
2026-08-03,네이버,네이버,IN-02,20,25,279650
2026-08-03,네이버,네이버,KN-02,46,50,1640300
2026-08-03,쿠팡,올투게더나우,IN-01,4,4,60840
2026-08-03,쿠팡,올투게더나우,IN-02,7,8,85680
2026-08-03,쿠팡,올투게더나우,WR-01,12,14,162540
2026-08-03,쿠팡,올투게더나우,EL-01,2,3,40230
2026-08-03,쿠팡,올투게더나우,WR-02,7,7,62370
2026-08-03,쿠팡,올투게더나우,BK-01,3,4,107640
2026-08-03,쿠팡,올투게더나우,KN-02,4,4,125640
2026-08-03,쿠팡,올투게더나우,KN-01,7,7,125370
2026-08-03,쿠팡,휴책,BK-01,14,15,403650
2026-08-03,쿠팡,휴책,IN-02,16,18,192780
2026-08-03,쿠팡,휴책,KN-01,43,47,841770
2026-08-03,쿠팡,휴책,KN-02,41,49,1539090
2026-08-03,쿠팡,휴책,WR-01,18,21,243810
2026-08-03,쿠팡,휴책,WR-02,13,14,124740
2026-08-03,쿠팡,휴책,EL-01,11,13,174330
2026-08-03,쿠팡,휴책,IN-01,10,12,182520
2026-08-03,쿠팡,유큐어,WR-01,11,13,150930
2026-08-03,쿠팡,유큐어,WR-02,17,19,169290
2026-08-03,쿠팡,유큐어,IN-02,8,10,107100
2026-08-03,쿠팡,유큐어,KN-02,7,11,345510
2026-08-03,쿠팡,유큐어,IN-01,14,18,273780
2026-08-03,쿠팡,유큐어,KN-01,4,4,71640
2026-08-03,쿠팡,유큐어,BK-01,6,7,188370
2026-08-03,쿠팡,유큐어,EL-01,11,12,160920
2026-08-03,기타,기타사이트,KN-02,8,11,372383
2026-08-03,기타,기타사이트,IN-01,5,6,98358
2026-08-03,기타,기타사이트,KN-01,6,6,115818
2026-08-03,기타,기타사이트,WR-01,1,1,12513
2026-08-03,기타,기타사이트,EL-01,4,4,57812
2026-08-03,기타,기타사이트,BK-01,3,3,87009
2026-08-03,기타,기타사이트,WR-02,4,6,57618
2026-08-03,기타,기타사이트,IN-02,1,1,11543
2026-08-04,네이버,네이버,WR-01,46,58,703308
2026-08-04,네이버,네이버,KN-01,62,69,1290714
2026-08-04,네이버,네이버,WR-02,33,42,390852
2026-08-04,네이버,네이버,EL-01,49,56,784336
2026-08-04,네이버,네이버,KN-02,49,57,1869942
2026-08-04,네이버,네이버,IN-02,25,26,290836
2026-08-04,네이버,네이버,IN-01,39,48,762528
2026-08-04,네이버,네이버,BK-01,38,43,1208558
2026-08-04,쿠팡,올투게더나우,WR-01,11,14,162540
2026-08-04,쿠팡,올투게더나우,KN-01,5,6,107460
2026-08-04,쿠팡,올투게더나우,KN-02,4,5,157050
2026-08-04,쿠팡,올투게더나우,EL-01,5,5,67050
2026-08-04,쿠팡,올투게더나우,IN-02,4,4,42840
2026-08-04,쿠팡,올투게더나우,WR-02,8,9,80190
2026-08-04,쿠팡,올투게더나우,BK-01,2,2,53820
2026-08-04,쿠팡,올투게더나우,IN-01,3,3,45630
2026-08-04,쿠팡,휴책,KN-01,42,47,841770
2026-08-04,쿠팡,휴책,BK-01,34,36,968760
2026-08-04,쿠팡,휴책,WR-02,20,22,196020
2026-08-04,쿠팡,휴책,EL-01,16,17,227970
2026-08-04,쿠팡,휴책,KN-02,53,59,1853190
2026-08-04,쿠팡,휴책,IN-01,18,18,273780
2026-08-04,쿠팡,휴책,WR-01,11,12,139320
2026-08-04,쿠팡,휴책,IN-02,20,22,235620
2026-08-04,쿠팡,유큐어,WR-01,7,10,116100
2026-08-04,쿠팡,유큐어,IN-02,6,6,64260
2026-08-04,쿠팡,유큐어,IN-01,9,13,197730
2026-08-04,쿠팡,유큐어,WR-02,17,18,160380
2026-08-04,쿠팡,유큐어,KN-01,4,5,89550
2026-08-04,쿠팡,유큐어,KN-02,9,11,345510
2026-08-04,쿠팡,유큐어,BK-01,6,9,242190
2026-08-04,쿠팡,유큐어,EL-01,18,19,254790
2026-08-04,기타,기타사이트,WR-01,5,6,75078
2026-08-04,기타,기타사이트,EL-01,6,6,86718
2026-08-04,기타,기타사이트,KN-02,8,10,338530
2026-08-04,기타,기타사이트,IN-01,5,7,114751
2026-08-04,기타,기타사이트,KN-01,3,3,57909
2026-08-04,기타,기타사이트,BK-01,6,6,174018
2026-08-04,기타,기타사이트,IN-02,1,1,11543
2026-08-04,기타,기타사이트,WR-02,1,1,9603
2026-08-05,네이버,네이버,WR-01,35,44,533544
2026-08-05,네이버,네이버,KN-01,49,53,991418
2026-08-05,네이버,네이버,KN-02,24,28,918568
2026-08-05,네이버,네이버,IN-01,33,33,524238
2026-08-05,네이버,네이버,IN-02,18,23,257278
2026-08-05,네이버,네이버,EL-01,33,39,546234
2026-08-05,네이버,네이버,WR-02,17,18,167508
2026-08-05,네이버,네이버,BK-01,31,35,983710
2026-08-05,쿠팡,올투게더나우,EL-01,3,4,53640
2026-08-05,쿠팡,올투게더나우,WR-01,13,13,150930
2026-08-05,쿠팡,올투게더나우,IN-02,2,3,32130
2026-08-05,쿠팡,올투게더나우,KN-02,3,3,94230
2026-08-05,쿠팡,올투게더나우,WR-02,6,6,53460
2026-08-05,쿠팡,올투게더나우,KN-01,4,5,89550
2026-08-05,쿠팡,올투게더나우,IN-01,1,2,30420
2026-08-05,쿠팡,올투게더나우,BK-01,1,1,26910
2026-08-05,쿠팡,휴책,KN-02,24,27,848070
2026-08-05,쿠팡,휴책,KN-01,36,44,788040
2026-08-05,쿠팡,휴책,BK-01,13,13,349830
2026-08-05,쿠팡,휴책,WR-01,12,12,139320
2026-08-05,쿠팡,휴책,IN-02,15,16,171360
2026-08-05,쿠팡,휴책,WR-02,8,10,89100
2026-08-05,쿠팡,휴책,EL-01,5,5,67050
2026-08-05,쿠팡,휴책,IN-01,8,9,136890
2026-08-05,쿠팡,유큐어,WR-01,14,15,174150
2026-08-05,쿠팡,유큐어,WR-02,24,30,267300
2026-08-05,쿠팡,유큐어,EL-01,15,17,227970
2026-08-05,쿠팡,유큐어,IN-02,9,9,96390
2026-08-05,쿠팡,유큐어,BK-01,9,9,242190
2026-08-05,쿠팡,유큐어,KN-02,4,4,125640
2026-08-05,쿠팡,유큐어,IN-01,14,14,212940
2026-08-05,쿠팡,유큐어,KN-01,6,7,125370
2026-08-05,기타,기타사이트,IN-01,7,8,131144
2026-08-05,기타,기타사이트,EL-01,7,8,115624
2026-08-05,기타,기타사이트,WR-01,2,3,37539
2026-08-05,기타,기타사이트,KN-01,7,7,135121
2026-08-05,기타,기타사이트,WR-02,1,2,19206
2026-08-05,기타,기타사이트,BK-01,5,6,174018
2026-08-05,기타,기타사이트,KN-02,1,1,33853
2026-08-06,네이버,네이버,WR-02,17,18,167508
2026-08-06,네이버,네이버,IN-01,33,36,571896
2026-08-06,네이버,네이버,IN-02,15,18,201348
2026-08-06,네이버,네이버,EL-01,41,46,644276
2026-08-06,네이버,네이버,WR-01,35,39,472914
2026-08-06,네이버,네이버,BK-01,22,24,674544
2026-08-06,네이버,네이버,KN-02,33,40,1312240
2026-08-06,네이버,네이버,KN-01,53,60,1122360
2026-08-06,쿠팡,올투게더나우,WR-02,8,10,89100
2026-08-06,쿠팡,올투게더나우,EL-01,6,6,80460
2026-08-06,쿠팡,올투게더나우,KN-01,8,8,143280
2026-08-06,쿠팡,올투게더나우,IN-01,3,3,45630
2026-08-06,쿠팡,올투게더나우,IN-02,3,3,32130
2026-08-06,쿠팡,올투게더나우,WR-01,9,9,104490
2026-08-06,쿠팡,올투게더나우,BK-01,3,3,80730
2026-08-06,쿠팡,올투게더나우,KN-02,1,1,31410
2026-08-06,쿠팡,휴책,KN-02,44,51,1601910
2026-08-06,쿠팡,휴책,WR-02,24,29,258390
2026-08-06,쿠팡,휴책,KN-01,45,51,913410
2026-08-06,쿠팡,휴책,BK-01,30,32,861120
2026-08-06,쿠팡,휴책,EL-01,19,20,268200
2026-08-06,쿠팡,휴책,WR-01,14,16,185760
2026-08-06,쿠팡,휴책,IN-01,18,22,334620
2026-08-06,쿠팡,휴책,IN-02,12,15,160650
2026-08-06,쿠팡,유큐어,KN-01,6,7,125370
2026-08-06,쿠팡,유큐어,EL-01,18,20,268200
2026-08-06,쿠팡,유큐어,BK-01,6,6,161460
2026-08-06,쿠팡,유큐어,WR-01,14,17,197370
2026-08-06,쿠팡,유큐어,IN-01,8,8,121680
2026-08-06,쿠팡,유큐어,KN-02,6,7,219870
2026-08-06,쿠팡,유큐어,WR-02,18,21,187110
2026-08-06,쿠팡,유큐어,IN-02,12,13,139230
2026-08-06,기타,기타사이트,KN-02,8,8,270824
2026-08-06,기타,기타사이트,WR-01,3,3,37539
2026-08-06,기타,기타사이트,KN-01,7,7,135121
2026-08-06,기타,기타사이트,IN-02,3,3,34629
2026-08-06,기타,기타사이트,IN-01,4,4,65572
2026-08-06,기타,기타사이트,BK-01,4,4,116012
2026-08-06,기타,기타사이트,EL-01,3,3,43359
2026-08-06,기타,기타사이트,WR-02,3,4,38412
2026-08-07,네이버,네이버,WR-01,28,31,375906
2026-08-07,네이버,네이버,EL-01,33,37,518222
2026-08-07,네이버,네이버,KN-01,51,56,1047536
2026-08-07,네이버,네이버,KN-02,38,41,1345046
2026-08-07,네이버,네이버,BK-01,40,45,1264770
2026-08-07,네이버,네이버,IN-02,9,12,134232
2026-08-07,네이버,네이버,WR-02,11,11,102366
2026-08-07,네이버,네이버,IN-01,29,30,476580
2026-08-07,쿠팡,올투게더나우,IN-01,4,6,91260
2026-08-07,쿠팡,올투게더나우,EL-01,1,1,13410
2026-08-07,쿠팡,올투게더나우,KN-01,9,12,214920
2026-08-07,쿠팡,올투게더나우,WR-01,10,14,162540
2026-08-07,쿠팡,올투게더나우,BK-01,4,4,107640
2026-08-07,쿠팡,올투게더나우,WR-02,8,9,80190
2026-08-07,쿠팡,올투게더나우,KN-02,3,4,125640
2026-08-07,쿠팡,올투게더나우,IN-02,2,2,21420
2026-08-07,쿠팡,휴책,KN-01,46,47,841770
2026-08-07,쿠팡,휴책,KN-02,45,51,1601910
2026-08-07,쿠팡,휴책,BK-01,39,46,1237860
2026-08-07,쿠팡,휴책,IN-02,18,19,203490
2026-08-07,쿠팡,휴책,WR-01,17,18,208980
2026-08-07,쿠팡,휴책,IN-01,23,26,395460
2026-08-07,쿠팡,휴책,EL-01,18,18,241380
2026-08-07,쿠팡,휴책,WR-02,12,12,106920
2026-08-07,쿠팡,유큐어,WR-02,19,19,169290
2026-08-07,쿠팡,유큐어,KN-01,3,4,71640
2026-08-07,쿠팡,유큐어,KN-02,3,4,125640
2026-08-07,쿠팡,유큐어,WR-01,6,6,69660
2026-08-07,쿠팡,유큐어,EL-01,8,11,147510
2026-08-07,쿠팡,유큐어,IN-02,12,15,160650
2026-08-07,쿠팡,유큐어,IN-01,10,10,152100
2026-08-07,쿠팡,유큐어,BK-01,5,5,134550
2026-08-07,기타,기타사이트,EL-01,5,5,72265
2026-08-07,기타,기타사이트,KN-01,14,16,308848
2026-08-07,기타,기타사이트,IN-01,5,5,81965
2026-08-07,기타,기타사이트,BK-01,6,7,203021
2026-08-07,기타,기타사이트,KN-02,8,8,270824
2026-08-07,기타,기타사이트,IN-02,3,3,34629
2026-08-07,기타,기타사이트,WR-01,3,4,50052
2026-08-07,기타,기타사이트,WR-02,4,5,48015
2026-08-08,네이버,네이버,BK-01,28,33,927498
2026-08-08,네이버,네이버,KN-02,22,25,820150
2026-08-08,네이버,네이버,WR-01,19,22,266772
2026-08-08,네이버,네이버,KN-01,34,41,766946
2026-08-08,네이버,네이버,WR-02,12,14,130284
2026-08-08,네이버,네이버,EL-01,18,21,294126
2026-08-08,네이버,네이버,IN-01,24,26,413036
2026-08-08,네이버,네이버,IN-02,10,11,123046
2026-08-08,쿠팡,올투게더나우,KN-02,3,4,125640
2026-08-08,쿠팡,올투게더나우,WR-01,7,7,81270
2026-08-08,쿠팡,올투게더나우,IN-01,2,2,30420
2026-08-08,쿠팡,올투게더나우,WR-02,7,9,80190
2026-08-08,쿠팡,올투게더나우,BK-01,2,2,53820
2026-08-08,쿠팡,올투게더나우,KN-01,3,4,71640
2026-08-08,쿠팡,올투게더나우,EL-01,1,1,13410
2026-08-08,쿠팡,휴책,KN-01,30,33,591030
2026-08-08,쿠팡,휴책,EL-01,10,11,147510
2026-08-08,쿠팡,휴책,IN-01,3,3,45630
2026-08-08,쿠팡,휴책,KN-02,25,29,910890
2026-08-08,쿠팡,휴책,IN-02,9,10,107100
2026-08-08,쿠팡,휴책,BK-01,11,12,322920
2026-08-08,쿠팡,휴책,WR-02,7,7,62370
2026-08-08,쿠팡,휴책,WR-01,5,6,69660
2026-08-08,쿠팡,유큐어,EL-01,8,10,134100
2026-08-08,쿠팡,유큐어,WR-01,3,5,58050
2026-08-08,쿠팡,유큐어,BK-01,4,4,107640
2026-08-08,쿠팡,유큐어,WR-02,8,10,89100
2026-08-08,쿠팡,유큐어,IN-01,7,8,121680
2026-08-08,쿠팡,유큐어,KN-02,2,4,125640
2026-08-08,쿠팡,유큐어,IN-02,4,4,42840
2026-08-08,쿠팡,유큐어,KN-01,5,6,107460
2026-08-08,기타,기타사이트,WR-02,3,3,28809
2026-08-08,기타,기타사이트,KN-01,3,3,57909
2026-08-08,기타,기타사이트,KN-02,4,4,135412
2026-08-08,기타,기타사이트,BK-01,6,7,203021
2026-08-08,기타,기타사이트,IN-01,5,6,98358
2026-08-08,기타,기타사이트,EL-01,4,4,57812
2026-08-08,기타,기타사이트,WR-01,1,1,12513
2026-08-08,기타,기타사이트,IN-02,2,2,23086
2026-08-09,네이버,네이버,EL-01,29,31,434186
2026-08-09,네이버,네이버,BK-01,37,40,1124240
2026-08-09,네이버,네이버,WR-02,19,21,195426
2026-08-09,네이버,네이버,IN-01,26,28,444808
2026-08-09,네이버,네이버,WR-01,36,38,460788
2026-08-09,네이버,네이버,KN-01,53,64,1197184
2026-08-09,네이버,네이버,KN-02,24,28,918568
2026-08-09,네이버,네이버,IN-02,19,21,234906
2026-08-09,쿠팡,올투게더나우,KN-01,7,7,125370
2026-08-09,쿠팡,올투게더나우,WR-01,8,11,127710
2026-08-09,쿠팡,올투게더나우,EL-01,2,2,26820
2026-08-09,쿠팡,올투게더나우,KN-02,3,3,94230
2026-08-09,쿠팡,올투게더나우,WR-02,2,3,26730
2026-08-09,쿠팡,올투게더나우,BK-01,3,3,80730
2026-08-09,쿠팡,올투게더나우,IN-02,4,5,53550
2026-08-09,쿠팡,올투게더나우,IN-01,1,1,15210
2026-08-09,쿠팡,휴책,KN-02,25,27,848070
2026-08-09,쿠팡,휴책,KN-01,35,40,716400
2026-08-09,쿠팡,휴책,IN-02,6,6,64260
2026-08-09,쿠팡,휴책,IN-01,6,7,106470
2026-08-09,쿠팡,휴책,WR-02,12,15,133650
2026-08-09,쿠팡,휴책,WR-01,3,3,34830
2026-08-09,쿠팡,휴책,BK-01,17,18,484380
2026-08-09,쿠팡,휴책,EL-01,12,14,187740
2026-08-09,쿠팡,유큐어,KN-01,7,7,125370
2026-08-09,쿠팡,유큐어,WR-02,10,12,106920
2026-08-09,쿠팡,유큐어,IN-02,10,10,107100
2026-08-09,쿠팡,유큐어,WR-01,15,17,197370
2026-08-09,쿠팡,유큐어,EL-01,5,6,80460
2026-08-09,쿠팡,유큐어,IN-01,5,6,91260
2026-08-09,쿠팡,유큐어,KN-02,3,3,94230
2026-08-09,쿠팡,유큐어,BK-01,4,5,134550
2026-08-09,기타,기타사이트,KN-01,3,3,57909
2026-08-09,기타,기타사이트,WR-01,6,6,75078
2026-08-09,기타,기타사이트,IN-02,3,3,34629
2026-08-09,기타,기타사이트,KN-02,6,7,236971
2026-08-09,기타,기타사이트,IN-01,3,3,49179
2026-08-09,기타,기타사이트,EL-01,1,2,28906
2026-08-09,기타,기타사이트,WR-02,2,2,19206
2026-08-09,기타,기타사이트,BK-01,1,1,29003
2026-08-10,네이버,네이버,KN-01,46,48,897888
2026-08-10,네이버,네이버,EL-01,38,45,630270
2026-08-10,네이버,네이버,WR-02,16,18,167508
2026-08-10,네이버,네이버,IN-02,18,18,201348
2026-08-10,네이버,네이버,IN-01,19,22,349492
2026-08-10,네이버,네이버,WR-01,22,24,291024
2026-08-10,네이버,네이버,KN-02,27,31,1016986
2026-08-10,네이버,네이버,BK-01,23,25,702650
2026-08-10,쿠팡,올투게더나우,WR-01,12,14,162540
2026-08-10,쿠팡,올투게더나우,KN-01,5,6,107460
2026-08-10,쿠팡,올투게더나우,KN-02,5,5,157050
2026-08-10,쿠팡,올투게더나우,WR-02,8,9,80190
2026-08-10,쿠팡,올투게더나우,IN-01,3,4,60840
2026-08-10,쿠팡,올투게더나우,IN-02,3,4,42840
2026-08-10,쿠팡,올투게더나우,EL-01,3,4,53640
2026-08-10,쿠팡,휴책,KN-02,34,38,1193580
2026-08-10,쿠팡,휴책,BK-01,33,35,941850
2026-08-10,쿠팡,휴책,KN-01,33,36,644760
2026-08-10,쿠팡,휴책,IN-01,15,16,243360
2026-08-10,쿠팡,휴책,WR-02,7,10,89100
2026-08-10,쿠팡,휴책,EL-01,17,18,241380
2026-08-10,쿠팡,휴책,IN-02,15,16,171360
2026-08-10,쿠팡,휴책,WR-01,15,17,197370
2026-08-10,쿠팡,유큐어,WR-02,10,11,98010
2026-08-10,쿠팡,유큐어,IN-02,11,14,149940
2026-08-10,쿠팡,유큐어,IN-01,7,8,121680
2026-08-10,쿠팡,유큐어,KN-02,10,11,345510
2026-08-10,쿠팡,유큐어,KN-01,7,7,125370
2026-08-10,쿠팡,유큐어,WR-01,13,17,197370
2026-08-10,쿠팡,유큐어,EL-01,10,11,147510
2026-08-10,쿠팡,유큐어,BK-01,2,2,53820
2026-08-10,기타,기타사이트,BK-01,9,9,261027
2026-08-10,기타,기타사이트,KN-02,6,7,236971
2026-08-10,기타,기타사이트,WR-02,6,6,57618
2026-08-10,기타,기타사이트,IN-02,2,2,23086
2026-08-10,기타,기타사이트,KN-01,9,10,193030
2026-08-10,기타,기타사이트,IN-01,6,6,98358
2026-08-10,기타,기타사이트,EL-01,6,6,86718
2026-08-11,네이버,네이버,KN-02,44,47,1541882
2026-08-11,네이버,네이버,KN-01,69,75,1402950
2026-08-11,네이버,네이버,EL-01,46,52,728312
2026-08-11,네이버,네이버,IN-01,43,49,778414
2026-08-11,네이버,네이버,WR-01,46,53,642678
2026-08-11,네이버,네이버,IN-02,26,29,324394
2026-08-11,네이버,네이버,BK-01,44,48,1349088
2026-08-11,네이버,네이버,WR-02,13,13,120978
2026-08-11,쿠팡,올투게더나우,EL-01,2,2,26820
2026-08-11,쿠팡,올투게더나우,KN-01,5,7,125370
2026-08-11,쿠팡,올투게더나우,KN-02,3,3,94230
2026-08-11,쿠팡,올투게더나우,WR-02,4,4,35640
2026-08-11,쿠팡,올투게더나우,WR-01,10,11,127710
2026-08-11,쿠팡,올투게더나우,IN-01,5,5,76050
2026-08-11,쿠팡,올투게더나우,BK-01,2,2,53820
2026-08-11,쿠팡,올투게더나우,IN-02,1,1,10710
2026-08-11,쿠팡,휴책,EL-01,13,15,201150
2026-08-11,쿠팡,휴책,BK-01,19,19,511290
2026-08-11,쿠팡,휴책,WR-02,15,15,133650
2026-08-11,쿠팡,휴책,IN-01,14,15,228150
2026-08-11,쿠팡,휴책,KN-01,29,31,555210
2026-08-11,쿠팡,휴책,IN-02,7,8,85680
2026-08-11,쿠팡,휴책,KN-02,28,32,1005120
2026-08-11,쿠팡,휴책,WR-01,6,7,81270
2026-08-11,쿠팡,유큐어,EL-01,10,11,147510
2026-08-11,쿠팡,유큐어,WR-01,10,10,116100
2026-08-11,쿠팡,유큐어,KN-02,6,6,188460
2026-08-11,쿠팡,유큐어,IN-01,4,5,76050
2026-08-11,쿠팡,유큐어,IN-02,10,11,117810
2026-08-11,쿠팡,유큐어,WR-02,12,13,115830
2026-08-11,쿠팡,유큐어,BK-01,1,1,26910
2026-08-11,쿠팡,유큐어,KN-01,1,1,17910
2026-08-11,기타,기타사이트,IN-02,5,5,57715
2026-08-11,기타,기타사이트,KN-02,7,8,270824
2026-08-11,기타,기타사이트,IN-01,9,10,163930
2026-08-11,기타,기타사이트,WR-02,3,4,38412
2026-08-11,기타,기타사이트,KN-01,6,8,154424
2026-08-11,기타,기타사이트,BK-01,3,3,87009
2026-08-11,기타,기타사이트,EL-01,1,1,14453
2026-08-11,기타,기타사이트,WR-01,1,1,12513
2026-08-12,네이버,네이버,IN-01,37,42,667212
2026-08-12,네이버,네이버,WR-01,34,40,485040
2026-08-12,네이버,네이버,IN-02,16,16,178976
2026-08-12,네이버,네이버,WR-02,18,21,195426
2026-08-12,네이버,네이버,KN-01,40,46,860476
2026-08-12,네이버,네이버,BK-01,27,36,1011816
2026-08-12,네이버,네이버,EL-01,19,23,322138
2026-08-12,네이버,네이버,KN-02,24,27,885762
2026-08-12,쿠팡,올투게더나우,EL-01,6,7,93870
2026-08-12,쿠팡,올투게더나우,KN-01,7,7,125370
2026-08-12,쿠팡,올투게더나우,WR-02,5,5,44550
2026-08-12,쿠팡,올투게더나우,IN-01,3,4,60840
2026-08-12,쿠팡,올투게더나우,KN-02,4,4,125640
2026-08-12,쿠팡,올투게더나우,BK-01,2,2,53820
2026-08-12,쿠팡,올투게더나우,IN-02,2,3,32130
2026-08-12,쿠팡,올투게더나우,WR-01,3,3,34830
2026-08-12,쿠팡,휴책,KN-02,29,31,973710
2026-08-12,쿠팡,휴책,BK-01,16,18,484380
2026-08-12,쿠팡,휴책,WR-02,14,18,160380
2026-08-12,쿠팡,휴책,WR-01,10,11,127710
2026-08-12,쿠팡,휴책,EL-01,14,15,201150
2026-08-12,쿠팡,휴책,KN-01,29,32,573120
2026-08-12,쿠팡,휴책,IN-02,8,9,96390
2026-08-12,쿠팡,휴책,IN-01,8,11,167310
2026-08-12,쿠팡,유큐어,WR-01,16,18,208980
2026-08-12,쿠팡,유큐어,IN-01,8,10,152100
2026-08-12,쿠팡,유큐어,KN-02,5,7,219870
2026-08-12,쿠팡,유큐어,EL-01,13,14,187740
2026-08-12,쿠팡,유큐어,WR-02,19,21,187110
2026-08-12,쿠팡,유큐어,IN-02,6,7,74970
2026-08-12,쿠팡,유큐어,BK-01,7,7,188370
2026-08-12,쿠팡,유큐어,KN-01,6,7,125370
2026-08-12,기타,기타사이트,IN-01,11,11,180323
2026-08-12,기타,기타사이트,BK-01,8,8,232024
2026-08-12,기타,기타사이트,KN-02,12,13,440089
2026-08-12,기타,기타사이트,KN-01,7,10,193030
2026-08-12,기타,기타사이트,WR-01,3,4,50052
2026-08-12,기타,기타사이트,WR-02,3,4,38412
2026-08-12,기타,기타사이트,IN-02,3,3,34629
2026-08-12,기타,기타사이트,EL-01,2,2,28906
2026-08-13,네이버,네이버,WR-02,14,17,158202
2026-08-13,네이버,네이버,EL-01,41,41,574246
2026-08-13,네이버,네이버,KN-01,61,66,1234596
2026-08-13,네이버,네이버,BK-01,32,40,1124240
2026-08-13,네이버,네이버,IN-01,21,26,413036
2026-08-13,네이버,네이버,WR-01,32,35,424410
2026-08-13,네이버,네이버,IN-02,14,14,156604
2026-08-13,네이버,네이버,KN-02,37,41,1345046
2026-08-13,쿠팡,올투게더나우,KN-01,8,10,179100
2026-08-13,쿠팡,올투게더나우,WR-01,13,14,162540
2026-08-13,쿠팡,올투게더나우,BK-01,3,4,107640
2026-08-13,쿠팡,올투게더나우,WR-02,13,14,124740
2026-08-13,쿠팡,올투게더나우,IN-01,6,6,91260
2026-08-13,쿠팡,올투게더나우,KN-02,7,7,219870
2026-08-13,쿠팡,올투게더나우,IN-02,3,3,32130
2026-08-13,쿠팡,올투게더나우,EL-01,1,1,13410
2026-08-13,쿠팡,휴책,EL-01,13,14,187740
2026-08-13,쿠팡,휴책,BK-01,22,24,645840
2026-08-13,쿠팡,휴책,IN-01,7,8,121680
2026-08-13,쿠팡,휴책,IN-02,15,18,192780
2026-08-13,쿠팡,휴책,KN-02,35,39,1224990
2026-08-13,쿠팡,휴책,WR-02,16,17,151470
2026-08-13,쿠팡,휴책,KN-01,54,60,1074600
2026-08-13,쿠팡,휴책,WR-01,10,11,127710
2026-08-13,쿠팡,유큐어,WR-02,12,12,106920
2026-08-13,쿠팡,유큐어,IN-02,6,7,74970
2026-08-13,쿠팡,유큐어,WR-01,12,14,162540
2026-08-13,쿠팡,유큐어,KN-01,2,2,35820
2026-08-13,쿠팡,유큐어,BK-01,7,8,215280
2026-08-13,쿠팡,유큐어,KN-02,3,3,94230
2026-08-13,쿠팡,유큐어,IN-01,11,12,182520
2026-08-13,쿠팡,유큐어,EL-01,7,9,120690
2026-08-13,기타,기타사이트,KN-01,7,8,154424
2026-08-13,기타,기타사이트,BK-01,7,8,232024
2026-08-13,기타,기타사이트,IN-01,6,7,114751
2026-08-13,기타,기타사이트,WR-01,2,2,25026
2026-08-13,기타,기타사이트,KN-02,5,5,169265
2026-08-13,기타,기타사이트,EL-01,3,4,57812
2026-08-13,기타,기타사이트,WR-02,1,1,9603
2026-08-14,네이버,네이버,BK-01,30,35,983710
2026-08-14,네이버,네이버,KN-02,41,51,1673106
2026-08-14,네이버,네이버,IN-01,38,40,635440
2026-08-14,네이버,네이버,EL-01,37,41,574246
2026-08-14,네이버,네이버,KN-01,55,63,1178478
2026-08-14,네이버,네이버,WR-01,30,34,412284
2026-08-14,네이버,네이버,WR-02,19,22,204732
2026-08-14,네이버,네이버,IN-02,8,10,111860
2026-08-14,쿠팡,올투게더나우,WR-01,17,17,197370
2026-08-14,쿠팡,올투게더나우,EL-01,5,7,93870
2026-08-14,쿠팡,올투게더나우,KN-01,8,8,143280
2026-08-14,쿠팡,올투게더나우,WR-02,7,9,80190
2026-08-14,쿠팡,올투게더나우,KN-02,3,3,94230
2026-08-14,쿠팡,올투게더나우,IN-01,4,4,60840
2026-08-14,쿠팡,올투게더나우,BK-01,5,6,161460
2026-08-14,쿠팡,올투게더나우,IN-02,3,3,32130
2026-08-14,쿠팡,휴책,KN-02,28,28,879480
2026-08-14,쿠팡,휴책,KN-01,21,21,376110
2026-08-14,쿠팡,휴책,IN-02,19,20,214200
2026-08-14,쿠팡,휴책,IN-01,16,19,288990
2026-08-14,쿠팡,휴책,WR-01,12,14,162540
2026-08-14,쿠팡,휴책,BK-01,20,23,618930
2026-08-14,쿠팡,휴책,EL-01,9,10,134100
2026-08-14,쿠팡,휴책,WR-02,9,11,98010
2026-08-14,쿠팡,유큐어,WR-01,12,13,150930
2026-08-14,쿠팡,유큐어,IN-01,14,15,228150
2026-08-14,쿠팡,유큐어,WR-02,22,23,204930
2026-08-14,쿠팡,유큐어,IN-02,10,12,128520
2026-08-14,쿠팡,유큐어,KN-02,10,11,345510
2026-08-14,쿠팡,유큐어,EL-01,15,15,201150
2026-08-14,쿠팡,유큐어,BK-01,9,11,296010
2026-08-14,쿠팡,유큐어,KN-01,4,4,71640
2026-08-14,기타,기타사이트,IN-01,10,11,180323
2026-08-14,기타,기타사이트,KN-01,9,10,193030
2026-08-14,기타,기타사이트,BK-01,3,3,87009
2026-08-14,기타,기타사이트,KN-02,4,4,135412
2026-08-14,기타,기타사이트,WR-01,3,3,37539
2026-08-14,기타,기타사이트,EL-01,3,4,57812
2026-08-15,네이버,네이버,IN-01,25,29,460694
2026-08-15,네이버,네이버,BK-01,31,37,1039922
2026-08-15,네이버,네이버,EL-01,34,40,560240
2026-08-15,네이버,네이버,KN-01,50,59,1103654
2026-08-15,네이버,네이버,IN-02,15,17,190162
2026-08-15,네이버,네이버,KN-02,37,44,1443464
2026-08-15,네이버,네이버,WR-01,31,35,424410
2026-08-15,네이버,네이버,WR-02,14,17,158202
2026-08-15,쿠팡,올투게더나우,EL-01,6,6,80460
2026-08-15,쿠팡,올투게더나우,WR-01,10,10,116100
2026-08-15,쿠팡,올투게더나우,KN-01,5,6,107460
2026-08-15,쿠팡,올투게더나우,IN-02,2,2,21420
2026-08-15,쿠팡,올투게더나우,KN-02,3,3,94230
2026-08-15,쿠팡,올투게더나우,WR-02,3,4,35640
2026-08-15,쿠팡,올투게더나우,IN-01,1,1,15210
2026-08-15,쿠팡,올투게더나우,BK-01,3,3,80730
2026-08-15,쿠팡,휴책,KN-01,25,27,483570
2026-08-15,쿠팡,휴책,IN-02,14,15,160650
2026-08-15,쿠팡,휴책,KN-02,39,43,1350630
2026-08-15,쿠팡,휴책,EL-01,10,11,147510
2026-08-15,쿠팡,휴책,BK-01,22,26,699660
2026-08-15,쿠팡,휴책,WR-02,15,17,151470
2026-08-15,쿠팡,휴책,IN-01,18,22,334620
2026-08-15,쿠팡,휴책,WR-01,8,9,104490
2026-08-15,쿠팡,유큐어,EL-01,11,13,174330
2026-08-15,쿠팡,유큐어,IN-01,11,12,182520
2026-08-15,쿠팡,유큐어,WR-02,15,15,133650
2026-08-15,쿠팡,유큐어,KN-01,4,5,89550
2026-08-15,쿠팡,유큐어,BK-01,5,7,188370
2026-08-15,쿠팡,유큐어,IN-02,7,9,96390
2026-08-15,쿠팡,유큐어,WR-01,9,11,127710
2026-08-15,쿠팡,유큐어,KN-02,5,7,219870
2026-08-15,기타,기타사이트,EL-01,3,3,43359
2026-08-15,기타,기타사이트,WR-02,5,5,48015
2026-08-15,기타,기타사이트,BK-01,5,6,174018
2026-08-15,기타,기타사이트,IN-02,3,4,46172
2026-08-15,기타,기타사이트,KN-01,2,3,57909
2026-08-15,기타,기타사이트,IN-01,4,5,81965
2026-08-15,기타,기타사이트,KN-02,3,4,135412
2026-08-15,기타,기타사이트,WR-01,2,3,37539
2026-08-16,네이버,네이버,WR-01,24,27,327402
2026-08-16,네이버,네이버,BK-01,17,20,562120
2026-08-16,네이버,네이버,IN-01,20,21,333606
2026-08-16,네이버,네이버,KN-02,16,19,623314
2026-08-16,네이버,네이버,EL-01,20,21,294126
2026-08-16,네이버,네이버,KN-01,30,34,636004
2026-08-16,네이버,네이버,IN-02,10,12,134232
2026-08-16,네이버,네이버,WR-02,9,9,83754
2026-08-16,쿠팡,올투게더나우,KN-01,3,3,53730
2026-08-16,쿠팡,올투게더나우,IN-01,4,4,60840
2026-08-16,쿠팡,올투게더나우,WR-01,7,8,92880
2026-08-16,쿠팡,올투게더나우,IN-02,3,3,32130
2026-08-16,쿠팡,올투게더나우,WR-02,7,8,71280
2026-08-16,쿠팡,올투게더나우,EL-01,4,4,53640
2026-08-16,쿠팡,올투게더나우,BK-01,4,4,107640
2026-08-16,쿠팡,올투게더나우,KN-02,1,1,31410
2026-08-16,쿠팡,휴책,EL-01,12,13,174330
2026-08-16,쿠팡,휴책,IN-01,16,18,273780
2026-08-16,쿠팡,휴책,WR-02,13,14,124740
2026-08-16,쿠팡,휴책,KN-02,26,30,942300
2026-08-16,쿠팡,휴책,WR-01,14,17,197370
2026-08-16,쿠팡,휴책,IN-02,14,17,182070
2026-08-16,쿠팡,휴책,BK-01,23,26,699660
2026-08-16,쿠팡,휴책,KN-01,33,37,662670
2026-08-16,쿠팡,유큐어,WR-01,12,13,150930
2026-08-16,쿠팡,유큐어,KN-01,3,3,53730
2026-08-16,쿠팡,유큐어,EL-01,15,16,214560
2026-08-16,쿠팡,유큐어,BK-01,3,3,80730
2026-08-16,쿠팡,유큐어,IN-02,6,6,64260
2026-08-16,쿠팡,유큐어,IN-01,12,13,197730
2026-08-16,쿠팡,유큐어,WR-02,11,14,124740
2026-08-16,쿠팡,유큐어,KN-02,3,3,94230
2026-08-16,기타,기타사이트,IN-02,4,5,57715
2026-08-16,기타,기타사이트,IN-01,3,3,49179
2026-08-16,기타,기타사이트,WR-02,3,6,57618
2026-08-16,기타,기타사이트,WR-01,4,4,50052
2026-08-16,기타,기타사이트,KN-02,7,9,304677
2026-08-16,기타,기타사이트,BK-01,3,3,87009
2026-08-16,기타,기타사이트,KN-01,1,1,19303
2026-08-16,기타,기타사이트,EL-01,1,1,14453
2026-08-17,네이버,네이버,KN-02,30,33,1082598
2026-08-17,네이버,네이버,EL-01,28,28,392168
2026-08-17,네이버,네이버,KN-01,42,48,897888
2026-08-17,네이버,네이버,IN-02,14,18,201348
2026-08-17,네이버,네이버,WR-02,20,25,232650
2026-08-17,네이버,네이버,BK-01,29,32,899392
2026-08-17,네이버,네이버,WR-01,35,39,472914
2026-08-17,네이버,네이버,IN-01,19,22,349492
2026-08-17,쿠팡,올투게더나우,KN-01,11,11,197010
2026-08-17,쿠팡,올투게더나우,WR-02,8,9,80190
2026-08-17,쿠팡,올투게더나우,WR-01,6,7,81270
2026-08-17,쿠팡,올투게더나우,BK-01,5,6,161460
2026-08-17,쿠팡,올투게더나우,IN-02,3,3,32130
2026-08-17,쿠팡,올투게더나우,IN-01,5,5,76050
2026-08-17,쿠팡,올투게더나우,EL-01,3,4,53640
2026-08-17,쿠팡,올투게더나우,KN-02,2,2,62820
2026-08-17,쿠팡,휴책,EL-01,15,18,241380
2026-08-17,쿠팡,휴책,BK-01,24,29,780390
2026-08-17,쿠팡,휴책,WR-01,20,20,232200
2026-08-17,쿠팡,휴책,IN-02,11,12,128520
2026-08-17,쿠팡,휴책,KN-01,34,36,644760
2026-08-17,쿠팡,휴책,IN-01,10,13,197730
2026-08-17,쿠팡,휴책,KN-02,34,37,1162170
2026-08-17,쿠팡,휴책,WR-02,8,9,80190
2026-08-17,쿠팡,유큐어,BK-01,4,4,107640
2026-08-17,쿠팡,유큐어,WR-02,16,17,151470
2026-08-17,쿠팡,유큐어,IN-02,10,13,139230
2026-08-17,쿠팡,유큐어,EL-01,10,12,160920
2026-08-17,쿠팡,유큐어,WR-01,10,10,116100
2026-08-17,쿠팡,유큐어,IN-01,11,14,212940
2026-08-17,쿠팡,유큐어,KN-02,6,8,251280
2026-08-17,쿠팡,유큐어,KN-01,9,11,197010
2026-08-17,기타,기타사이트,KN-02,7,7,236971
2026-08-17,기타,기타사이트,KN-01,8,10,193030
2026-08-17,기타,기타사이트,WR-02,7,8,76824
2026-08-17,기타,기타사이트,BK-01,6,6,174018
2026-08-17,기타,기타사이트,IN-02,4,4,46172
2026-08-17,기타,기타사이트,IN-01,4,6,98358
2026-08-17,기타,기타사이트,WR-01,3,3,37539
2026-08-18,네이버,네이버,EL-01,41,46,644276
2026-08-18,네이버,네이버,KN-02,51,54,1771524
2026-08-18,네이버,네이버,WR-02,23,27,251262
2026-08-18,네이버,네이버,KN-01,39,42,785652
2026-08-18,네이버,네이버,BK-01,37,40,1124240
2026-08-18,네이버,네이버,IN-01,30,36,571896
2026-08-18,네이버,네이버,WR-01,43,47,569922
2026-08-18,네이버,네이버,IN-02,28,29,324394
2026-08-18,쿠팡,올투게더나우,WR-01,10,11,127710
2026-08-18,쿠팡,올투게더나우,EL-01,4,6,80460
2026-08-18,쿠팡,올투게더나우,IN-01,4,4,60840
2026-08-18,쿠팡,올투게더나우,KN-01,6,6,107460
2026-08-18,쿠팡,올투게더나우,WR-02,5,6,53460
2026-08-18,쿠팡,올투게더나우,KN-02,6,6,188460
2026-08-18,쿠팡,올투게더나우,BK-01,2,2,53820
2026-08-18,쿠팡,올투게더나우,IN-02,1,1,10710
2026-08-18,쿠팡,휴책,KN-02,59,72,2261520
2026-08-18,쿠팡,휴책,WR-01,23,23,267030
2026-08-18,쿠팡,휴책,KN-01,40,41,734310
2026-08-18,쿠팡,휴책,BK-01,30,33,888030
2026-08-18,쿠팡,휴책,WR-02,16,18,160380
2026-08-18,쿠팡,휴책,EL-01,18,20,268200
2026-08-18,쿠팡,휴책,IN-01,12,13,197730
2026-08-18,쿠팡,휴책,IN-02,11,11,117810
2026-08-18,쿠팡,유큐어,IN-01,9,10,152100
2026-08-18,쿠팡,유큐어,BK-01,4,4,107640
2026-08-18,쿠팡,유큐어,KN-02,6,8,251280
2026-08-18,쿠팡,유큐어,WR-01,10,10,116100
2026-08-18,쿠팡,유큐어,WR-02,9,10,89100
2026-08-18,쿠팡,유큐어,IN-02,8,8,85680
2026-08-18,쿠팡,유큐어,KN-01,4,4,71640
2026-08-18,쿠팡,유큐어,EL-01,9,11,147510
2026-08-18,기타,기타사이트,BK-01,7,7,203021
2026-08-18,기타,기타사이트,IN-01,5,5,81965
2026-08-18,기타,기타사이트,KN-02,10,13,440089
2026-08-18,기타,기타사이트,KN-01,11,12,231636
2026-08-18,기타,기타사이트,EL-01,5,6,86718
2026-08-18,기타,기타사이트,IN-02,5,5,57715
2026-08-18,기타,기타사이트,WR-01,3,3,37539
2026-08-18,기타,기타사이트,WR-02,3,3,28809
2026-08-19,네이버,네이버,IN-02,8,8,89488
2026-08-19,네이버,네이버,KN-02,26,31,1016986
2026-08-19,네이버,네이버,EL-01,31,33,462198
2026-08-19,네이버,네이버,BK-01,23,27,758862
2026-08-19,네이버,네이버,KN-01,40,45,841770
2026-08-19,네이버,네이버,IN-01,22,23,365378
2026-08-19,네이버,네이버,WR-02,14,15,139590
2026-08-19,네이버,네이버,WR-01,29,32,388032
2026-08-19,쿠팡,올투게더나우,WR-02,6,7,62370
2026-08-19,쿠팡,올투게더나우,IN-02,7,7,74970
2026-08-19,쿠팡,올투게더나우,KN-01,9,9,161190
2026-08-19,쿠팡,올투게더나우,KN-02,5,6,188460
2026-08-19,쿠팡,올투게더나우,WR-01,10,12,139320
2026-08-19,쿠팡,올투게더나우,IN-01,3,3,45630
2026-08-19,쿠팡,올투게더나우,BK-01,3,3,80730
2026-08-19,쿠팡,올투게더나우,EL-01,1,1,13410
2026-08-19,쿠팡,휴책,KN-02,48,51,1601910
2026-08-19,쿠팡,휴책,WR-02,15,19,169290
2026-08-19,쿠팡,휴책,BK-01,32,35,941850
2026-08-19,쿠팡,휴책,EL-01,16,18,241380
2026-08-19,쿠팡,휴책,KN-01,35,37,662670
2026-08-19,쿠팡,휴책,IN-01,11,11,167310
2026-08-19,쿠팡,휴책,IN-02,18,19,203490
2026-08-19,쿠팡,휴책,WR-01,16,16,185760
2026-08-19,쿠팡,유큐어,IN-01,14,16,243360
2026-08-19,쿠팡,유큐어,EL-01,12,14,187740
2026-08-19,쿠팡,유큐어,IN-02,19,21,224910
2026-08-19,쿠팡,유큐어,WR-01,8,8,92880
2026-08-19,쿠팡,유큐어,WR-02,20,23,204930
2026-08-19,쿠팡,유큐어,KN-01,10,11,197010
2026-08-19,쿠팡,유큐어,BK-01,2,2,53820
2026-08-19,쿠팡,유큐어,KN-02,4,5,157050
2026-08-19,기타,기타사이트,IN-02,4,5,57715
2026-08-19,기타,기타사이트,KN-02,10,11,372383
2026-08-19,기타,기타사이트,IN-01,6,6,98358
2026-08-19,기타,기타사이트,KN-01,9,9,173727
2026-08-19,기타,기타사이트,WR-02,6,6,57618
2026-08-19,기타,기타사이트,WR-01,3,3,37539
2026-08-19,기타,기타사이트,BK-01,6,8,232024
2026-08-19,기타,기타사이트,EL-01,1,1,14453
2026-08-20,네이버,네이버,IN-01,40,44,698984
2026-08-20,네이버,네이버,BK-01,33,37,1039922
2026-08-20,네이버,네이버,KN-02,27,28,918568
2026-08-20,네이버,네이버,KN-01,45,49,916594
2026-08-20,네이버,네이버,EL-01,34,36,504216
2026-08-20,네이버,네이버,WR-01,27,28,339528
2026-08-20,네이버,네이버,WR-02,13,14,130284
2026-08-20,네이버,네이버,IN-02,15,17,190162
2026-08-20,쿠팡,올투게더나우,WR-01,13,15,174150
2026-08-20,쿠팡,올투게더나우,WR-02,4,4,35640
2026-08-20,쿠팡,올투게더나우,BK-01,3,3,80730
2026-08-20,쿠팡,올투게더나우,KN-01,6,7,125370
2026-08-20,쿠팡,올투게더나우,KN-02,3,3,94230
2026-08-20,쿠팡,올투게더나우,IN-01,1,1,15210
2026-08-20,쿠팡,올투게더나우,IN-02,1,2,21420
2026-08-20,쿠팡,휴책,WR-01,9,10,116100
2026-08-20,쿠팡,휴책,KN-02,40,44,1382040
2026-08-20,쿠팡,휴책,BK-01,21,23,618930
2026-08-20,쿠팡,휴책,KN-01,30,35,626850
2026-08-20,쿠팡,휴책,IN-02,12,14,149940
2026-08-20,쿠팡,휴책,EL-01,13,16,214560
2026-08-20,쿠팡,휴책,WR-02,6,6,53460
2026-08-20,쿠팡,휴책,IN-01,10,13,197730
2026-08-20,쿠팡,유큐어,WR-01,12,13,150930
2026-08-20,쿠팡,유큐어,BK-01,8,8,215280
2026-08-20,쿠팡,유큐어,KN-01,2,2,35820
2026-08-20,쿠팡,유큐어,IN-02,12,14,149940
2026-08-20,쿠팡,유큐어,EL-01,8,8,107280
2026-08-20,쿠팡,유큐어,KN-02,2,3,94230
2026-08-20,쿠팡,유큐어,WR-02,15,15,133650
2026-08-20,쿠팡,유큐어,IN-01,8,8,121680
2026-08-20,기타,기타사이트,KN-02,7,8,270824
2026-08-20,기타,기타사이트,KN-01,9,9,173727
2026-08-20,기타,기타사이트,WR-02,5,6,57618
2026-08-20,기타,기타사이트,BK-01,10,10,290030
2026-08-20,기타,기타사이트,IN-02,5,6,69258
2026-08-20,기타,기타사이트,IN-01,4,4,65572
2026-08-20,기타,기타사이트,WR-01,3,3,37539
2026-08-20,기타,기타사이트,EL-01,3,3,43359
2026-08-21,네이버,네이버,KN-01,46,50,935300
2026-08-21,네이버,네이버,IN-01,29,34,540124
2026-08-21,네이버,네이버,WR-02,9,10,93060
2026-08-21,네이버,네이버,WR-01,35,41,497166
2026-08-21,네이버,네이버,EL-01,24,27,378162
2026-08-21,네이버,네이버,KN-02,26,33,1082598
2026-08-21,네이버,네이버,BK-01,25,26,730756
2026-08-21,네이버,네이버,IN-02,13,16,178976
2026-08-21,쿠팡,올투게더나우,WR-01,14,16,185760
2026-08-21,쿠팡,올투게더나우,IN-02,6,7,74970
2026-08-21,쿠팡,올투게더나우,EL-01,3,4,53640
2026-08-21,쿠팡,올투게더나우,BK-01,2,2,53820
2026-08-21,쿠팡,올투게더나우,KN-01,6,7,125370
2026-08-21,쿠팡,올투게더나우,IN-01,7,8,121680
2026-08-21,쿠팡,올투게더나우,WR-02,5,5,44550
2026-08-21,쿠팡,올투게더나우,KN-02,5,5,157050
2026-08-21,쿠팡,휴책,KN-02,34,39,1224990
2026-08-21,쿠팡,휴책,WR-02,21,22,196020
2026-08-21,쿠팡,휴책,KN-01,29,33,591030
2026-08-21,쿠팡,휴책,IN-01,17,20,304200
2026-08-21,쿠팡,휴책,EL-01,19,22,295020
2026-08-21,쿠팡,휴책,BK-01,25,27,726570
2026-08-21,쿠팡,휴책,IN-02,11,11,117810
2026-08-21,쿠팡,휴책,WR-01,11,14,162540
2026-08-21,쿠팡,유큐어,KN-01,6,7,125370
2026-08-21,쿠팡,유큐어,IN-01,12,12,182520
2026-08-21,쿠팡,유큐어,BK-01,10,10,269100
2026-08-21,쿠팡,유큐어,IN-02,19,21,224910
2026-08-21,쿠팡,유큐어,EL-01,17,18,241380
2026-08-21,쿠팡,유큐어,WR-02,20,24,213840
2026-08-21,쿠팡,유큐어,WR-01,6,6,69660
2026-08-21,쿠팡,유큐어,KN-02,4,5,157050
2026-08-21,기타,기타사이트,KN-02,5,6,203118
2026-08-21,기타,기타사이트,KN-01,7,8,154424
2026-08-21,기타,기타사이트,EL-01,3,3,43359
2026-08-21,기타,기타사이트,BK-01,4,5,145015
2026-08-21,기타,기타사이트,WR-01,2,2,25026
2026-08-21,기타,기타사이트,IN-01,3,3,49179
2026-08-21,기타,기타사이트,IN-02,4,4,46172
2026-08-22,네이버,네이버,EL-01,20,23,322138
2026-08-22,네이버,네이버,KN-01,31,39,729534
2026-08-22,네이버,네이버,KN-02,30,33,1082598
2026-08-22,네이버,네이버,BK-01,27,30,843180
2026-08-22,네이버,네이버,IN-01,26,29,460694
2026-08-22,네이버,네이버,WR-02,14,16,148896
2026-08-22,네이버,네이버,WR-01,23,26,315276
2026-08-22,네이버,네이버,IN-02,13,14,156604
2026-08-22,쿠팡,올투게더나우,IN-02,2,2,21420
2026-08-22,쿠팡,올투게더나우,KN-01,8,9,161190
2026-08-22,쿠팡,올투게더나우,WR-01,5,5,58050
2026-08-22,쿠팡,올투게더나우,IN-01,1,1,15210
2026-08-22,쿠팡,올투게더나우,EL-01,4,5,67050
2026-08-22,쿠팡,올투게더나우,WR-02,2,2,17820
2026-08-22,쿠팡,올투게더나우,KN-02,3,4,125640
2026-08-22,쿠팡,휴책,IN-02,11,14,149940
2026-08-22,쿠팡,휴책,KN-01,38,45,805950
2026-08-22,쿠팡,휴책,KN-02,35,38,1193580
2026-08-22,쿠팡,휴책,WR-02,12,15,133650
2026-08-22,쿠팡,휴책,EL-01,14,15,201150
2026-08-22,쿠팡,휴책,BK-01,21,22,592020
2026-08-22,쿠팡,휴책,WR-01,9,10,116100
2026-08-22,쿠팡,휴책,IN-01,5,5,76050
2026-08-22,쿠팡,유큐어,EL-01,9,10,134100
2026-08-22,쿠팡,유큐어,BK-01,8,10,269100
2026-08-22,쿠팡,유큐어,IN-02,9,9,96390
2026-08-22,쿠팡,유큐어,WR-02,14,15,133650
2026-08-22,쿠팡,유큐어,KN-01,5,6,107460
2026-08-22,쿠팡,유큐어,IN-01,11,11,167310
2026-08-22,쿠팡,유큐어,KN-02,5,5,157050
2026-08-22,쿠팡,유큐어,WR-01,6,7,81270
2026-08-22,기타,기타사이트,WR-02,4,5,48015
2026-08-22,기타,기타사이트,KN-02,5,5,169265
2026-08-22,기타,기타사이트,IN-02,4,4,46172
2026-08-22,기타,기타사이트,IN-01,7,7,114751
2026-08-22,기타,기타사이트,EL-01,4,4,57812
2026-08-22,기타,기타사이트,BK-01,5,5,145015
2026-08-22,기타,기타사이트,KN-01,6,6,115818
2026-08-22,기타,기타사이트,WR-01,2,2,25026
2026-08-23,네이버,네이버,BK-01,38,41,1152346
2026-08-23,네이버,네이버,WR-01,35,37,448662
2026-08-23,네이버,네이버,IN-02,14,15,167790
2026-08-23,네이버,네이버,EL-01,21,21,294126
2026-08-23,네이버,네이버,WR-02,15,17,158202
2026-08-23,네이버,네이버,KN-01,42,50,935300
2026-08-23,네이버,네이버,KN-02,27,32,1049792
2026-08-23,네이버,네이버,IN-01,31,33,524238
2026-08-23,쿠팡,올투게더나우,WR-01,4,5,58050
2026-08-23,쿠팡,올투게더나우,EL-01,4,4,53640
2026-08-23,쿠팡,올투게더나우,KN-01,5,5,89550
2026-08-23,쿠팡,올투게더나우,WR-02,6,8,71280
2026-08-23,쿠팡,올투게더나우,IN-01,3,3,45630
2026-08-23,쿠팡,올투게더나우,BK-01,2,2,53820
2026-08-23,쿠팡,올투게더나우,KN-02,3,5,157050
2026-08-23,쿠팡,휴책,KN-02,35,37,1162170
2026-08-23,쿠팡,휴책,WR-01,14,16,185760
2026-08-23,쿠팡,휴책,EL-01,12,14,187740
2026-08-23,쿠팡,휴책,KN-01,30,37,662670
2026-08-23,쿠팡,휴책,IN-02,17,17,182070
2026-08-23,쿠팡,휴책,WR-02,9,10,89100
2026-08-23,쿠팡,휴책,BK-01,19,19,511290
2026-08-23,쿠팡,휴책,IN-01,12,13,197730
2026-08-23,쿠팡,유큐어,IN-02,13,17,182070
2026-08-23,쿠팡,유큐어,WR-01,4,4,46440
2026-08-23,쿠팡,유큐어,IN-01,6,7,106470
2026-08-23,쿠팡,유큐어,WR-02,13,16,142560
2026-08-23,쿠팡,유큐어,BK-01,3,3,80730
2026-08-23,쿠팡,유큐어,EL-01,9,10,134100
2026-08-23,쿠팡,유큐어,KN-01,3,3,53730
2026-08-23,쿠팡,유큐어,KN-02,1,1,31410
2026-08-23,기타,기타사이트,KN-01,3,4,77212
2026-08-23,기타,기타사이트,WR-02,5,5,48015
2026-08-23,기타,기타사이트,IN-02,2,2,23086
2026-08-23,기타,기타사이트,BK-01,4,4,116012
2026-08-23,기타,기타사이트,EL-01,2,2,28906
2026-08-23,기타,기타사이트,IN-01,5,6,98358
2026-08-23,기타,기타사이트,KN-02,5,6,203118
2026-08-24,네이버,네이버,EL-01,39,47,658282
2026-08-24,네이버,네이버,BK-01,47,53,1489618
2026-08-24,네이버,네이버,KN-02,37,40,1312240
2026-08-24,네이버,네이버,WR-01,41,46,557796
2026-08-24,네이버,네이버,KN-01,57,61,1141066
2026-08-24,네이버,네이버,IN-01,28,29,460694
2026-08-24,네이버,네이버,IN-02,16,17,190162
2026-08-24,네이버,네이버,WR-02,17,17,158202
2026-08-24,쿠팡,올투게더나우,WR-01,19,22,255420
2026-08-24,쿠팡,올투게더나우,BK-01,1,1,26910
2026-08-24,쿠팡,올투게더나우,IN-01,5,5,76050
2026-08-24,쿠팡,올투게더나우,KN-01,6,6,107460
2026-08-24,쿠팡,올투게더나우,IN-02,3,3,32130
2026-08-24,쿠팡,올투게더나우,WR-02,9,11,98010
2026-08-24,쿠팡,올투게더나우,EL-01,2,2,26820
2026-08-24,쿠팡,올투게더나우,KN-02,1,1,31410
2026-08-24,쿠팡,휴책,KN-01,28,34,608940
2026-08-24,쿠팡,휴책,KN-02,25,29,910890
2026-08-24,쿠팡,휴책,BK-01,30,33,888030
2026-08-24,쿠팡,휴책,EL-01,9,10,134100
2026-08-24,쿠팡,휴책,WR-01,10,10,116100
2026-08-24,쿠팡,휴책,IN-01,6,6,91260
2026-08-24,쿠팡,휴책,WR-02,12,14,124740
2026-08-24,쿠팡,휴책,IN-02,9,10,107100
2026-08-24,쿠팡,유큐어,EL-01,19,21,281610
2026-08-24,쿠팡,유큐어,WR-02,14,15,133650
2026-08-24,쿠팡,유큐어,IN-02,9,9,96390
2026-08-24,쿠팡,유큐어,KN-01,10,10,179100
2026-08-24,쿠팡,유큐어,BK-01,13,14,376740
2026-08-24,쿠팡,유큐어,WR-01,10,12,139320
2026-08-24,쿠팡,유큐어,KN-02,7,7,219870
2026-08-24,쿠팡,유큐어,IN-01,11,13,197730
2026-08-24,기타,기타사이트,IN-02,4,4,46172
2026-08-24,기타,기타사이트,KN-02,10,10,338530
2026-08-24,기타,기타사이트,BK-01,8,10,290030
2026-08-24,기타,기타사이트,KN-01,9,11,212333
2026-08-24,기타,기타사이트,WR-02,3,3,28809
2026-08-24,기타,기타사이트,EL-01,3,5,72265
2026-08-24,기타,기타사이트,IN-01,7,8,131144
2026-08-24,기타,기타사이트,WR-01,3,3,37539
2026-08-25,네이버,네이버,BK-01,41,47,1320982
2026-08-25,네이버,네이버,IN-01,43,45,714870
2026-08-25,네이버,네이버,KN-01,60,69,1290714
2026-08-25,네이버,네이버,WR-01,47,53,642678
2026-08-25,네이버,네이버,EL-01,39,44,616264
2026-08-25,네이버,네이버,KN-02,47,56,1837136
2026-08-25,네이버,네이버,WR-02,23,26,241956
2026-08-25,네이버,네이버,IN-02,18,23,257278
2026-08-25,쿠팡,올투게더나우,WR-02,10,12,106920
2026-08-25,쿠팡,올투게더나우,BK-01,3,3,80730
2026-08-25,쿠팡,올투게더나우,WR-01,8,9,104490
2026-08-25,쿠팡,올투게더나우,IN-01,2,2,30420
2026-08-25,쿠팡,올투게더나우,EL-01,4,5,67050
2026-08-25,쿠팡,올투게더나우,KN-01,8,8,143280
2026-08-25,쿠팡,올투게더나우,KN-02,4,5,157050
2026-08-25,쿠팡,올투게더나우,IN-02,2,2,21420
2026-08-25,쿠팡,휴책,KN-01,31,34,608940
2026-08-25,쿠팡,휴책,EL-01,11,11,147510
2026-08-25,쿠팡,휴책,KN-02,38,40,1256400
2026-08-25,쿠팡,휴책,WR-01,14,16,185760
2026-08-25,쿠팡,휴책,BK-01,28,31,834210
2026-08-25,쿠팡,휴책,IN-02,5,6,64260
2026-08-25,쿠팡,휴책,IN-01,9,10,152100
2026-08-25,쿠팡,휴책,WR-02,6,7,62370
2026-08-25,쿠팡,유큐어,BK-01,4,5,134550
2026-08-25,쿠팡,유큐어,KN-01,5,6,107460
2026-08-25,쿠팡,유큐어,WR-01,15,16,185760
2026-08-25,쿠팡,유큐어,WR-02,23,23,204930
2026-08-25,쿠팡,유큐어,IN-02,6,6,64260
2026-08-25,쿠팡,유큐어,EL-01,19,20,268200
2026-08-25,쿠팡,유큐어,KN-02,3,4,125640
2026-08-25,쿠팡,유큐어,IN-01,8,10,152100
2026-08-25,기타,기타사이트,BK-01,9,10,290030
2026-08-25,기타,기타사이트,IN-02,1,1,11543
2026-08-25,기타,기타사이트,IN-01,5,5,81965
2026-08-25,기타,기타사이트,KN-01,5,6,115818
2026-08-25,기타,기타사이트,WR-02,2,2,19206
2026-08-25,기타,기타사이트,KN-02,5,6,203118
2026-08-25,기타,기타사이트,EL-01,5,7,101171
2026-08-25,기타,기타사이트,WR-01,2,2,25026
2026-08-26,네이버,네이버,IN-02,14,14,156604
2026-08-26,네이버,네이버,EL-01,34,38,532228
2026-08-26,네이버,네이버,IN-01,26,28,444808
2026-08-26,네이버,네이버,WR-02,6,7,65142
2026-08-26,네이버,네이버,KN-01,39,43,804358
2026-08-26,네이버,네이버,BK-01,30,32,899392
2026-08-26,네이버,네이버,KN-02,24,26,852956
2026-08-26,네이버,네이버,WR-01,24,27,327402
2026-08-26,쿠팡,올투게더나우,KN-02,4,4,125640
2026-08-26,쿠팡,올투게더나우,WR-01,7,9,104490
2026-08-26,쿠팡,올투게더나우,IN-01,2,3,45630
2026-08-26,쿠팡,올투게더나우,EL-01,3,3,40230
2026-08-26,쿠팡,올투게더나우,KN-01,6,6,107460
2026-08-26,쿠팡,올투게더나우,IN-02,2,2,21420
2026-08-26,쿠팡,올투게더나우,WR-02,7,7,62370
2026-08-26,쿠팡,올투게더나우,BK-01,4,4,107640
2026-08-26,쿠팡,휴책,WR-01,17,18,208980
2026-08-26,쿠팡,휴책,IN-02,25,27,289170
2026-08-26,쿠팡,휴책,BK-01,37,41,1103310
2026-08-26,쿠팡,휴책,KN-01,42,46,823860
2026-08-26,쿠팡,휴책,IN-01,14,17,258570
2026-08-26,쿠팡,휴책,KN-02,49,54,1696140
2026-08-26,쿠팡,휴책,EL-01,26,30,402300
2026-08-26,쿠팡,휴책,WR-02,13,14,124740
2026-08-26,쿠팡,유큐어,IN-02,14,18,192780
2026-08-26,쿠팡,유큐어,BK-01,6,6,161460
2026-08-26,쿠팡,유큐어,WR-02,17,18,160380
2026-08-26,쿠팡,유큐어,EL-01,10,13,174330
2026-08-26,쿠팡,유큐어,IN-01,6,7,106470
2026-08-26,쿠팡,유큐어,WR-01,10,11,127710
2026-08-26,쿠팡,유큐어,KN-01,9,12,214920
2026-08-26,쿠팡,유큐어,KN-02,1,1,31410
2026-08-26,기타,기타사이트,IN-01,8,9,147537
2026-08-26,기타,기타사이트,WR-02,3,3,28809
2026-08-26,기타,기타사이트,WR-01,4,4,50052
2026-08-26,기타,기타사이트,KN-02,8,9,304677
2026-08-26,기타,기타사이트,KN-01,3,3,57909
2026-08-26,기타,기타사이트,EL-01,2,2,28906
2026-08-26,기타,기타사이트,IN-02,4,4,46172
2026-08-26,기타,기타사이트,BK-01,6,6,174018
2026-08-27,네이버,네이버,KN-02,36,38,1246628
2026-08-27,네이버,네이버,BK-01,39,45,1264770
2026-08-27,네이버,네이버,EL-01,34,39,546234
2026-08-27,네이버,네이버,IN-01,32,33,524238
2026-08-27,네이버,네이버,IN-02,20,21,234906
2026-08-27,네이버,네이버,WR-01,16,18,218268
2026-08-27,네이버,네이버,WR-02,13,14,130284
2026-08-27,네이버,네이버,KN-01,41,45,841770
2026-08-27,쿠팡,올투게더나우,WR-02,6,6,53460
2026-08-27,쿠팡,올투게더나우,IN-01,7,7,106470
2026-08-27,쿠팡,올투게더나우,KN-02,3,3,94230
2026-08-27,쿠팡,올투게더나우,WR-01,14,17,197370
2026-08-27,쿠팡,올투게더나우,KN-01,10,12,214920
2026-08-27,쿠팡,올투게더나우,IN-02,1,1,10710
2026-08-27,쿠팡,올투게더나우,BK-01,2,3,80730
2026-08-27,쿠팡,올투게더나우,EL-01,1,1,13410
2026-08-27,쿠팡,휴책,KN-02,47,57,1790370
2026-08-27,쿠팡,휴책,KN-01,47,50,895500
2026-08-27,쿠팡,휴책,WR-02,16,20,178200
2026-08-27,쿠팡,휴책,IN-01,15,15,228150
2026-08-27,쿠팡,휴책,IN-02,14,14,149940
2026-08-27,쿠팡,휴책,BK-01,24,30,807300
2026-08-27,쿠팡,휴책,WR-01,24,30,348300
2026-08-27,쿠팡,휴책,EL-01,20,24,321840
2026-08-27,쿠팡,유큐어,WR-01,15,17,197370
2026-08-27,쿠팡,유큐어,WR-02,17,21,187110
2026-08-27,쿠팡,유큐어,IN-01,11,12,182520
2026-08-27,쿠팡,유큐어,EL-01,18,18,241380
2026-08-27,쿠팡,유큐어,KN-02,7,8,251280
2026-08-27,쿠팡,유큐어,KN-01,6,7,125370
2026-08-27,쿠팡,유큐어,IN-02,6,6,64260
2026-08-27,쿠팡,유큐어,BK-01,1,1,26910
2026-08-27,기타,기타사이트,KN-02,10,12,406236
2026-08-27,기타,기타사이트,KN-01,4,5,96515
2026-08-27,기타,기타사이트,BK-01,6,7,203021
2026-08-27,기타,기타사이트,IN-01,9,9,147537
2026-08-27,기타,기타사이트,WR-02,5,5,48015
2026-08-27,기타,기타사이트,WR-01,2,2,25026
2026-08-27,기타,기타사이트,EL-01,4,4,57812
2026-08-27,기타,기타사이트,IN-02,1,1,11543
2026-08-28,네이버,네이버,EL-01,26,30,420180
2026-08-28,네이버,네이버,KN-01,47,49,916594
2026-08-28,네이버,네이버,IN-02,18,21,234906
2026-08-28,네이버,네이버,WR-02,10,10,93060
2026-08-28,네이버,네이버,WR-01,28,30,363780
2026-08-28,네이버,네이버,BK-01,30,41,1152346
2026-08-28,네이버,네이버,IN-01,31,36,571896
2026-08-28,네이버,네이버,KN-02,21,25,820150
2026-08-28,쿠팡,올투게더나우,WR-01,4,5,58050
2026-08-28,쿠팡,올투게더나우,KN-01,7,7,125370
2026-08-28,쿠팡,올투게더나우,IN-02,2,2,21420
2026-08-28,쿠팡,올투게더나우,WR-02,7,9,80190
2026-08-28,쿠팡,올투게더나우,BK-01,2,2,53820
2026-08-28,쿠팡,올투게더나우,KN-02,4,4,125640
2026-08-28,쿠팡,올투게더나우,IN-01,5,5,76050
2026-08-28,쿠팡,올투게더나우,EL-01,2,2,26820
2026-08-28,쿠팡,휴책,KN-01,59,65,1164150
2026-08-28,쿠팡,휴책,BK-01,34,39,1049490
2026-08-28,쿠팡,휴책,KN-02,55,60,1884600
2026-08-28,쿠팡,휴책,IN-01,18,19,288990
2026-08-28,쿠팡,휴책,EL-01,21,23,308430
2026-08-28,쿠팡,휴책,IN-02,16,18,192780
2026-08-28,쿠팡,휴책,WR-02,10,11,98010
2026-08-28,쿠팡,휴책,WR-01,14,18,208980
2026-08-28,쿠팡,유큐어,WR-01,7,7,81270
2026-08-28,쿠팡,유큐어,KN-01,5,5,89550
2026-08-28,쿠팡,유큐어,KN-02,4,5,157050
2026-08-28,쿠팡,유큐어,WR-02,18,20,178200
2026-08-28,쿠팡,유큐어,IN-02,6,7,74970
2026-08-28,쿠팡,유큐어,IN-01,6,6,91260
2026-08-28,쿠팡,유큐어,EL-01,9,9,120690
2026-08-28,쿠팡,유큐어,BK-01,3,3,80730
2026-08-28,기타,기타사이트,EL-01,6,6,86718
2026-08-28,기타,기타사이트,KN-02,9,9,304677
2026-08-28,기타,기타사이트,WR-02,3,3,28809
2026-08-28,기타,기타사이트,KN-01,8,8,154424
2026-08-28,기타,기타사이트,BK-01,7,8,232024
2026-08-28,기타,기타사이트,IN-01,3,3,49179
2026-08-28,기타,기타사이트,IN-02,8,9,103887
2026-08-28,기타,기타사이트,WR-01,3,3,37539
2026-08-29,네이버,네이버,BK-01,32,36,1011816
2026-08-29,네이버,네이버,WR-01,21,23,278898
2026-08-29,네이버,네이버,KN-01,51,57,1066242
2026-08-29,네이버,네이버,EL-01,45,49,686294
2026-08-29,네이버,네이버,IN-01,34,39,619554
2026-08-29,네이버,네이버,IN-02,14,15,167790
2026-08-29,네이버,네이버,KN-02,31,33,1082598
2026-08-29,네이버,네이버,WR-02,14,16,148896
2026-08-29,쿠팡,올투게더나우,KN-01,6,8,143280
2026-08-29,쿠팡,올투게더나우,IN-02,2,3,32130
2026-08-29,쿠팡,올투게더나우,WR-02,9,10,89100
2026-08-29,쿠팡,올투게더나우,KN-02,3,3,94230
2026-08-29,쿠팡,올투게더나우,EL-01,4,4,53640
2026-08-29,쿠팡,올투게더나우,IN-01,3,3,45630
2026-08-29,쿠팡,올투게더나우,WR-01,6,7,81270
2026-08-29,쿠팡,올투게더나우,BK-01,3,4,107640
2026-08-29,쿠팡,휴책,IN-02,12,13,139230
2026-08-29,쿠팡,휴책,KN-02,48,54,1696140
2026-08-29,쿠팡,휴책,EL-01,10,11,147510
2026-08-29,쿠팡,휴책,BK-01,31,33,888030
2026-08-29,쿠팡,휴책,WR-01,13,13,150930
2026-08-29,쿠팡,휴책,WR-02,14,15,133650
2026-08-29,쿠팡,휴책,IN-01,11,11,167310
2026-08-29,쿠팡,휴책,KN-01,28,33,591030
2026-08-29,쿠팡,유큐어,WR-01,15,18,208980
2026-08-29,쿠팡,유큐어,EL-01,10,11,147510
2026-08-29,쿠팡,유큐어,IN-02,9,9,96390
2026-08-29,쿠팡,유큐어,WR-02,14,16,142560
2026-08-29,쿠팡,유큐어,IN-01,10,10,152100
2026-08-29,쿠팡,유큐어,KN-01,5,6,107460
2026-08-29,쿠팡,유큐어,BK-01,2,2,53820
2026-08-29,쿠팡,유큐어,KN-02,3,3,94230
2026-08-29,기타,기타사이트,BK-01,10,12,348036
2026-08-29,기타,기타사이트,KN-02,6,7,236971
2026-08-29,기타,기타사이트,KN-01,3,3,57909
2026-08-29,기타,기타사이트,EL-01,3,3,43359
2026-08-29,기타,기타사이트,WR-02,3,3,28809
2026-08-29,기타,기타사이트,IN-02,5,6,69258
2026-08-29,기타,기타사이트,WR-01,1,1,12513
2026-08-29,기타,기타사이트,IN-01,2,2,32786
2026-08-30,네이버,네이버,BK-01,46,52,1461512
2026-08-30,네이버,네이버,KN-01,59,60,1122360
2026-08-30,네이버,네이버,WR-01,29,33,400158
2026-08-30,네이버,네이버,KN-02,34,38,1246628
2026-08-30,네이버,네이버,EL-01,29,37,518222
2026-08-30,네이버,네이버,IN-01,25,27,428922
2026-08-30,네이버,네이버,IN-02,23,30,335580
2026-08-30,네이버,네이버,WR-02,20,23,214038
2026-08-30,쿠팡,올투게더나우,EL-01,8,11,147510
2026-08-30,쿠팡,올투게더나우,KN-02,3,3,94230
2026-08-30,쿠팡,올투게더나우,KN-01,3,3,53730
2026-08-30,쿠팡,올투게더나우,WR-02,5,7,62370
2026-08-30,쿠팡,올투게더나우,IN-02,2,2,21420
2026-08-30,쿠팡,올투게더나우,WR-01,10,12,139320
2026-08-30,쿠팡,올투게더나우,IN-01,1,1,15210
2026-08-30,쿠팡,올투게더나우,BK-01,2,2,53820
2026-08-30,쿠팡,휴책,IN-01,14,16,243360
2026-08-30,쿠팡,휴책,KN-01,35,39,698490
2026-08-30,쿠팡,휴책,EL-01,13,15,201150
2026-08-30,쿠팡,휴책,WR-02,10,12,106920
2026-08-30,쿠팡,휴책,KN-02,40,44,1382040
2026-08-30,쿠팡,휴책,BK-01,15,16,430560
2026-08-30,쿠팡,휴책,WR-01,8,8,92880
2026-08-30,쿠팡,휴책,IN-02,6,6,64260
2026-08-30,쿠팡,유큐어,IN-01,8,8,121680
2026-08-30,쿠팡,유큐어,IN-02,7,8,85680
2026-08-30,쿠팡,유큐어,EL-01,8,8,107280
2026-08-30,쿠팡,유큐어,WR-01,5,6,69660
2026-08-30,쿠팡,유큐어,BK-01,7,7,188370
2026-08-30,쿠팡,유큐어,WR-02,12,12,106920
2026-08-30,쿠팡,유큐어,KN-01,6,7,125370
2026-08-30,쿠팡,유큐어,KN-02,4,4,125640
2026-08-30,기타,기타사이트,IN-01,6,7,114751
2026-08-30,기타,기타사이트,BK-01,5,5,145015
2026-08-30,기타,기타사이트,KN-01,6,6,115818
2026-08-30,기타,기타사이트,IN-02,3,3,34629
2026-08-30,기타,기타사이트,WR-01,4,4,50052
2026-08-30,기타,기타사이트,WR-02,2,2,19206
2026-08-30,기타,기타사이트,EL-01,3,3,43359
2026-08-30,기타,기타사이트,KN-02,4,4,135412
2026-08-31,네이버,네이버,IN-01,31,34,540124
2026-08-31,네이버,네이버,BK-01,36,40,1124240
2026-08-31,네이버,네이버,KN-01,53,53,991418
2026-08-31,네이버,네이버,EL-01,22,22,308132
2026-08-31,네이버,네이버,WR-01,36,38,460788
2026-08-31,네이버,네이버,IN-02,12,12,134232
2026-08-31,네이버,네이버,KN-02,23,26,852956
2026-08-31,네이버,네이버,WR-02,19,25,232650
2026-08-31,쿠팡,올투게더나우,WR-01,9,11,127710
2026-08-31,쿠팡,올투게더나우,BK-01,4,4,107640
2026-08-31,쿠팡,올투게더나우,KN-01,11,14,250740
2026-08-31,쿠팡,올투게더나우,KN-02,5,6,188460
2026-08-31,쿠팡,올투게더나우,EL-01,2,2,26820
2026-08-31,쿠팡,올투게더나우,WR-02,10,12,106920
2026-08-31,쿠팡,올투게더나우,IN-01,5,5,76050
2026-08-31,쿠팡,올투게더나우,IN-02,4,4,42840
2026-08-31,쿠팡,휴책,KN-01,52,59,1056690
2026-08-31,쿠팡,휴책,BK-01,25,30,807300
2026-08-31,쿠팡,휴책,KN-02,49,55,1727550
2026-08-31,쿠팡,휴책,IN-02,19,23,246330
2026-08-31,쿠팡,휴책,EL-01,13,13,174330
2026-08-31,쿠팡,휴책,IN-01,17,20,304200
2026-08-31,쿠팡,휴책,WR-01,14,17,197370
2026-08-31,쿠팡,휴책,WR-02,9,10,89100
2026-08-31,쿠팡,유큐어,WR-02,19,19,169290
2026-08-31,쿠팡,유큐어,BK-01,9,10,269100
2026-08-31,쿠팡,유큐어,KN-02,6,6,188460
2026-08-31,쿠팡,유큐어,EL-01,16,17,227970
2026-08-31,쿠팡,유큐어,WR-01,21,21,243810
2026-08-31,쿠팡,유큐어,KN-01,8,9,161190
2026-08-31,쿠팡,유큐어,IN-01,11,13,197730
2026-08-31,쿠팡,유큐어,IN-02,6,6,64260
2026-08-31,기타,기타사이트,BK-01,2,3,87009
2026-08-31,기타,기타사이트,KN-01,4,4,77212
2026-08-31,기타,기타사이트,IN-01,9,13,213109
2026-08-31,기타,기타사이트,KN-02,6,8,270824
2026-08-31,기타,기타사이트,IN-02,4,4,46172
2026-08-31,기타,기타사이트,WR-01,1,1,12513
2026-08-31,기타,기타사이트,WR-02,1,1,9603
2026-08-31,기타,기타사이트,EL-01,2,2,28906
2026-09-01,네이버,네이버,EL-01,34,37,518222
2026-09-01,네이버,네이버,WR-01,40,47,569922
2026-09-01,네이버,네이버,KN-02,34,35,1148210
2026-09-01,네이버,네이버,IN-01,45,51,810186
2026-09-01,네이버,네이버,WR-02,10,10,93060
2026-09-01,네이버,네이버,BK-01,37,44,1236664
2026-09-01,네이버,네이버,IN-02,19,22,246092
2026-09-01,네이버,네이버,KN-01,49,54,1010124
2026-09-01,쿠팡,올투게더나우,WR-02,8,9,80190
2026-09-01,쿠팡,올투게더나우,KN-02,4,4,125640
2026-09-01,쿠팡,올투게더나우,BK-01,4,4,107640
2026-09-01,쿠팡,올투게더나우,IN-01,1,2,30420
2026-09-01,쿠팡,올투게더나우,WR-01,8,9,104490
2026-09-01,쿠팡,올투게더나우,KN-01,10,11,197010
2026-09-01,쿠팡,올투게더나우,IN-02,7,8,85680
2026-09-01,쿠팡,올투게더나우,EL-01,5,6,80460
2026-09-01,쿠팡,휴책,KN-02,49,52,1633320
2026-09-01,쿠팡,휴책,IN-02,22,28,299880
2026-09-01,쿠팡,휴책,KN-01,55,59,1056690
2026-09-01,쿠팡,휴책,IN-01,12,14,212940
2026-09-01,쿠팡,휴책,BK-01,26,26,699660
2026-09-01,쿠팡,휴책,WR-01,20,24,278640
2026-09-01,쿠팡,휴책,EL-01,11,12,160920
2026-09-01,쿠팡,휴책,WR-02,17,21,187110
2026-09-01,쿠팡,유큐어,WR-01,14,16,185760
2026-09-01,쿠팡,유큐어,WR-02,18,21,187110
2026-09-01,쿠팡,유큐어,KN-01,3,3,53730
2026-09-01,쿠팡,유큐어,IN-01,10,12,182520
2026-09-01,쿠팡,유큐어,IN-02,11,12,128520
2026-09-01,쿠팡,유큐어,KN-02,3,4,125640
2026-09-01,쿠팡,유큐어,EL-01,7,7,93870
2026-09-01,쿠팡,유큐어,BK-01,2,2,53820
2026-09-01,기타,기타사이트,KN-02,6,8,270824
2026-09-01,기타,기타사이트,IN-01,6,7,114751
2026-09-01,기타,기타사이트,EL-01,6,6,86718
2026-09-01,기타,기타사이트,KN-01,10,11,212333
2026-09-01,기타,기타사이트,BK-01,6,6,174018
2026-09-01,기타,기타사이트,IN-02,2,2,23086
2026-09-01,기타,기타사이트,WR-02,1,1,9603
