날짜,상품번호,수량,원가합계,원가미상수량
2026-01-01,11017176082,2,0,2
2026-01-01,4973726723,1,2700,0
2026-01-01,5003259611,1,2200,0
2026-01-01,5024717901,4,30000,0
2026-01-01,5299145323,1,0,1
2026-01-01,5355270179,1,2400,0
2026-01-01,5524199797,1,2100,0
2026-01-01,5614734297,6,34800,0
2026-01-01,5654660417,2,0,2
2026-01-01,5798987044,13,32400,1
2026-01-01,5799070116,76,263400,4
2026-01-01,5815680678,1,3700,0
2026-01-01,6362662029,17,127500,0
2026-01-01,6379382624,26,108000,1
2026-01-01,6520199353,5,0,5
2026-01-01,6520261103,10,36000,2
2026-01-01,6520307731,1,2400,0
2026-01-01,6520479823,9,33800,0
2026-01-01,6655032093,2,15600,0
2026-01-01,7090326638,1,0,1
2026-01-01,7414085924,1,3200,0
2026-01-01,8351363328,1,0,1
2026-01-01,8605463656,7,8400,0
2026-01-01,9046294613,2,0,2
2026-01-01,9529628729,4,10800,0
2026-01-01,9608224404,4,14000,0
2026-01-01,9921522776,2,16680,0
2026-01-01,9969330650,1,0,1
2026-01-02,4973726723,1,2700,0
2026-01-02,5024717901,5,37500,0
2026-01-02,5299145323,1,0,1
2026-01-02,5798987044,13,26500,3
2026-01-02,5799070116,65,223400,3
2026-01-02,5815680678,2,7400,0
2026-01-02,6362662029,26,195000,0
2026-01-02,6379382624,24,91200,0
2026-01-02,6520199353,1,0,1
2026-01-02,6520261103,6,27000,0
2026-01-02,6520479823,5,18200,0
2026-01-02,6655032093,3,23400,0
2026-01-02,7457903992,2,14800,0
2026-01-02,8124456717,1,0,1
2026-01-02,8351363328,1,0,1
2026-01-02,8605463656,7,8400,0
2026-01-02,8895292277,6,48600,0
2026-01-02,9046294613,5,0,5
2026-01-02,9529628729,3,8100,0
2026-01-02,9608224404,7,24500,0
2026-01-02,9921522776,1,8340,0
2026-01-02,9969330650,1,0,1
2026-01-03,4911599710,1,0,1
2026-01-03,5024717901,3,22500,0
2026-01-03,5299145323,3,0,3
2026-01-03,5524199797,2,4200,0
2026-01-03,5595025105,3,14400,0
2026-01-03,5614734297,4,20300,0
2026-01-03,5629504025,2,11200,0
2026-01-03,5798987044,13,31700,2
2026-01-03,5799070116,51,173100,3
2026-01-03,6362662029,12,90000,0
2026-01-03,6379382624,24,98400,0
2026-01-03,6520199353,1,0,1
2026-01-03,6520261103,5,18000,1
2026-01-03,7090326638,1,0,1
2026-01-03,7414085924,1,3200,0
2026-01-03,8605463656,5,6000,0
2026-01-03,8895292277,3,24300,0
2026-01-03,9046294613,2,5400,1
2026-01-03,9529628729,1,2700,0
2026-01-03,9921522776,2,16680,0
2026-01-04,10253686730,1,5400,0
2026-01-04,12774184689,3,13500,0
2026-01-04,4911599710,4,0,4
2026-01-04,4973726723,1,2700,0
2026-01-04,5024717901,5,37500,0
2026-01-04,5415180339,1,2000,0
2026-01-04,5524199797,4,8400,0
2026-01-04,5614734297,6,29000,0
2026-01-04,5654660417,1,0,1
2026-01-04,5798987044,13,30200,2
2026-01-04,5799070116,102,353500,2
2026-01-04,5815680678,2,7400,0
2026-01-04,6362662029,22,165000,0
2026-01-04,6379382624,24,96000,0
2026-01-04,6520199353,1,0,1
2026-01-04,6520261103,8,36000,0
2026-01-04,6520479823,2,7800,0
2026-01-04,6655032093,8,62400,0
2026-01-04,7457903992,2,14800,0
2026-01-04,7720884797,2,0,2
2026-01-04,8605463656,8,9600,0
2026-01-04,8895292277,1,8100,0
2026-01-04,9046294613,2,0,2
2026-01-04,9529628729,4,10800,0
2026-01-04,9608224404,3,10500,0
2026-01-04,9921522776,1,8340,0
2026-01-04,9969330650,2,0,2
2026-01-05,10253686730,1,5400,0
2026-01-05,12774184689,1,4500,0
2026-01-05,4973726723,3,8100,0
2026-01-05,5003259611,10,22000,0
2026-01-05,5024717901,8,60000,0
2026-01-05,5524199797,5,10500,0
2026-01-05,5595025105,2,9600,0
2026-01-05,5614734297,3,17400,0
2026-01-05,5798987044,8,20600,0
2026-01-05,5799070116,95,339500,0
2026-01-05,6362662029,25,187500,0
2026-01-05,6379382624,60,244800,5
2026-01-05,6520199353,1,0,1
2026-01-05,6520261103,12,54000,0
2026-01-05,6520479823,4,15600,0
2026-01-05,6655032093,8,62400,0
2026-01-05,7457903992,1,7400,0
2026-01-05,8124456717,1,0,1
2026-01-05,8605463656,15,18000,0
2026-01-05,9046294613,4,10800,2
2026-01-05,9529628729,2,5400,0
2026-01-05,9608224404,7,24500,0
2026-01-05,9921522776,1,8340,0
2026-01-05,9969330650,1,0,1
2026-01-06,12774184689,1,4500,0
2026-01-06,5003259611,2,4400,0
2026-01-06,5024717901,20,150000,0
2026-01-06,5299145323,1,0,1
2026-01-06,5524199797,7,14700,0
2026-01-06,5595025105,1,4800,0
2026-01-06,5614734297,2,11600,0
2026-01-06,5798987044,10,25800,1
2026-01-06,5799070116,95,340300,1
2026-01-06,6362662029,34,255000,0
2026-01-06,6379382624,64,206400,2
2026-01-06,6520199353,3,0,3
2026-01-06,6520261103,11,49500,0
2026-01-06,6520307731,2,4800,0
2026-01-06,6520479823,3,10400,0
2026-01-06,6655032093,2,15600,0
2026-01-06,7457903992,2,14800,0
2026-01-06,7720884797,2,0,2
2026-01-06,8351363328,2,0,2
2026-01-06,8605463656,20,24000,0
2026-01-06,8895292277,2,16200,0
2026-01-06,9046294613,1,0,1
2026-01-06,9529628729,2,5400,0
2026-01-06,9608224404,7,24500,0
2026-01-06,9921522776,2,16680,0
2026-01-07,4973726723,1,2700,0
2026-01-07,5003259611,3,6600,0
2026-01-07,5024717901,3,22500,0
2026-01-07,5299145323,3,0,3
2026-01-07,5524199797,2,4200,0
2026-01-07,5614734297,1,5800,0
2026-01-07,5629504025,1,5600,0
2026-01-07,5798987044,10,28000,0
2026-01-07,5799070116,111,395700,0
2026-01-07,5970351139,1,2700,0
2026-01-07,6362662029,25,187500,0
2026-01-07,6379382624,44,153600,1
2026-01-07,6520199353,3,0,3
2026-01-07,6520261103,16,72000,0
2026-01-07,6520479823,1,2600,0
2026-01-07,6655032093,4,31200,0
2026-01-07,7414085924,2,6400,0
2026-01-07,7457903992,1,7400,0
2026-01-07,7720884797,1,0,1
2026-01-07,8605463656,6,7200,0
2026-01-07,9046294613,2,0,2
2026-01-07,9529628729,2,5400,0
2026-01-07,9608224404,6,21000,0
2026-01-07,9921522776,12,100080,0
2026-01-08,10463137662,2,0,2
2026-01-08,12774184689,1,4500,0
2026-01-08,4973726723,1,2700,0
2026-01-08,5003259611,2,4400,0
2026-01-08,5024717901,8,60000,0
2026-01-08,5355270179,2,4800,0
2026-01-08,5415180339,1,2000,0
2026-01-08,5524199797,8,16800,0
2026-01-08,5595025105,3,14400,0
2026-01-08,5614734297,4,23200,0
2026-01-08,5654660417,1,0,1
2026-01-08,5798987044,10,25100,2
2026-01-08,5799070116,82,289300,3
2026-01-08,5968275643,1,8000,0
2026-01-08,6362662029,29,217500,0
2026-01-08,6379382624,57,194400,5
2026-01-08,6520199353,3,0,3
2026-01-08,6520261103,11,45000,1
2026-01-08,6520479823,6,26000,0
2026-01-08,6655032093,1,7800,0
2026-01-08,7457903992,1,7400,0
2026-01-08,7720884797,1,0,1
2026-01-08,8605463656,14,16800,0
2026-01-08,8895292277,2,16200,0
2026-01-08,9046294613,8,16200,5
2026-01-08,9529628729,5,13500,0
2026-01-08,9608224404,4,14000,0
2026-01-08,9921522776,3,25020,0
2026-01-09,5024717901,6,45000,0
2026-01-09,5524199797,6,12600,0
2026-01-09,5595025105,1,4800,0
2026-01-09,5614734297,3,14500,0
2026-01-09,5629504025,1,5600,0
2026-01-09,5654660417,1,0,1
2026-01-09,5798987044,7,14700,1
2026-01-09,5799070116,74,244700,3
2026-01-09,5968275643,1,8000,0
2026-01-09,6362662029,23,172500,0
2026-01-09,6379382624,43,175200,1
2026-01-09,6520199353,1,0,1
2026-01-09,6520261103,6,27000,0
2026-01-09,6520307731,2,4800,0
2026-01-09,6520479823,1,2600,0
2026-01-09,6655032093,5,39000,0
2026-01-09,6966151134,1,0,1
2026-01-09,7457903992,2,14800,0
2026-01-09,7720884797,1,0,1
2026-01-09,8124456717,1,0,1
2026-01-09,8605463656,8,9600,0
2026-01-09,8895292277,1,8100,0
2026-01-09,9046294613,2,0,2
2026-01-09,9529628729,2,5400,0
2026-01-09,9608224404,3,10500,0
2026-01-09,9921522776,7,58380,0
2026-01-10,10463137662,2,0,2
2026-01-10,12774184689,1,4500,0
2026-01-10,4973726723,1,2700,0
2026-01-10,5024717901,1,7500,0
2026-01-10,5524199797,4,8400,0
2026-01-10,5614734297,2,11600,0
2026-01-10,5654660417,1,0,1
2026-01-10,5798987044,10,25000,0
2026-01-10,5799070116,51,185700,0
2026-01-10,5815680678,2,7400,0
2026-01-10,6362662029,23,172500,0
2026-01-10,6379382624,25,96000,1
2026-01-10,6520199353,1,0,1
2026-01-10,6520261103,6,27000,0
2026-01-10,6520479823,3,15600,0
2026-01-10,6655032093,4,31200,0
2026-01-10,7457903992,1,7400,0
2026-01-10,8605463656,5,6000,0
2026-01-10,8895292277,1,8100,0
2026-01-10,9529628729,3,8100,0
2026-01-10,9608224404,5,17500,0
2026-01-10,9921522776,8,66720,0
2026-01-11,10253686730,1,5400,0
2026-01-11,10463137662,1,0,1
2026-01-11,12774184689,7,31500,0
2026-01-11,5003259611,1,2200,0
2026-01-11,5024717901,4,30000,0
2026-01-11,5299145323,1,0,1
2026-01-11,5355270179,1,2400,0
2026-01-11,5524199797,3,6300,0
2026-01-11,5614734297,2,11600,0
2026-01-11,5798987044,5,11000,0
2026-01-11,5799070116,88,303300,4
2026-01-11,6362662029,23,172500,0
2026-01-11,6379382624,44,165600,2
2026-01-11,6520199353,2,0,2
2026-01-11,6520261103,8,31500,1
2026-01-11,6520479823,5,20800,0
2026-01-11,7457903992,2,14800,0
2026-01-11,8124456717,1,0,1
2026-01-11,8605463656,13,15600,0
2026-01-11,8895292277,2,16200,0
2026-01-11,9046294613,1,0,1
2026-01-11,9529628729,2,5400,0
2026-01-11,9608224404,9,31500,0
2026-01-11,9921522776,3,25020,0
2026-01-12,12956712644,1,0,1
2026-01-12,4845158048,1,0,1
2026-01-12,4973726723,1,2700,0
2026-01-12,5003259611,1,2200,0
2026-01-12,5024717901,4,30000,0
2026-01-12,5299145323,1,0,1
2026-01-12,5524199797,2,4200,0
2026-01-12,5614734297,4,20300,0
2026-01-12,5629504025,1,5600,0
2026-01-12,5798987044,10,24300,1
2026-01-12,5799070116,100,333500,5
2026-01-12,5815680678,1,3700,0
2026-01-12,6362662029,51,382500,0
2026-01-12,6379382624,45,184800,1
2026-01-12,6520199353,1,0,1
2026-01-12,6520261103,9,40500,0
2026-01-12,6520307731,3,7200,0
2026-01-12,6520479823,3,10400,0
2026-01-12,6655032093,5,39000,0
2026-01-12,6966151134,2,0,2
2026-01-12,7457903992,1,7400,0
2026-01-12,8351363328,1,0,1
2026-01-12,8605463656,13,15600,0
2026-01-12,9046294613,2,5400,1
2026-01-12,9529628729,2,5400,0
2026-01-12,9608224404,8,28000,0
2026-01-12,9921522776,4,33360,0
2026-01-12,9969330650,1,0,1
2026-01-13,12956712644,1,0,1
2026-01-13,4911599710,2,0,2
2026-01-13,4973726723,2,5400,0
2026-01-13,5003259611,4,8800,0
2026-01-13,5024717901,4,30000,0
2026-01-13,5299145323,1,0,1
2026-01-13,5355270179,1,2400,0
2026-01-13,5524199797,3,6300,0
2026-01-13,5654660417,1,0,1
2026-01-13,5798987044,11,18400,4
2026-01-13,5799070116,75,263300,1
2026-01-13,6362662029,37,277500,0
2026-01-13,6379382624,59,235200,1
2026-01-13,6520199353,3,0,3
2026-01-13,6520261103,13,49500,2
2026-01-13,6520479823,7,26000,0
2026-01-13,6655032093,10,78000,0
2026-01-13,7457903992,3,22200,0
2026-01-13,8605463656,11,13200,0
2026-01-13,8895292277,1,8100,0
2026-01-13,9046294613,7,21600,3
2026-01-13,9529628729,1,2700,0
2026-01-13,9608224404,3,10500,0
2026-01-13,9921522776,13,108420,0
2026-01-13,9969330650,1,0,1
2026-01-14,10463137662,1,0,1
2026-01-14,12774184689,1,4500,0
2026-01-14,12956712644,8,0,8
2026-01-14,5024717901,6,45000,0
2026-01-14,5299145323,1,0,1
2026-01-14,5524199797,6,12600,0
2026-01-14,5567864358,1,0,1
2026-01-14,5614734297,1,5800,0
2026-01-14,5798987044,11,28700,0
2026-01-14,5799070116,83,288500,3
2026-01-14,5970351139,1,2700,0
2026-01-14,6362662029,38,285000,0
2026-01-14,6379382624,49,184800,0
2026-01-14,6520199353,2,0,2
2026-01-14,6520261103,7,31500,0
2026-01-14,6520479823,6,23400,0
2026-01-14,6655032093,4,31200,0
2026-01-14,8124456717,1,0,1
2026-01-14,8605463656,11,13200,0
2026-01-14,8895292277,1,8100,0
2026-01-14,9046294613,1,0,1
2026-01-14,9529628729,1,2700,0
2026-01-14,9608224404,3,10500,0
2026-01-14,9921522776,5,41700,0
2026-01-15,10253686730,1,2700,0
2026-01-15,12774184689,1,4500,0
2026-01-15,12956712644,10,5400,9
2026-01-15,4845158048,2,0,2
2026-01-15,4911599710,1,0,1
2026-01-15,4973726723,3,8100,0
2026-01-15,5024717901,3,22500,0
2026-01-15,5524199797,10,21000,0
2026-01-15,5614734297,3,14500,0
2026-01-15,5629504025,1,5600,0
2026-01-15,5798987044,12,26500,2
2026-01-15,5799070116,74,257400,2
2026-01-15,5815680678,1,3700,0
2026-01-15,5970351139,1,2700,0
2026-01-15,6362662029,33,247500,0
2026-01-15,6379382624,45,177600,1
2026-01-15,6520199353,3,0,3
2026-01-15,6520261103,12,54000,0
2026-01-15,6520479823,5,20800,0
2026-01-15,6655032093,3,23400,0
2026-01-15,6966151134,3,2000,2
2026-01-15,7090326638,1,0,1
2026-01-15,7457903992,1,7400,0
2026-01-15,8605463656,16,19200,0
2026-01-15,8895292277,2,16200,0
2026-01-15,9046294613,5,16200,2
2026-01-15,9529628729,3,8100,0
2026-01-15,9608224404,2,7000,0
2026-01-15,9921522776,3,25020,0
2026-01-16,12774184689,2,9000,0
2026-01-16,12956712644,8,0,8
2026-01-16,4973726723,2,5400,0
2026-01-16,5003259611,2,4400,0
2026-01-16,5024717901,3,22500,0
2026-01-16,5299145323,1,0,1
2026-01-16,5524199797,2,4200,0
2026-01-16,5614734297,1,2900,0
2026-01-16,5654660417,1,0,1
2026-01-16,5798987044,8,14700,2
2026-01-16,5799070116,68,247100,0
2026-01-16,6362662029,32,240000,0
2026-01-16,6379382624,42,141600,4
2026-01-16,6520199353,2,0,2
2026-01-16,6520261103,4,18000,0
2026-01-16,6520479823,4,18200,0
2026-01-16,6655032093,1,7800,0
2026-01-16,8605463656,14,16800,0
2026-01-16,8895292277,1,8100,0
2026-01-16,9046294613,2,5400,1
2026-01-16,9529628729,4,10800,0
2026-01-16,9608224404,3,10500,0
2026-01-16,9921522776,4,33360,0
2026-01-17,12956712644,12,0,12
2026-01-17,4973726723,2,5400,0
2026-01-17,5003259611,1,2200,0
2026-01-17,5024717901,7,52500,0
2026-01-17,5524199797,1,2100,0
2026-01-17,5595025105,1,4800,0
2026-01-17,5614734297,2,11600,0
2026-01-17,5798987044,12,28700,1
2026-01-17,5799070116,38,125700,2
2026-01-17,5815680678,1,3700,0
2026-01-17,6362662029,25,187500,0
2026-01-17,6379382624,24,86400,0
2026-01-17,6520199353,2,0,2
2026-01-17,6520261103,10,45000,0
2026-01-17,6520307731,1,2400,0
2026-01-17,6520479823,3,10400,0
2026-01-17,6655032093,1,7800,0
2026-01-17,8605463656,12,14400,0
2026-01-17,8643749105,2,0,2
2026-01-17,8895292277,1,8100,0
2026-01-17,9529628729,1,2700,0
2026-01-17,9608224404,2,7000,0
2026-01-17,9921522776,5,41700,0
2026-01-18,12956712644,16,0,16
2026-01-18,4973726723,1,2700,0
2026-01-18,5003259611,2,4400,0
2026-01-18,5024717901,2,15000,0
2026-01-18,5299145323,1,0,1
2026-01-18,5524199797,2,4200,0
2026-01-18,5614734297,2,11600,0
2026-01-18,5629504025,1,5600,0
2026-01-18,5654660417,1,0,1
2026-01-18,5798987044,6,13200,0
2026-01-18,5799070116,85,289900,3
2026-01-18,6362662029,30,225000,0
2026-01-18,6379382624,32,122400,1
2026-01-18,6520199353,1,0,1
2026-01-18,6520261103,8,31500,1
2026-01-18,6520479823,5,20800,0
2026-01-18,6966151134,1,0,1
2026-01-18,7457903992,1,7400,0
2026-01-18,8605463656,7,8400,0
2026-01-18,9046294613,2,5400,1
2026-01-18,9608224404,3,10500,0
2026-01-18,9921522776,6,50040,0
2026-01-19,12774184689,2,9000,0
2026-01-19,12956712644,16,5400,15
2026-01-19,5024717901,2,15000,0
2026-01-19,5299145323,1,0,1
2026-01-19,5355270179,1,2400,0
2026-01-19,5524199797,5,10500,0
2026-01-19,5614734297,4,17400,0
2026-01-19,5629504025,2,11200,0
2026-01-19,5798987044,12,30900,0
2026-01-19,5799070116,80,274400,3
2026-01-19,6362662029,50,375000,0
2026-01-19,6379382624,48,199200,0
2026-01-19,6520199353,1,0,1
2026-01-19,6520261103,8,36000,0
2026-01-19,6520307731,1,2400,0
2026-01-19,6520479823,7,28600,0
2026-01-19,6520546844,1,0,1
2026-01-19,6655032093,3,23400,0
2026-01-19,7090326638,1,0,1
2026-01-19,7414085924,2,6400,0
2026-01-19,7457903992,1,7400,0
2026-01-19,8351363328,1,0,1
2026-01-19,8605463656,15,18000,0
2026-01-19,8895292277,4,32400,0
2026-01-19,9046294613,2,0,2
2026-01-19,9529628729,3,8100,0
2026-01-19,9608224404,8,28000,0
2026-01-19,9921522776,4,33360,0
2026-01-20,12956712644,8,0,8
2026-01-20,4845158048,1,0,1
2026-01-20,5003259611,1,2200,0
2026-01-20,5024717901,1,7500,0
2026-01-20,5355270179,1,2400,0
2026-01-20,5524199797,2,4200,0
2026-01-20,5614734297,1,2900,0
2026-01-20,5798987044,6,14700,0
2026-01-20,5799070116,72,245600,4
2026-01-20,5815680678,1,3700,0
2026-01-20,6362662029,33,247500,0
2026-01-20,6379382624,57,208800,5
2026-01-20,6520199353,1,0,1
2026-01-20,6520261103,17,76500,0
2026-01-20,6520479823,8,36400,0
2026-01-20,6655032093,1,7800,0
2026-01-20,6966151134,1,0,1
2026-01-20,8351363328,1,0,1
2026-01-20,8605463656,15,18000,0
2026-01-20,8643749105,1,0,1
2026-01-20,9046294613,3,10800,1
2026-01-20,9529628729,1,2700,0
2026-01-20,9608224404,4,14000,0
2026-01-20,9921522776,7,58380,0
2026-01-20,9969330650,1,0,1
2026-01-21,10463137662,2,0,2
2026-01-21,12774184689,1,4500,0
2026-01-21,12956712644,13,0,13
2026-01-21,4845158048,1,0,1
2026-01-21,4973726723,1,2700,0
2026-01-21,5003259611,2,4400,0
2026-01-21,5024717901,1,7500,0
2026-01-21,5524199797,2,4200,0
2026-01-21,5614734297,5,23200,0
2026-01-21,5798987044,8,19900,1
2026-01-21,5799070116,75,261100,2
2026-01-21,6362662029,37,277500,0
2026-01-21,6379382624,51,194400,3
2026-01-21,6520199353,1,0,1
2026-01-21,6520261103,6,27000,0
2026-01-21,6520479823,4,15600,0
2026-01-21,6655032093,3,23400,0
2026-01-21,7720884797,1,0,1
2026-01-21,8605463656,8,9600,0
2026-01-21,8643749105,1,0,1
2026-01-21,8895292277,2,16200,0
2026-01-21,9046294613,3,5400,2
2026-01-21,9529628729,1,2700,0
2026-01-21,9608224404,3,10500,0
2026-01-21,9921522776,5,41700,0
2026-01-21,9969330650,3,0,3
2026-01-22,12774184689,2,9000,0
2026-01-22,12956712644,5,0,5
2026-01-22,4973726723,1,2700,0
2026-01-22,5003259611,1,2200,0
2026-01-22,5024717901,5,37500,0
2026-01-22,5299145323,1,0,1
2026-01-22,5524199797,2,4200,0
2026-01-22,5614734297,1,5800,0
2026-01-22,5798987044,13,27900,1
2026-01-22,5799070116,58,204900,1
2026-01-22,5815680678,1,3700,0
2026-01-22,6362662029,28,210000,0
2026-01-22,6379382624,46,160800,1
2026-01-22,6520199353,3,0,3
2026-01-22,6520261103,13,54000,1
2026-01-22,6520479823,4,15600,0
2026-01-22,6655032093,1,7800,0
2026-01-22,8605463656,9,10800,0
2026-01-22,8895292277,1,8100,0
2026-01-22,9046294613,3,5400,2
2026-01-22,9529628729,1,2700,0
2026-01-22,9921522776,9,75060,0
2026-01-22,9969330650,1,0,1
2026-01-23,10253686730,3,10800,0
2026-01-23,12774184689,1,4500,0
2026-01-23,12956712644,4,5400,3
2026-01-23,5024717901,2,15000,0
2026-01-23,5355270179,2,4800,0
2026-01-23,5524199797,2,4200,0
2026-01-23,5614734297,2,11600,0
2026-01-23,5629504025,1,5600,0
2026-01-23,5654660417,1,0,1
2026-01-23,5798987044,29,67600,1
2026-01-23,5799070116,44,159800,0
2026-01-23,5970351139,1,2700,0
2026-01-23,6362662029,22,165000,0
2026-01-23,6379382624,39,156000,0
2026-01-23,6520199353,1,0,1
2026-01-23,6520261103,18,81000,0
2026-01-23,6520479823,3,10400,0
2026-01-23,6655032093,3,23400,0
2026-01-23,7090326638,1,0,1
2026-01-23,8605463656,21,25200,0
2026-01-23,9046294613,2,0,2
2026-01-23,9608224404,2,7000,0
2026-01-23,9921522776,1,8340,0
2026-01-24,12774184689,1,4500,0
2026-01-24,12956712644,2,0,2
2026-01-24,4973726723,1,2700,0
2026-01-24,5003259611,2,4400,0
2026-01-24,5024717901,1,7500,0
2026-01-24,5299145323,1,0,1
2026-01-24,5355270179,2,4800,0
2026-01-24,5415180339,1,2000,0
2026-01-24,5524199797,8,16800,0
2026-01-24,5595025105,1,4800,0
2026-01-24,5614734297,2,11600,0
2026-01-24,5798987044,7,19900,0
2026-01-24,5799070116,39,127900,2
2026-01-24,5815680678,5,18500,0
2026-01-24,6362662029,21,157500,0
2026-01-24,6379382624,44,148800,8
2026-01-24,6520199353,2,0,2
2026-01-24,6520261103,7,31500,0
2026-01-24,6520479823,1,2600,0
2026-01-24,6655032093,2,15600,0
2026-01-24,7414085924,2,6400,0
2026-01-24,8605463656,10,12000,0
2026-01-24,8895292277,1,8100,0
2026-01-24,9046294613,3,0,3
2026-01-24,9608224404,5,17500,0
2026-01-24,9921522776,3,25020,0
2026-01-25,12956712644,3,0,3
2026-01-25,5024717901,1,7500,0
2026-01-25,5299145323,1,0,1
2026-01-25,5415180339,1,2000,0
2026-01-25,5524199797,2,4200,0
2026-01-25,5614734297,6,26100,1
2026-01-25,5798987044,14,31700,3
2026-01-25,5799070116,62,215900,0
2026-01-25,6362662029,34,255000,0
2026-01-25,6379382624,38,132000,4
2026-01-25,6520199353,3,0,3
2026-01-25,6520261103,4,18000,0
2026-01-25,6520479823,6,26000,0
2026-01-25,6655032093,3,23400,0
2026-01-25,7090326638,1,0,1
2026-01-25,8605463656,15,18000,0
2026-01-25,9529628729,1,2700,0
2026-01-25,9608224404,2,7000,0
2026-01-25,9921522776,10,83400,0
2026-01-26,10253686730,1,5400,0
2026-01-26,12956712644,2,0,2
2026-01-26,4911599710,1,0,1
2026-01-26,5003259611,1,2200,0
2026-01-26,5024717901,3,22500,0
2026-01-26,5524199797,3,6300,0
2026-01-26,5595025105,1,4800,0
2026-01-26,5614734297,2,11600,0
2026-01-26,5629504025,1,5600,0
2026-01-26,5654660417,1,0,1
2026-01-26,5798987044,15,33100,2
2026-01-26,5799070116,93,324700,2
2026-01-26,6362662029,33,247500,0
2026-01-26,6379382624,39,144000,1
2026-01-26,6520199353,3,0,3
2026-01-26,6520261103,8,36000,0
2026-01-26,6520479823,2,7800,0
2026-01-26,6655032093,3,23400,0
2026-01-26,7414085924,1,3200,0
2026-01-26,7720884797,1,0,1
2026-01-26,8605463656,20,24000,0
2026-01-26,9046294613,2,10800,0
2026-01-26,9529628729,1,2700,0
2026-01-26,9608224404,4,14000,0
2026-01-26,9921522776,7,58380,0
2026-01-27,12774184689,1,4500,0
2026-01-27,12956712644,3,5400,2
2026-01-27,4973726723,3,8100,0
2026-01-27,5024717901,2,15000,0
2026-01-27,5524199797,4,8400,0
2026-01-27,5595025105,1,4800,0
2026-01-27,5614734297,6,34800,0
2026-01-27,5798987044,13,31600,0
2026-01-27,5799070116,84,294300,0
2026-01-27,6362662029,49,367500,0
2026-01-27,6379382624,101,434400,3
2026-01-27,6520199353,5,0,5
2026-01-27,6520261103,6,27000,0
2026-01-27,6520479823,5,15600,0
2026-01-27,6655032093,4,31200,0
2026-01-27,7414085924,1,3200,0
2026-01-27,7720884797,1,0,1
2026-01-27,8605463656,14,16800,0
2026-01-27,9529628729,1,2700,0
2026-01-27,9608224404,2,7000,0
2026-01-27,9921522776,15,125100,0
2026-01-28,4911599710,2,0,2
2026-01-28,5024717901,5,37500,0
2026-01-28,5355270179,1,2400,0
2026-01-28,5524199797,3,6300,0
2026-01-28,5798987044,11,20600,3
2026-01-28,5799070116,54,187800,0
2026-01-28,5815680678,1,3700,0
2026-01-28,5970351139,1,2700,0
2026-01-28,6362662029,31,232500,0
2026-01-28,6379382624,85,336000,8
2026-01-28,6520199353,5,0,5
2026-01-28,6520261103,5,18000,1
2026-01-28,6520479823,5,20800,0
2026-01-28,6655032093,3,23400,0
2026-01-28,8351363328,1,0,1
2026-01-28,8605463656,17,20400,0
2026-01-28,9046294613,5,21600,1
2026-01-28,9529628729,4,10800,0
2026-01-28,9608224404,1,3500,0
2026-01-28,9921522776,7,58380,0
2026-01-28,9969330650,1,0,1
2026-01-29,12774184689,1,4500,0
2026-01-29,12956712644,6,0,6
2026-01-29,5024717901,5,37500,0
2026-01-29,5355270179,1,2400,0
2026-01-29,5524199797,6,12600,0
2026-01-29,5614734297,1,5800,0
2026-01-29,5654660417,1,0,1
2026-01-29,5798987044,15,30100,2
2026-01-29,5799070116,67,215900,5
2026-01-29,6362662029,34,255000,0
2026-01-29,6379382624,44,168000,2
2026-01-29,6520199353,3,0,3
2026-01-29,6520261103,8,36000,0
2026-01-29,6520479823,5,23400,0
2026-01-29,6655032093,3,23400,0
2026-01-29,7414085924,1,3200,0
2026-01-29,8351363328,1,0,1
2026-01-29,8605463656,19,22800,0
2026-01-29,8895292277,2,16200,0
2026-01-29,9046294613,2,5400,1
2026-01-29,9529628729,1,2700,0
2026-01-29,9921522776,5,41700,0
2026-01-30,12774184689,1,4500,0
2026-01-30,12956712644,6,10800,4
2026-01-30,5024717901,7,52500,0
2026-01-30,5299145323,1,0,1
2026-01-30,5355270179,1,2400,0
2026-01-30,5524199797,2,4200,0
2026-01-30,5595025105,1,4800,0
2026-01-30,5614734297,3,17400,0
2026-01-30,5629504025,1,5600,0
2026-01-30,5798987044,19,43400,2
2026-01-30,5799070116,48,170100,0
2026-01-30,5970351139,1,2700,0
2026-01-30,6362662029,22,165000,0
2026-01-30,6379382624,50,204000,3
2026-01-30,6520199353,2,0,2
2026-01-30,6520261103,7,31500,0
2026-01-30,6520307731,1,2400,0
2026-01-30,6520479823,6,20800,0
2026-01-30,6655032093,4,31200,0
2026-01-30,8605463656,6,7200,0
2026-01-30,8895292277,1,8100,0
2026-01-30,9046294613,1,0,1
2026-01-30,9529628729,1,2700,0
2026-01-30,9608224404,1,3500,0
2026-01-30,9921522776,4,33360,0
2026-01-31,12774184689,1,4500,0
2026-01-31,12956712644,4,16200,1
2026-01-31,4845158048,1,0,1
2026-01-31,4973726723,2,5400,0
2026-01-31,5024717901,5,37500,0
2026-01-31,5299145323,4,0,4
2026-01-31,5524199797,5,10500,0
2026-01-31,5595025105,1,4800,0
2026-01-31,5614734297,3,14500,0
2026-01-31,5798987044,7,16200,1
2026-01-31,5799070116,46,159000,1
2026-01-31,6362662029,17,127500,0
2026-01-31,6379382624,31,96000,1
2026-01-31,6520199353,2,0,2
2026-01-31,6520261103,6,27000,0
2026-01-31,6520479823,2,5200,0
2026-01-31,6655032093,6,46800,0
2026-01-31,8351363328,1,0,1
2026-01-31,8605463656,13,15600,0
2026-01-31,8895292277,1,8100,0
2026-01-31,9608224404,2,7000,0
2026-01-31,9921522776,2,16680,0
2026-02-01,12774184689,2,9000,0
2026-02-01,12956712644,4,10800,2
2026-02-01,5003259611,3,4400,1
2026-02-01,5024717901,5,37500,0
2026-02-01,5299145323,1,0,1
2026-02-01,5355270179,1,2400,0
2026-02-01,5524199797,3,6300,0
2026-02-01,5614734297,4,23200,0
2026-02-01,5629504025,1,5600,0
2026-02-01,5654660417,1,0,1
2026-02-01,5798987044,10,24300,1
2026-02-01,5799070116,82,279500,2
2026-02-01,5968275643,1,8000,0
2026-02-01,5970351139,3,8100,0
2026-02-01,6362662029,35,262500,0
2026-02-01,6379382624,49,187200,2
2026-02-01,6520199353,2,0,2
2026-02-01,6520261103,6,27000,0
2026-02-01,6520307731,1,2400,0
2026-02-01,6520479823,2,5200,0
2026-02-01,6655032093,6,46800,0
2026-02-01,7457903992,2,14800,0
2026-02-01,7720884797,1,0,1
2026-02-01,8351363328,1,0,1
2026-02-01,8605463656,15,18000,0
2026-02-01,9046294613,2,10800,0
2026-02-01,9529628729,1,2700,0
2026-02-01,9608224404,2,7000,0
2026-02-01,9921522776,10,83400,0
2026-02-02,10253686730,1,2700,0
2026-02-02,12774184689,1,4500,0
2026-02-02,12956712644,5,10800,3
2026-02-02,4973726723,1,2700,0
2026-02-02,5024717901,5,37500,0
2026-02-02,5299145323,1,0,1
2026-02-02,5524199797,3,6300,0
2026-02-02,5595025105,1,4800,0
2026-02-02,5614734297,2,11600,0
2026-02-02,5798987044,12,28700,1
2026-02-02,5799070116,65,214400,3
2026-02-02,5968275643,1,8000,0
2026-02-02,5970351139,1,2700,0
2026-02-02,6362662029,30,225000,0
2026-02-02,6379382624,45,172800,0
2026-02-02,6520199353,3,0,3
2026-02-02,6520261103,3,13500,0
2026-02-02,6520479823,4,18200,0
2026-02-02,6655032093,5,39000,0
2026-02-02,6966151134,1,2000,0
2026-02-02,7457903992,2,14800,0
2026-02-02,8605463656,11,13200,0
2026-02-02,9046294613,2,0,2
2026-02-02,9529628729,2,5400,0
2026-02-02,9921522776,5,41700,0
2026-02-03,12774184689,1,4500,0
2026-02-03,12956712644,2,0,2
2026-02-03,5003259611,4,8800,0
2026-02-03,5024717901,6,45000,0
2026-02-03,5355270179,1,2400,0
2026-02-03,5524199797,6,12600,0
2026-02-03,5595025105,1,4800,0
2026-02-03,5798987044,13,30900,1
2026-02-03,5799070116,83,276500,3
2026-02-03,6362662029,32,240000,0
2026-02-03,6379382624,45,172800,3
2026-02-03,6520199353,5,0,5
2026-02-03,6520261103,9,36000,1
2026-02-03,6520307731,1,2400,0
2026-02-03,6520479823,7,26000,0
2026-02-03,6655032093,2,15600,0
2026-02-03,7414085924,1,3200,0
2026-02-03,7457903992,1,7400,0
2026-02-03,8605463656,11,13200,0
2026-02-03,8895292277,2,16200,0
2026-02-03,9046294613,3,0,3
2026-02-03,9608224404,5,17500,0
2026-02-03,9921522776,15,125100,0
2026-02-04,12956712644,6,16200,3
2026-02-04,4911599710,1,0,1
2026-02-04,4973726723,1,2700,0
2026-02-04,5024717901,4,30000,0
2026-02-04,5299145323,1,0,1
2026-02-04,5415180339,1,2000,0
2026-02-04,5524199797,4,8400,0
2026-02-04,5614734297,3,17400,0
2026-02-04,5798987044,9,16900,2
2026-02-04,5799070116,47,170900,0
2026-02-04,5970351139,1,2700,0
2026-02-04,6362662029,37,277500,0
2026-02-04,6379382624,47,184800,3
2026-02-04,6520199353,1,0,1
2026-02-04,6520261103,5,22500,0
2026-02-04,6520479823,1,2600,0
2026-02-04,6655032093,4,31200,0
2026-02-04,6966151134,2,0,2
2026-02-04,7457903992,2,14800,0
2026-02-04,8605463656,10,12000,0
2026-02-04,9046294613,2,10800,0
2026-02-04,9529628729,2,5400,0
2026-02-04,9608224404,5,17500,0
2026-02-04,9921522776,7,58380,0
2026-02-05,12774184689,1,4500,0
2026-02-05,12956712644,5,10800,3
2026-02-05,4911599710,1,0,1
2026-02-05,4973726723,1,2700,0
2026-02-05,5024717901,5,37500,0
2026-02-05,5524199797,3,6300,0
2026-02-05,5567864358,2,0,2
2026-02-05,5595025105,1,4800,0
2026-02-05,5614734297,2,11600,0
2026-02-05,5629504025,2,11200,0
2026-02-05,5798987044,11,29500,1
2026-02-05,5799070116,54,186100,0
2026-02-05,6362662029,30,225000,0
2026-02-05,6379382624,55,213600,3
2026-02-05,6520199353,1,0,1
2026-02-05,6520261103,7,22500,2
2026-02-05,6520479823,6,18200,0
2026-02-05,6655032093,8,62400,0
2026-02-05,7720884797,1,0,1
2026-02-05,8605463656,15,18000,0
2026-02-05,9046294613,1,0,1
2026-02-05,9529628729,2,5400,0
2026-02-05,9608224404,7,24500,0
2026-02-05,9921522776,4,33360,0
2026-02-06,12774184689,2,9000,0
2026-02-06,12956712644,4,5400,3
2026-02-06,4973726723,1,2700,0
2026-02-06,5024717901,5,37500,0
2026-02-06,5355270179,1,2400,0
2026-02-06,5415180339,1,2000,0
2026-02-06,5524199797,1,2100,0
2026-02-06,5614734297,1,5800,0
2026-02-06,5798987044,10,17700,4
2026-02-06,5799070116,57,196800,3
2026-02-06,6362662029,26,195000,0
2026-02-06,6379382624,32,129600,0
2026-02-06,6520199353,3,0,3
2026-02-06,6520261103,8,36000,0
2026-02-06,6520479823,3,13000,0
2026-02-06,6655032093,3,23400,0
2026-02-06,7457903992,3,22200,0
2026-02-06,8605463656,14,16800,0
2026-02-06,8895292277,1,8100,0
2026-02-06,9046294613,1,0,1
2026-02-06,9529628729,1,2700,0
2026-02-06,9608224404,1,3500,0
2026-02-06,9921522776,10,83400,0
2026-02-07,12956712644,3,5400,2
2026-02-07,13068920874,1,500,0
2026-02-07,4911599710,2,0,2
2026-02-07,4973726723,1,2700,0
2026-02-07,5024717901,3,22500,0
2026-02-07,5299145323,1,0,1
2026-02-07,5355270179,1,2400,0
2026-02-07,5654660417,2,0,2
2026-02-07,5798987044,11,27200,0
2026-02-07,5799070116,59,193100,3
2026-02-07,6362662029,14,105000,0
2026-02-07,6379382624,26,98400,2
2026-02-07,6520261103,4,18000,0
2026-02-07,6520307731,2,4800,0
2026-02-07,6520479823,5,20800,0
2026-02-07,6655032093,3,23400,0
2026-02-07,7457903992,1,7400,0
2026-02-07,8351363328,1,0,1
2026-02-07,8605463656,7,8400,0
2026-02-07,8895292277,2,16200,0
2026-02-07,9046294613,3,5400,2
2026-02-07,9529628729,6,16200,0
2026-02-07,9921522776,3,25020,0
2026-02-08,12774184689,2,9000,0
2026-02-08,12956712644,5,21600,1
2026-02-08,4973726723,1,2700,0
2026-02-08,5003259611,3,6600,0
2026-02-08,5024717901,5,37500,0
2026-02-08,5355270179,2,4800,0
2026-02-08,5524199797,1,2100,0
2026-02-08,5614734297,3,14500,0
2026-02-08,5629504025,1,5600,0
2026-02-08,5798987044,8,20600,0
2026-02-08,5799070116,56,193700,0
2026-02-08,5815680678,1,3700,0
2026-02-08,5968275643,1,8000,0
2026-02-08,6362662029,36,270000,0
2026-02-08,6379382624,55,196800,7
2026-02-08,6520199353,2,0,2
2026-02-08,6520261103,6,27000,0
2026-02-08,6520479823,7,31200,0
2026-02-08,6655032093,2,15600,0
2026-02-08,8124456717,1,0,1
2026-02-08,8351363328,1,0,1
2026-02-08,8605463656,8,9600,0
2026-02-08,9046294613,2,5400,1
2026-02-08,9529628729,2,5400,0
2026-02-08,9921522776,2,16680,0
2026-02-09,10253686730,1,5400,0
2026-02-09,12774184689,1,4500,0
2026-02-09,12956712644,5,5400,4
2026-02-09,13068920874,2,1000,0
2026-02-09,4973726723,1,2700,0
2026-02-09,5024717901,8,60000,0
2026-02-09,5355270179,1,2400,0
2026-02-09,5524199797,3,6300,0
2026-02-09,5614734297,7,34800,1
2026-02-09,5629504025,1,5600,0
2026-02-09,5798987044,15,30100,2
2026-02-09,5799070116,79,283300,0
2026-02-09,5968275643,1,8000,0
2026-02-09,6362662029,44,330000,0
2026-02-09,6379382624,54,216000,2
2026-02-09,6520261103,12,54000,0
2026-02-09,6520479823,4,13000,0
2026-02-09,6655032093,4,31200,0
2026-02-09,7414085924,2,6400,0
2026-02-09,8351363328,1,0,1
2026-02-09,8605463656,10,12000,0
2026-02-09,8643749105,2,0,2
2026-02-09,8895292277,4,32400,0
2026-02-09,9046294613,3,0,3
2026-02-09,9529628729,4,10800,0
2026-02-09,9608224404,1,3500,0
2026-02-09,9921522776,4,33360,0
2026-02-09,9969330650,2,0,2
2026-02-10,10253686730,1,2700,0
2026-02-10,12774184689,4,18000,0
2026-02-10,12956712644,9,21600,5
2026-02-10,13068920874,1,500,0
2026-02-10,4845158048,1,0,1
2026-02-10,5003259611,1,2200,0
2026-02-10,5024717901,6,45000,0
2026-02-10,5299145323,1,0,1
2026-02-10,5415180339,1,2000,0
2026-02-10,5524199797,2,4200,0
2026-02-10,5614734297,4,23200,0
2026-02-10,5629504025,2,11200,0
2026-02-10,5798987044,13,34600,0
2026-02-10,5799070116,70,241600,1
2026-02-10,6362662029,40,300000,0
2026-02-10,6379382624,59,216000,4
2026-02-10,6520199353,2,0,2
2026-02-10,6520261103,6,22500,1
2026-02-10,6520479823,2,7800,0
2026-02-10,6655032093,4,31200,0
2026-02-10,6966151134,2,4000,0
2026-02-10,7090326638,1,0,1
2026-02-10,7414085924,1,3200,0
2026-02-10,8124456717,1,0,1
2026-02-10,8605463656,23,27600,0
2026-02-10,8895292277,1,8100,0
2026-02-10,9046294613,3,5400,2
2026-02-10,9529628729,2,5400,0
2026-02-10,9608224404,3,10500,0
2026-02-10,9921522776,6,50040,0
2026-02-11,12774184689,1,4500,0
2026-02-11,12956712644,3,10800,1
2026-02-11,13068920874,1,500,0
2026-02-11,4973726723,1,2700,0
2026-02-11,5024717901,14,105000,0
2026-02-11,5415180339,1,2000,0
2026-02-11,5524199797,3,6300,0
2026-02-11,5798987044,10,17600,2
2026-02-11,5799070116,61,216500,0
2026-02-11,5968275643,1,8000,0
2026-02-11,6362662029,53,397500,0
2026-02-11,6379382624,50,172800,3
2026-02-11,6520261103,7,31500,0
2026-02-11,6520307731,2,4800,0
2026-02-11,6520479823,8,36400,0
2026-02-11,6655032093,6,46800,0
2026-02-11,7720884797,1,0,1
2026-02-11,8351363328,1,0,1
2026-02-11,8605463656,13,15600,0
2026-02-11,9046294613,4,16200,1
2026-02-11,9529628729,1,2700,0
2026-02-11,9608224404,4,14000,0
2026-02-11,9921522776,9,75060,0
2026-02-12,12774184689,2,9000,0
2026-02-12,12956712644,5,5400,4
2026-02-12,4973726723,1,2700,0
2026-02-12,5024717901,2,15000,0
2026-02-12,5355270179,2,4800,0
2026-02-12,5524199797,4,8400,0
2026-02-12,5614734297,2,11600,0
2026-02-12,5629504025,1,5600,0
2026-02-12,5654660417,1,0,1
2026-02-12,5798987044,6,17000,1
2026-02-12,5799070116,72,254400,0
2026-02-12,5815680678,3,11100,0
2026-02-12,6362662029,34,255000,0
2026-02-12,6379382624,43,172800,1
2026-02-12,6520199353,1,0,1
2026-02-12,6520261103,5,22500,0
2026-02-12,6520479823,4,15600,0
2026-02-12,6655032093,3,23400,0
2026-02-12,7457903992,1,7400,0
2026-02-12,8605463656,7,8400,0
2026-02-12,8895292277,2,16200,0
2026-02-12,9046294613,1,0,1
2026-02-12,9608224404,1,3500,0
2026-02-12,9921522776,3,25020,0
2026-02-13,10253686730,1,5400,0
2026-02-13,12956712644,2,10800,0
2026-02-13,5003259611,1,2200,0
2026-02-13,5355270179,1,2400,0
2026-02-13,5415180339,1,2000,0
2026-02-13,5524199797,2,4200,0
2026-02-13,5614734297,1,5800,0
2026-02-13,5629504025,2,11200,0
2026-02-13,5654660417,3,0,3
2026-02-13,5798987044,4,9600,1
2026-02-13,5799070116,54,178000,3
2026-02-13,6362662029,17,127500,0
2026-02-13,6379382624,42,156000,3
2026-02-13,6520261103,5,22500,0
2026-02-13,6520479823,2,7800,0
2026-02-13,7457903992,2,14800,0
2026-02-13,7720884797,1,0,1
2026-02-13,8605463656,9,10800,0
2026-02-13,8895292277,1,8100,0
2026-02-13,9046294613,2,0,2
2026-02-13,9529628729,2,5400,0
2026-02-13,9608224404,5,17500,0
2026-02-13,9921522776,5,41700,0
2026-02-14,12956712644,1,5400,0
2026-02-14,4973726723,1,2700,0
2026-02-14,5003259611,1,2200,0
2026-02-14,5355270179,2,4800,0
2026-02-14,5524199797,1,2100,0
2026-02-14,5614734297,2,11600,0
2026-02-14,5654660417,1,0,1
2026-02-14,5798987044,4,8100,1
2026-02-14,5799070116,38,127200,2
2026-02-14,5815680678,1,3700,0
2026-02-14,6362662029,33,247500,0
2026-02-14,6379382624,17,64800,0
2026-02-14,6520261103,2,9000,0
2026-02-14,6520479823,1,2600,0
2026-02-14,6655032093,1,7800,0
2026-02-14,7720884797,1,0,1
2026-02-14,8124456717,1,0,1
2026-02-14,8605463656,8,9600,0
2026-02-14,9608224404,2,7000,0
2026-02-14,9921522776,1,8340,0
2026-02-15,12956712644,2,5400,1
2026-02-15,5003259611,2,4400,0
2026-02-15,5024717901,1,7500,0
2026-02-15,5524199797,1,2100,0
2026-02-15,5798987044,6,12500,1
2026-02-15,5799070116,37,124500,0
2026-02-15,6362662029,25,187500,0
2026-02-15,6379382624,19,60000,4
2026-02-15,6520199353,2,0,2
2026-02-15,6520261103,2,9000,0
2026-02-15,6520307731,2,4800,0
2026-02-15,6520479823,4,18200,0
2026-02-15,6655032093,4,31200,0
2026-02-15,7457903992,1,7400,0
2026-02-15,8605463656,11,13200,0
2026-02-15,9529628729,1,2700,0
2026-02-15,9608224404,1,3500,0
2026-02-15,9921522776,5,41700,0
2026-02-16,12956712644,2,5400,1
2026-02-16,13068920874,1,500,0
2026-02-16,4845158048,2,0,2
2026-02-16,4973726723,1,2700,0
2026-02-16,5024717901,1,7500,0
2026-02-16,5524199797,2,4200,0
2026-02-16,5614734297,3,17400,0
2026-02-16,5798987044,6,17700,0
2026-02-16,5799070116,42,147200,1
2026-02-16,5968275643,1,8000,0
2026-02-16,6362662029,27,202500,0
2026-02-16,6379382624,19,76800,0
2026-02-16,6520199353,1,0,1
2026-02-16,6520261103,3,13500,0
2026-02-16,6520307731,1,2400,0
2026-02-16,6520479823,2,10400,0
2026-02-16,6655032093,4,31200,0
2026-02-16,6966151134,3,0,3
2026-02-16,7457903992,1,7400,0
2026-02-16,8605463656,6,7200,0
2026-02-16,8895292277,1,8100,0
2026-02-16,9046294613,1,0,1
2026-02-16,9921522776,4,33360,0
2026-02-17,10253686730,2,10800,0
2026-02-17,13068920874,2,1000,0
2026-02-17,4973726723,1,2700,0
2026-02-17,5024717901,1,7500,0
2026-02-17,5355270179,1,2400,0
2026-02-17,5524199797,6,12600,0
2026-02-17,5614734297,2,11600,0
2026-02-17,5798987044,6,12500,1
2026-02-17,5799070116,65,230600,1
2026-02-17,5968275643,1,8000,0
2026-02-17,5970351139,1,2700,0
2026-02-17,6362662029,30,225000,0
2026-02-17,6379382624,39,136800,4
2026-02-17,6520261103,2,9000,0
2026-02-17,6520479823,3,10400,0
2026-02-17,6966151134,2,0,2
2026-02-17,7457903992,3,22200,0
2026-02-17,8605463656,3,3600,0
2026-02-17,8895292277,2,16200,0
2026-02-17,9046294613,2,5400,1
2026-02-17,9529628729,1,2700,0
2026-02-17,9608224404,3,10500,0
2026-02-17,9921522776,9,75060,0
2026-02-18,10253686730,1,5400,0
2026-02-18,12956712644,5,21600,1
2026-02-18,5024717901,4,30000,0
2026-02-18,5299145323,1,0,1
2026-02-18,5524199797,8,16800,0
2026-02-18,5595025105,1,4800,0
2026-02-18,5614734297,8,43500,0
2026-02-18,5629504025,1,5600,0
2026-02-18,5654660417,1,0,1
2026-02-18,5798987044,8,19200,2
2026-02-18,5799070116,81,290800,2
2026-02-18,5815680678,2,7400,0
2026-02-18,5968275643,1,8000,0
2026-02-18,5970351139,1,2700,0
2026-02-18,6362662029,44,330000,0
2026-02-18,6379382624,44,163200,4
2026-02-18,6520199353,1,0,1
2026-02-18,6520261103,1,4500,0
2026-02-18,6655032093,4,31200,0
2026-02-18,8605463656,17,20400,0
2026-02-18,8895292277,1,8100,0
2026-02-18,9046294613,2,5400,1
2026-02-18,9608224404,3,10500,0
2026-02-18,9921522776,7,58380,0
2026-02-18,9969330650,1,0,1
2026-02-19,10253686730,1,2700,0
2026-02-19,12956712644,4,10800,2
2026-02-19,5003259611,1,2200,0
2026-02-19,5024717901,1,7500,0
2026-02-19,5355270179,1,2400,0
2026-02-19,5524199797,3,6300,0
2026-02-19,5595025105,1,4800,0
2026-02-19,5614734297,3,14500,0
2026-02-19,5654660417,1,0,1
2026-02-19,5798987044,10,19100,2
2026-02-19,5799070116,84,281100,3
2026-02-19,5970351139,2,5400,0
2026-02-19,6362662029,45,337500,0
2026-02-19,6379382624,61,220800,1
2026-02-19,6520199353,1,0,1
2026-02-19,6520261103,13,49500,2
2026-02-19,6520479823,7,23400,0
2026-02-19,6655032093,12,93600,0
2026-02-19,6966151134,1,2000,0
2026-02-19,8605463656,17,20400,0
2026-02-19,8895292277,1,8100,0
2026-02-19,9046294613,3,5400,2
2026-02-19,9529628729,1,2700,0
2026-02-19,9608224404,2,7000,0
2026-02-19,9921522776,5,41700,0
2026-02-20,12956712644,4,5400,3
2026-02-20,13068920874,1,500,0
2026-02-20,5024717901,1,7500,0
2026-02-20,5355270179,1,2400,0
2026-02-20,5415180339,3,6000,0
2026-02-20,5524199797,1,2100,0
2026-02-20,5595025105,1,4800,0
2026-02-20,5614734297,1,5800,0
2026-02-20,5798987044,13,33900,1
2026-02-20,5799070116,83,268500,2
2026-02-20,5815680678,1,3700,0
2026-02-20,6362662029,30,225000,0
2026-02-20,6379382624,45,175200,2
2026-02-20,6520199353,1,0,1
2026-02-20,6520261103,1,4500,0
2026-02-20,6520479823,4,13000,0
2026-02-20,6655032093,5,39000,0
2026-02-20,8124456717,1,0,1
2026-02-20,8351363328,3,0,3
2026-02-20,8605463656,8,9600,0
2026-02-20,8895292277,1,8100,0
2026-02-20,9046294613,2,5400,1
2026-02-20,9529628729,1,2700,0
2026-02-20,9608224404,2,7000,0
2026-02-20,9921522776,8,66720,0
2026-02-21,10253686730,1,5400,0
2026-02-21,12774184689,1,4500,0
2026-02-21,12956712644,1,0,1
2026-02-21,4973726723,1,2700,0
2026-02-21,5003259611,3,6600,0
2026-02-21,5024717901,1,7500,0
2026-02-21,5415180339,1,2000,0
2026-02-21,5524199797,5,10500,0
2026-02-21,5567864358,1,0,1
2026-02-21,5614734297,6,34800,0
2026-02-21,5629504025,1,5600,0
2026-02-21,5654660417,1,0,1
2026-02-21,5798987044,7,18400,0
2026-02-21,5799070116,77,275900,0
2026-02-21,6362662029,23,172500,0
2026-02-21,6379382624,31,112800,2
2026-02-21,6520199353,1,0,1
2026-02-21,6520261103,1,4500,0
2026-02-21,6520307731,1,2400,0
2026-02-21,6520479823,5,18200,0
2026-02-21,6655032093,2,15600,0
2026-02-21,7414085924,1,3200,0
2026-02-21,7457903992,2,14800,0
2026-02-21,8605463656,9,10800,0
2026-02-21,8895292277,1,8100,0
2026-02-21,9046294613,3,5400,2
2026-02-21,9529628729,2,5400,0
2026-02-21,9921522776,6,50040,0
2026-02-22,12956712644,2,5400,1
2026-02-22,4973726723,1,2700,0
2026-02-22,5003259611,1,2200,0
2026-02-22,5024717901,4,30000,0
2026-02-22,5524199797,5,10500,0
2026-02-22,5614734297,8,40600,0
2026-02-22,5654660417,2,0,2
2026-02-22,5798987044,18,38300,4
2026-02-22,5799070116,100,350200,2
2026-02-22,5970351139,1,2700,0
2026-02-22,6362662029,29,217500,0
2026-02-22,6379382624,43,160800,4
2026-02-22,6520261103,10,45000,0
2026-02-22,6520479823,3,13000,0
2026-02-22,6655032093,2,15600,0
2026-02-22,7090326638,1,0,1
2026-02-22,7457903992,1,7400,0
2026-02-22,8351363328,1,0,1
2026-02-22,8605463656,26,31200,0
2026-02-22,8895292277,2,16200,0
2026-02-22,9608224404,2,7000,0
2026-02-22,9921522776,3,25020,0
2026-02-22,9969330650,2,0,2
2026-02-23,12774184689,1,4500,0
2026-02-23,12956712644,2,5400,1
2026-02-23,4911599710,1,0,1
2026-02-23,4973726723,1,2700,0
2026-02-23,5024717901,7,52500,0
2026-02-23,5415180339,1,2000,0
2026-02-23,5524199797,3,6300,0
2026-02-23,5567864358,1,0,1
2026-02-23,5614734297,5,23200,0
2026-02-23,5654660417,1,0,1
2026-02-23,5798987044,11,31700,0
2026-02-23,5799070116,106,355100,5
2026-02-23,5968275643,1,8000,0
2026-02-23,6362662029,57,427500,0
2026-02-23,6379382624,37,129600,3
2026-02-23,6520199353,4,0,4
2026-02-23,6520261103,4,18000,0
2026-02-23,6520479823,8,31200,0
2026-02-23,6655032093,5,39000,0
2026-02-23,6966151134,1,0,1
2026-02-23,8351363328,2,0,2
2026-02-23,8605463656,16,19200,0
2026-02-23,8895292277,2,16200,0
2026-02-23,9046294613,2,10800,0
2026-02-23,9529628729,1,2700,0
2026-02-23,9608224404,8,28000,0
2026-02-23,9921522776,4,33360,0
2026-02-23,9969330650,1,0,1
2026-02-24,12774184689,1,4500,0
2026-02-24,12956712644,2,0,2
2026-02-24,4845158048,1,0,1
2026-02-24,4973726723,1,2700,0
2026-02-24,5024717901,6,45000,0
2026-02-24,5355270179,2,4800,0
2026-02-24,5415180339,1,2000,0
2026-02-24,5524199797,1,2100,0
2026-02-24,5614734297,4,17400,1
2026-02-24,5629504025,2,11200,0
2026-02-24,5654660417,1,0,1
2026-02-24,5798987044,8,18400,1
2026-02-24,5799070116,89,315100,1
2026-02-24,5815680678,3,11100,0
2026-02-24,6362662029,41,307500,0
2026-02-24,6379382624,38,158400,1
2026-02-24,6520199353,1,0,1
2026-02-24,6520261103,7,31500,0
2026-02-24,6520479823,1,2600,0
2026-02-24,6655032093,6,46800,0
2026-02-24,8605463656,10,12000,0
2026-02-24,8643749105,1,0,1
2026-02-24,8895292277,1,8100,0
2026-02-24,9046294613,1,0,1
2026-02-24,9529628729,1,2700,0
2026-02-24,9608224404,4,14000,0
2026-02-24,9921522776,8,66720,0
2026-02-25,12956712644,3,5400,2
2026-02-25,5024717901,3,22500,0
2026-02-25,5299145323,1,0,1
2026-02-25,5524199797,4,8400,0
2026-02-25,5595025105,1,4800,0
2026-02-25,5614734297,4,20300,0
2026-02-25,5654660417,1,0,1
2026-02-25,5798987044,13,30200,2
2026-02-25,5799070116,82,288500,2
2026-02-25,6362662029,36,270000,0
2026-02-25,6379382624,40,160800,1
2026-02-25,6520261103,6,27000,0
2026-02-25,6520479823,2,5200,0
2026-02-25,6655032093,4,31200,0
2026-02-25,8124456717,1,0,1
2026-02-25,8605463656,13,15600,0
2026-02-25,8895292277,1,8100,0
2026-02-25,9046294613,1,0,1
2026-02-25,9529628729,3,8100,0
2026-02-25,9608224404,2,7000,0
2026-02-25,9921522776,14,116760,0
2026-02-26,12774184689,1,4500,0
2026-02-26,12956712644,9,27000,4
2026-02-26,4911599710,1,0,1
2026-02-26,5024717901,6,45000,0
2026-02-26,5299145323,1,0,1
2026-02-26,5355270179,1,2400,0
2026-02-26,5415180339,1,2000,0
2026-02-26,5524199797,5,10500,0
2026-02-26,5595025105,1,4800,0
2026-02-26,5614734297,3,14500,0
2026-02-26,5654660417,2,0,2
2026-02-26,5798987044,7,14700,1
2026-02-26,5799070116,78,265800,2
2026-02-26,5815680678,1,3700,0
2026-02-26,6362662029,22,165000,0
2026-02-26,6379382624,30,103200,1
2026-02-26,6520199353,1,0,1
2026-02-26,6520261103,6,22500,1
2026-02-26,6520307731,1,2400,0
2026-02-26,6520479823,4,13000,0
2026-02-26,6655032093,1,7800,0
2026-02-26,7090326638,1,0,1
2026-02-26,7414085924,1,3200,0
2026-02-26,7457903992,1,7400,0
2026-02-26,7720884797,2,0,2
2026-02-26,8124456717,1,0,1
2026-02-26,8605463656,17,20400,0
2026-02-26,8895292277,5,40500,0
2026-02-26,9046294613,2,10800,0
2026-02-26,9921522776,10,83400,0
2026-02-26,9969330650,1,0,1
2026-02-27,12956712644,1,5400,0
2026-02-27,5003259611,2,4400,0
2026-02-27,5024717901,1,7500,0
2026-02-27,5524199797,2,4200,0
2026-02-27,5614734297,5,26100,0
2026-02-27,5798987044,4,9600,1
2026-02-27,5799070116,67,224200,3
2026-02-27,5970351139,1,2700,0
2026-02-27,6362662029,27,202500,0
2026-02-27,6379382624,47,180000,0
2026-02-27,6520199353,1,0,1
2026-02-27,6520261103,6,22500,1
2026-02-27,6520479823,33,88400,0
2026-02-27,6655032093,3,23400,0
2026-02-27,8351363328,1,0,1
2026-02-27,8605463656,19,22800,0
2026-02-27,8895292277,5,40500,0
2026-02-27,9046294613,2,5400,1
2026-02-27,9529628729,3,8100,0
2026-02-27,9608224404,2,7000,0
2026-02-27,9921522776,2,16680,0
2026-02-28,12774184689,4,18000,0
2026-02-28,12956712644,5,16200,2
2026-02-28,4845158048,1,0,1
2026-02-28,4973726723,1,2700,0
2026-02-28,5024717901,2,15000,0
2026-02-28,5355270179,1,2400,0
2026-02-28,5524199797,4,8400,0
2026-02-28,5614734297,4,23200,0
2026-02-28,5798987044,7,18400,0
2026-02-28,5799070116,81,259900,4
2026-02-28,6362662029,28,210000,0
2026-02-28,6379382624,30,105600,2
2026-02-28,6520261103,4,18000,0
2026-02-28,6520307731,1,2400,0
2026-02-28,6655032093,4,31200,0
2026-02-28,6966151134,1,0,1
2026-02-28,8605463656,10,12000,0
2026-02-28,9046294613,3,0,3
2026-02-28,9529628729,1,2700,0
2026-02-28,9608224404,2,7000,0
2026-02-28,9921522776,6,50040,0
2026-03-01,12956712644,1,0,1
2026-03-01,4845158048,2,0,2
2026-03-01,4973726723,1,2700,0
2026-03-01,5003259611,2,4400,0
2026-03-01,5355270179,2,4800,0
2026-03-01,5524199797,5,10500,0
2026-03-01,5614734297,2,11600,0
2026-03-01,5629504025,3,16800,0
2026-03-01,5798987044,8,11000,3
2026-03-01,5799070116,118,376000,5
2026-03-01,6362662029,26,195000,0
2026-03-01,6379382624,31,117600,1
2026-03-01,6520199353,2,0,2
2026-03-01,6520261103,4,18000,0
2026-03-01,6520479823,1,2600,0
2026-03-01,6655032093,4,31200,0
2026-03-01,7414085924,1,3200,0
2026-03-01,7457903992,1,7400,0
2026-03-01,8124456717,1,0,1
2026-03-01,8605463656,15,18000,0
2026-03-01,8895292277,2,16200,0
2026-03-01,9046294613,3,10800,1
2026-03-01,9529628729,1,2700,0
2026-03-01,9608224404,2,7000,0
2026-03-01,9921522776,7,58380,0
2026-03-02,12956712644,5,27000,0
2026-03-02,5003259611,6,13200,0
2026-03-02,5024717901,3,22500,0
2026-03-02,5355270179,2,4800,0
2026-03-02,5524199797,8,16800,0
2026-03-02,5614734297,5,23200,0
2026-03-02,5629504025,3,16800,0
2026-03-02,5654660417,1,0,1
2026-03-02,5798987044,11,16200,5
2026-03-02,5799070116,77,255100,4
2026-03-02,5970351139,1,2700,0
2026-03-02,6362662029,26,195000,0
2026-03-02,6379382624,37,144000,1
2026-03-02,6520199353,5,0,5
2026-03-02,6520261103,8,36000,0
2026-03-02,6520479823,2,7800,0
2026-03-02,6655032093,1,7800,0
2026-03-02,7457903992,3,22200,0
2026-03-02,8124456717,1,0,1
2026-03-02,8351363328,1,0,1
2026-03-02,8605463656,13,15600,0
2026-03-02,8895292277,1,8100,0
2026-03-02,9046294613,6,16200,3
2026-03-02,9529628729,6,16200,0
2026-03-02,9608224404,3,10500,0
2026-03-02,9921522776,5,41700,0
2026-03-03,12956712644,2,10800,0
2026-03-03,4845158048,1,0,1
2026-03-03,5024717901,7,52500,0
2026-03-03,5355270179,3,7200,0
2026-03-03,5524199797,3,6300,0
2026-03-03,5629504025,1,5600,0
2026-03-03,5654660417,1,0,1
2026-03-03,5798987044,16,29400,4
2026-03-03,5799070116,118,418500,2
2026-03-03,5815680678,1,3700,0
2026-03-03,5968275643,1,8000,0
2026-03-03,6362662029,40,300000,0
2026-03-03,6379382624,43,163200,1
2026-03-03,6520199353,1,0,1
2026-03-03,6520261103,10,45000,0
2026-03-03,6520479823,1,5200,0
2026-03-03,6655032093,2,15600,0
2026-03-03,7457903992,2,14800,0
2026-03-03,8124456717,1,0,1
2026-03-03,8605463656,32,38400,0
2026-03-03,8643749105,1,0,1
2026-03-03,8895292277,2,16200,0
2026-03-03,9046294613,5,5400,4
2026-03-03,9529628729,1,2700,0
2026-03-03,9608224404,4,14000,0
2026-03-03,9921522776,7,58380,0
2026-03-04,12956712644,3,10800,1
2026-03-04,13068920874,1,500,0
2026-03-04,4911599710,1,0,1
2026-03-04,5003259611,5,11000,0
2026-03-04,5024717901,3,22500,0
2026-03-04,5355270179,2,4800,0
2026-03-04,5524199797,8,16800,0
2026-03-04,5595025105,1,4800,0
2026-03-04,5614734297,2,8700,0
2026-03-04,5654660417,1,0,1
2026-03-04,5798987044,14,40600,1
2026-03-04,5799070116,105,362900,2
2026-03-04,6362662029,34,255000,0
2026-03-04,6379382624,55,201600,6
2026-03-04,6520199353,2,0,2
2026-03-04,6520261103,5,22500,0
2026-03-04,6520307731,1,2400,0
2026-03-04,6520479823,1,2600,0
2026-03-04,6655032093,5,39000,0
2026-03-04,7457903992,1,7400,0
2026-03-04,8124456717,1,0,1
2026-03-04,8605463656,12,14400,0
2026-03-04,8895292277,5,40500,0
2026-03-04,9046294613,2,0,2
2026-03-04,9608224404,1,3500,0
2026-03-04,9921522776,3,25020,0
2026-03-05,12956712644,9,27000,4
2026-03-05,13068920874,2,1000,0
2026-03-05,4911599710,1,0,1
2026-03-05,4973726723,1,2700,0
2026-03-05,5024717901,4,30000,0
2026-03-05,5355270179,1,2400,0
2026-03-05,5524199797,3,6300,0
2026-03-05,5614734297,5,20300,1
2026-03-05,5629504025,1,5600,0
2026-03-05,5654660417,1,0,1
2026-03-05,5798987044,11,30200,0
2026-03-05,5799070116,127,452000,2
2026-03-05,5815680678,2,7400,0
2026-03-05,6362662029,37,277500,0
2026-03-05,6379382624,61,235200,1
2026-03-05,6520199353,2,0,2
2026-03-05,6520261103,5,22500,0
2026-03-05,6520479823,2,7800,0
2026-03-05,6655032093,7,54600,0
2026-03-05,6966151134,2,0,2
2026-03-05,7414085924,2,6400,0
2026-03-05,7457903992,1,7400,0
2026-03-05,8351363328,1,0,1
2026-03-05,8605463656,21,25200,0
2026-03-05,8643749105,1,0,1
2026-03-05,8895292277,3,24300,0
2026-03-05,9046294613,2,5400,1
2026-03-05,9608224404,1,3500,0
2026-03-05,9921522776,7,58380,0
2026-03-06,10253686730,1,5400,0
2026-03-06,12956712644,6,10800,4
2026-03-06,13068920874,1,500,0
2026-03-06,5024717901,4,30000,0
2026-03-06,5355270179,2,4800,0
2026-03-06,5415180339,3,6000,0
2026-03-06,5524199797,9,18900,0
2026-03-06,5614734297,5,26100,0
2026-03-06,5629504025,1,5600,0
2026-03-06,5654660417,3,0,3
2026-03-06,5798987044,11,27300,2
2026-03-06,5799070116,99,355400,0
2026-03-06,5815680678,2,7400,0
2026-03-06,5968275643,1,8000,0
2026-03-06,6362662029,30,225000,0
2026-03-06,6379382624,54,196800,4
2026-03-06,6520199353,1,0,1
2026-03-06,6520261103,6,27000,0
2026-03-06,6520479823,3,10400,0
2026-03-06,6655032093,1,7800,0
2026-03-06,7457903992,1,7400,0
2026-03-06,8124456717,1,0,1
2026-03-06,8351363328,1,0,1
2026-03-06,8605463656,27,32400,0
2026-03-06,8895292277,3,24300,0
2026-03-06,9046294613,2,10800,0
2026-03-06,9608224404,2,7000,0
2026-03-06,9921522776,5,41700,0
2026-03-07,12774184689,1,4500,0
2026-03-07,12956712644,7,21600,3
2026-03-07,13068920874,3,1500,0
2026-03-07,5024717901,3,22500,0
2026-03-07,5355270179,2,4800,0
2026-03-07,5524199797,3,6300,0
2026-03-07,5614734297,2,11600,0
2026-03-07,5629504025,2,11200,0
2026-03-07,5798987044,5,13300,1
2026-03-07,5799070116,108,345500,7
2026-03-07,6362662029,27,202500,0
2026-03-07,6379382624,38,168000,1
2026-03-07,6520199353,1,0,1
2026-03-07,6520261103,1,4500,0
2026-03-07,6520307731,2,4800,0
2026-03-07,6520479823,2,5200,0
2026-03-07,6655032093,4,31200,0
2026-03-07,7720884797,2,0,2
2026-03-07,8605463656,15,18000,0
2026-03-07,8895292277,3,24300,0
2026-03-07,9046294613,2,10800,0
2026-03-07,9529628729,1,2700,0
2026-03-07,9608224404,1,3500,0
2026-03-07,9921522776,6,50040,0
2026-03-08,10253686730,1,5400,0
2026-03-08,11017176082,1,0,1
2026-03-08,12956712644,6,16200,3
2026-03-08,4911599710,2,0,2
2026-03-08,5024717901,4,30000,0
2026-03-08,5299145323,1,0,1
2026-03-08,5355270179,2,4800,0
2026-03-08,5524199797,5,10500,0
2026-03-08,5595025105,2,9600,0
2026-03-08,5614734297,8,37700,1
2026-03-08,5629504025,5,28000,0
2026-03-08,5654660417,2,0,2
2026-03-08,5798987044,7,21400,0
2026-03-08,5799070116,129,442400,1
2026-03-08,5815680678,1,3700,0
2026-03-08,5970351139,1,2700,0
2026-03-08,6362662029,26,195000,0
2026-03-08,6379382624,35,132000,1
2026-03-08,6520261103,10,40500,1
2026-03-08,6520479823,3,13000,0
2026-03-08,6655032093,3,23400,0
2026-03-08,8605463656,11,13200,0
2026-03-08,9046294613,4,0,4
2026-03-08,9921522776,6,50040,0
2026-03-09,10253686730,3,13500,0
2026-03-09,12956712644,4,5400,3
2026-03-09,13068920874,1,500,0
2026-03-09,4911599710,1,0,1
2026-03-09,5003259611,4,8800,0
2026-03-09,5024717901,15,112500,0
2026-03-09,5299145323,1,0,1
2026-03-09,5355270179,4,9600,0
2026-03-09,5524199797,6,12600,0
2026-03-09,5595025105,1,4800,0
2026-03-09,5614734297,4,23200,0
2026-03-09,5629504025,1,5600,0
2026-03-09,5654660417,1,0,1
2026-03-09,5798987044,14,29400,2
2026-03-09,5799070116,133,439800,5
2026-03-09,5815680678,1,3700,0
2026-03-09,5970351139,1,2700,0
2026-03-09,6362662029,42,315000,0
2026-03-09,6379382624,54,199200,3
2026-03-09,6520261103,6,27000,0
2026-03-09,6520307731,1,2400,0
2026-03-09,6520479823,4,18200,0
2026-03-09,6655032093,2,15600,0
2026-03-09,7414085924,2,6400,0
2026-03-09,8124456717,1,0,1
2026-03-09,8605463656,11,13200,0
2026-03-09,8895292277,1,8100,0
2026-03-09,9046294613,1,0,1
2026-03-09,9529628729,1,2700,0
2026-03-09,9608224404,1,3500,0
2026-03-09,9921522776,10,83400,0
2026-03-10,12774184689,2,9000,0
2026-03-10,12956712644,6,21600,2
2026-03-10,4845158048,1,0,1
2026-03-10,4973726723,4,10800,0
2026-03-10,5024717901,12,90000,0
2026-03-10,5299145323,1,0,1
2026-03-10,5355270179,3,7200,0
2026-03-10,5415180339,1,2000,0
2026-03-10,5524199797,4,8400,0
2026-03-10,5614734297,5,29000,0
2026-03-10,5654660417,3,0,3
2026-03-10,5798987044,13,32400,1
2026-03-10,5799070116,172,548100,5
2026-03-10,6362662029,35,262500,0
2026-03-10,6379382624,75,292800,3
2026-03-10,6520199353,2,0,2
2026-03-10,6520261103,7,31500,0
2026-03-10,6520307731,2,4800,0
2026-03-10,6520479823,2,5200,0
2026-03-10,6655032093,2,15600,0
2026-03-10,7414085924,1,3200,0
2026-03-10,7457903992,2,14800,0
2026-03-10,8124456717,1,0,1
2026-03-10,8605463656,18,21600,0
2026-03-10,8895292277,2,16200,0
2026-03-10,9046294613,3,0,3
2026-03-10,9608224404,5,17500,0
2026-03-10,9921522776,7,58380,0
2026-03-11,10253686730,1,5400,0
2026-03-11,12956712644,4,16200,1
2026-03-11,4973726723,2,5400,0
2026-03-11,5003259611,4,8800,0
2026-03-11,5024717901,2,15000,0
2026-03-11,5299145323,1,0,1
2026-03-11,5355270179,1,2400,0
2026-03-11,5524199797,7,14700,0
2026-03-11,5567864358,2,0,2
2026-03-11,5614734297,8,46400,0
2026-03-11,5798987044,16,34600,3
2026-03-11,5799070116,116,403200,5
2026-03-11,5970351139,2,5400,0
2026-03-11,6362662029,36,270000,0
2026-03-11,6379382624,61,232800,5
2026-03-11,6520199353,2,0,2
2026-03-11,6520261103,4,31500,0
2026-03-11,6520307731,1,2400,0
2026-03-11,6520479823,5,13000,0
2026-03-11,6655032093,4,31200,0
2026-03-11,6966151134,2,0,2
2026-03-11,8605463656,14,16800,0
2026-03-11,8895292277,5,40500,0
2026-03-11,9608224404,1,3500,0
2026-03-11,9921522776,10,83400,0
2026-03-12,10253686730,1,5400,0
2026-03-12,12774184689,2,9000,0
2026-03-12,12956712644,3,0,3
2026-03-12,13068920874,2,1000,0
2026-03-12,4973726723,1,2700,0
2026-03-12,5024717901,6,45000,0
2026-03-12,5355270179,7,16800,0
2026-03-12,5415180339,1,2000,0
2026-03-12,5524199797,8,16800,0
2026-03-12,5567864358,1,0,1
2026-03-12,5595025105,1,4800,0
2026-03-12,5614734297,3,17400,0
2026-03-12,5654660417,1,0,1
2026-03-12,5798987044,20,47000,0
2026-03-12,5799070116,161,532800,4
2026-03-12,5968275643,1,8000,0
2026-03-12,6362662029,35,262500,0
2026-03-12,6379382624,67,273600,4
2026-03-12,6520261103,6,27000,1
2026-03-12,6520479823,1,2600,0
2026-03-12,6520546844,1,0,1
2026-03-12,6655032093,6,46800,0
2026-03-12,6966151134,1,0,1
2026-03-12,8605463656,20,24000,0
2026-03-12,8895292277,8,64800,0
2026-03-12,9046294613,2,0,2
2026-03-12,9608224404,2,7000,0
2026-03-12,9921522776,6,50040,0
2026-03-13,10253686730,2,10800,0
2026-03-13,12774184689,1,4500,0
2026-03-13,12956712644,4,21600,0
2026-03-13,13068920874,2,1000,0
2026-03-13,4845158048,2,0,2
2026-03-13,4911599710,1,0,1
2026-03-13,5003259611,2,4400,0
2026-03-13,5024717901,9,67500,0
2026-03-13,5299145323,3,0,3
2026-03-13,5415180339,1,2000,0
2026-03-13,5524199797,3,6300,0
2026-03-13,5614734297,3,17400,0
2026-03-13,5654660417,2,0,2
2026-03-13,5798987044,15,39800,1
2026-03-13,5799070116,108,375400,1
2026-03-13,6362662029,33,247500,0
2026-03-13,6379382624,46,168000,5
2026-03-13,6520199353,2,0,2
2026-03-13,6520261103,10,45000,1
2026-03-13,6520479823,4,13000,0
2026-03-13,6655032093,1,7800,0
2026-03-13,7414085924,2,6400,0
2026-03-13,8605463656,17,20400,0
2026-03-13,8895292277,6,48600,0
2026-03-13,9046294613,3,0,3
2026-03-13,9529628729,1,2700,0
2026-03-13,9921522776,1,8340,0
2026-03-14,10253686730,1,2700,0
2026-03-14,12956712644,4,10800,2
2026-03-14,13068920874,1,500,0
2026-03-14,4973726723,1,2700,0
2026-03-14,5024717901,4,30000,0
2026-03-14,5299145323,2,0,2
2026-03-14,5355270179,1,2400,0
2026-03-14,5524199797,10,21000,0
2026-03-14,5595025105,1,4800,0
2026-03-14,5614734297,9,43500,1
2026-03-14,5654660417,1,0,1
2026-03-14,5798987044,11,18400,4
2026-03-14,5799070116,98,337300,1
2026-03-14,6362662029,19,142500,0
2026-03-14,6379382624,39,132000,4
2026-03-14,6520261103,2,13500,0
2026-03-14,6520307731,1,2400,0
2026-03-14,6520479823,2,7800,0
2026-03-14,6655032093,4,31200,0
2026-03-14,7457903992,1,7400,0
2026-03-14,8605463656,9,10800,0
2026-03-14,8895292277,3,24300,0
2026-03-14,9046294613,1,0,1
2026-03-14,9608224404,2,7000,0
2026-03-14,9921522776,5,41700,0
2026-03-15,12774184689,1,4500,0
2026-03-15,12956712644,3,5400,2
2026-03-15,13068920874,3,1500,0
2026-03-15,4973726723,2,5400,0
2026-03-15,5003259611,4,8800,0
2026-03-15,5024717901,6,45000,0
2026-03-15,5299145323,1,0,1
2026-03-15,5355270179,1,2400,0
2026-03-15,5524199797,2,4200,0
2026-03-15,5595025105,2,9600,0
2026-03-15,5614734297,6,29000,1
2026-03-15,5629504025,1,5600,0
2026-03-15,5654660417,1,0,1
2026-03-15,5798987044,10,21300,1
2026-03-15,5799070116,152,507500,3
2026-03-15,5815680678,2,7400,0
2026-03-15,6362662029,28,210000,0
2026-03-15,6379382624,57,206400,2
2026-03-15,6520199353,1,0,1
2026-03-15,6520261103,3,13500,0
2026-03-15,6520307731,4,9600,0
2026-03-15,6520479823,1,5200,0
2026-03-15,6655032093,6,46800,0
2026-03-15,7090326638,1,0,1
2026-03-15,7414085924,1,3200,0
2026-03-15,8124456717,1,0,1
2026-03-15,8605463656,13,15600,0
2026-03-15,8895292277,5,40500,0
2026-03-15,9046294613,1,5400,0
2026-03-15,9529628729,1,2700,0
2026-03-15,9608224404,2,7000,0
2026-03-15,9921522776,8,66720,0
2026-03-16,12956712644,6,5400,5
2026-03-16,4845158048,1,0,1
2026-03-16,4973726723,1,2700,0
2026-03-16,5003259611,2,4400,0
2026-03-16,5024717901,4,30000,0
2026-03-16,5355270179,1,2400,0
2026-03-16,5524199797,5,10500,0
2026-03-16,5614734297,6,26100,1
2026-03-16,5629504025,1,5600,0
2026-03-16,5654660417,3,0,3
2026-03-16,5798987044,37,80800,3
2026-03-16,5799070116,104,341900,2
2026-03-16,6362662029,41,307500,0
2026-03-16,6379382624,110,355200,1
2026-03-16,6520199353,2,0,2
2026-03-16,6520261103,3,13500,0
2026-03-16,6520479823,2,7800,0
2026-03-16,6655032093,7,54600,0
2026-03-16,7414085924,1,3200,0
2026-03-16,7457903992,1,7400,0
2026-03-16,8605463656,14,16800,0
2026-03-16,8895292277,10,81000,0
2026-03-16,9046294613,5,10800,3
2026-03-16,9608224404,2,7000,0
2026-03-16,9921522776,8,66720,0
2026-03-17,10253686730,1,5400,0
2026-03-17,12774184689,1,4500,0
2026-03-17,12956712644,6,10800,4
2026-03-17,4973726723,3,8100,0
2026-03-17,5003259611,6,13200,0
2026-03-17,5024717901,7,52500,0
2026-03-17,5355270179,2,4800,0
2026-03-17,5524199797,5,10500,0
2026-03-17,5614734297,5,26100,0
2026-03-17,5629504025,2,11200,0
2026-03-17,5654660417,3,0,3
2026-03-17,5798987044,9,20600,1
2026-03-17,5799070116,133,418400,4
2026-03-17,6362662029,29,217500,0
2026-03-17,6379382624,64,247200,1
2026-03-17,6520199353,1,0,1
2026-03-17,6520261103,7,31500,0
2026-03-17,6520307731,2,4800,0
2026-03-17,6520479823,2,7800,0
2026-03-17,6655032093,5,39000,0
2026-03-17,8605463656,12,14400,0
2026-03-17,8895292277,4,32400,0
2026-03-17,9046294613,2,5400,1
2026-03-17,9529628729,1,2700,0
2026-03-17,9608224404,4,14000,0
2026-03-17,9921522776,5,41700,0
2026-03-18,10253686730,1,2700,0
2026-03-18,12956712644,4,16200,1
2026-03-18,13068920874,2,1000,0
2026-03-18,4845158048,1,0,1
2026-03-18,5003259611,2,4400,0
2026-03-18,5024717901,8,60000,0
2026-03-18,5299145323,2,0,2
2026-03-18,5355270179,3,7200,0
2026-03-18,5524199797,4,8400,0
2026-03-18,5614734297,6,29000,0
2026-03-18,5654660417,2,0,2
2026-03-18,5798987044,23,59700,2
2026-03-18,5799070116,132,445600,4
2026-03-18,5970351139,1,2700,0
2026-03-18,6362662029,32,240000,0
2026-03-18,6379382624,70,261600,2
2026-03-18,6520261103,13,45000,3
2026-03-18,6520307731,2,4800,0
2026-03-18,6520479823,3,13000,0
2026-03-18,6655032093,4,31200,0
2026-03-18,6966151134,3,0,3
2026-03-18,8124456717,1,0,1
2026-03-18,8351363328,1,0,1
2026-03-18,8605463656,12,14400,0
2026-03-18,8895292277,5,40500,0
2026-03-18,9046294613,3,0,3
2026-03-18,9529628729,1,2700,0
2026-03-18,9608224404,2,7000,0
2026-03-18,9921522776,4,33360,0
2026-03-19,10253686730,1,2700,0
2026-03-19,12774184689,1,4500,0
2026-03-19,12956712644,2,5400,1
2026-03-19,13068920874,1,500,0
2026-03-19,4845158048,1,0,1
2026-03-19,4973726723,1,2700,0
2026-03-19,5024717901,2,15000,0
2026-03-19,5355270179,5,12000,0
2026-03-19,5415180339,2,4000,0
2026-03-19,5524199797,9,18900,0
2026-03-19,5595025105,1,4800,0
2026-03-19,5614734297,5,29000,0
2026-03-19,5798987044,14,28000,4
2026-03-19,5799070116,122,411900,2
2026-03-19,6362662029,28,210000,0
2026-03-19,6379382624,50,204000,2
2026-03-19,6520199353,1,0,1
2026-03-19,6520261103,1,4500,0
2026-03-19,6520479823,3,13000,0
2026-03-19,6655032093,3,23400,0
2026-03-19,8351363328,1,0,1
2026-03-19,8605463656,11,13200,0
2026-03-19,8895292277,1,8100,0
2026-03-19,9046294613,3,0,3
2026-03-19,9529628729,1,2700,0
2026-03-19,9921522776,4,33360,0
2026-03-20,12956712644,1,0,1
2026-03-20,4845158048,2,0,2
2026-03-20,4973726723,2,5400,0
2026-03-20,5003259611,1,2200,0
2026-03-20,5024717901,4,30000,0
2026-03-20,5355270179,1,2400,0
2026-03-20,5415180339,1,2000,0
2026-03-20,5524199797,5,10500,0
2026-03-20,5614734297,2,11600,0
2026-03-20,5654660417,1,0,1
2026-03-20,5798987044,15,35300,1
2026-03-20,5799070116,87,292800,3
2026-03-20,5970351139,1,2700,0
2026-03-20,6362662029,20,150000,0
2026-03-20,6379382624,88,316800,7
2026-03-20,6520199353,4,0,4
2026-03-20,6520261103,2,13500,0
2026-03-20,6520479823,4,18200,0
2026-03-20,6655032093,5,39000,0
2026-03-20,6966151134,3,0,3
2026-03-20,7414085924,4,12800,0
2026-03-20,7457903992,1,7400,0
2026-03-20,8605463656,12,14400,0
2026-03-20,8895292277,2,16200,0
2026-03-20,9046294613,2,5400,1
2026-03-20,9529628729,1,2700,0
2026-03-20,9608224404,1,3500,0
2026-03-20,9921522776,5,41700,0
2026-03-20,9969330650,2,0,2
2026-03-21,13068920874,2,1000,0
2026-03-21,5003259611,4,8800,0
2026-03-21,5024717901,4,30000,0
2026-03-21,5355270179,1,2400,0
2026-03-21,5415180339,1,2000,0
2026-03-21,5524199797,2,4200,0
2026-03-21,5614734297,6,31900,0
2026-03-21,5629504025,1,5600,0
2026-03-21,5654660417,4,0,4
2026-03-21,5798987044,7,20700,1
2026-03-21,5799070116,69,230000,4
2026-03-21,5970351139,1,2700,0
2026-03-21,6362662029,15,112500,0
2026-03-21,6379382624,40,153600,1
2026-03-21,6520199353,1,0,1
2026-03-21,6520307731,1,2400,0
2026-03-21,6520479823,1,2600,0
2026-03-21,6520546844,1,0,1
2026-03-21,6655032093,2,15600,0
2026-03-21,7720884797,1,0,1
2026-03-21,8605463656,6,7200,0
2026-03-21,9046294613,2,0,2
2026-03-21,9529628729,1,2700,0
2026-03-21,9608224404,2,7000,0
2026-03-21,9921522776,4,33360,0
2026-03-22,12774184689,2,9000,0
2026-03-22,12956712644,3,10800,1
2026-03-22,13068920874,1,500,0
2026-03-22,5024717901,4,30000,0
2026-03-22,5524199797,2,4200,0
2026-03-22,5614734297,5,23200,1
2026-03-22,5654660417,5,0,5
2026-03-22,5798987044,21,51600,3
2026-03-22,5799070116,94,315100,0
2026-03-22,5970351139,2,5400,0
2026-03-22,6362662029,24,180000,0
2026-03-22,6379382624,41,165600,0
2026-03-22,6520199353,2,0,2
2026-03-22,6520261103,2,9000,0
2026-03-22,6520479823,3,15600,0
2026-03-22,6655032093,4,31200,0
2026-03-22,7414085924,1,3200,0
2026-03-22,7457903992,1,7400,0
2026-03-22,8351363328,1,0,1
2026-03-22,8605463656,12,14400,0
2026-03-22,8895292277,3,24300,0
2026-03-22,9046294613,1,0,1
2026-03-22,9529628729,1,2700,0
2026-03-22,9921522776,3,25020,0
2026-03-23,12774184689,1,4500,0
2026-03-23,12956712644,3,5400,2
2026-03-23,13068920874,2,1000,0
2026-03-23,4973726723,1,2700,0
2026-03-23,5024717901,4,30000,0
2026-03-23,5299145323,1,0,1
2026-03-23,5355270179,4,9600,0
2026-03-23,5415180339,2,4000,0
2026-03-23,5524199797,3,6300,0
2026-03-23,5614734297,2,11600,0
2026-03-23,5629504025,3,16800,0
2026-03-23,5798987044,12,25000,2
2026-03-23,5799070116,112,376500,4
2026-03-23,6362662029,27,202500,0
2026-03-23,6379382624,61,223200,1
2026-03-23,6520199353,3,0,3
2026-03-23,6520261103,4,18000,0
2026-03-23,6520479823,5,18200,0
2026-03-23,6655032093,5,39000,0
2026-03-23,6966151134,1,0,1
2026-03-23,7414085924,1,3200,0
2026-03-23,7457903992,1,7400,0
2026-03-23,8124456717,1,0,1
2026-03-23,8605463656,13,15600,0
2026-03-23,8643749105,1,0,1
2026-03-23,8895292277,2,16200,0
2026-03-23,9046294613,1,0,1
2026-03-23,9529628729,1,2700,0
2026-03-23,9608224404,1,3500,0
2026-03-23,9921522776,9,75060,0
2026-03-24,11017176082,1,0,1
2026-03-24,12956712644,4,10800,2
2026-03-24,13068920874,2,1000,0
2026-03-24,4911599710,1,0,1
2026-03-24,4973726723,2,5400,0
2026-03-24,5003259611,1,2200,0
2026-03-24,5024717901,5,37500,0
2026-03-24,5355270179,8,19200,0
2026-03-24,5524199797,9,18900,0
2026-03-24,5614734297,4,20300,0
2026-03-24,5629504025,1,5600,0
2026-03-24,5798987044,16,34600,3
2026-03-24,5799070116,155,521000,2
2026-03-24,5815680678,5,18500,0
2026-03-24,6362662029,38,285000,0
2026-03-24,6379382624,62,242400,4
2026-03-24,6520199353,4,0,4
2026-03-24,6520261103,5,22500,0
2026-03-24,6520479823,4,13000,0
2026-03-24,6655032093,3,23400,0
2026-03-24,6966151134,1,0,1
2026-03-24,7414085924,1,3200,0
2026-03-24,7720884797,2,0,2
2026-03-24,8605463656,17,20400,0
2026-03-24,8895292277,4,32400,0
2026-03-24,9046294613,1,0,1
2026-03-24,9529628729,2,5400,0
2026-03-24,9608224404,2,7000,0
2026-03-24,9921522776,4,33360,0
2026-03-25,12956712644,8,5400,7
2026-03-25,13068920874,4,2000,0
2026-03-25,4911599710,1,0,1
2026-03-25,4973726723,1,2700,0
2026-03-25,5003259611,8,17600,0
2026-03-25,5024717901,10,75000,0
2026-03-25,5355270179,3,7200,0
2026-03-25,5415180339,1,2000,0
2026-03-25,5524199797,7,14700,0
2026-03-25,5595025105,1,4800,0
2026-03-25,5614734297,7,40600,0
2026-03-25,5629504025,1,5600,0
2026-03-25,5798987044,12,27900,0
2026-03-25,5799070116,124,425400,0
2026-03-25,5968275643,2,16000,0
2026-03-25,6362662029,38,285000,0
2026-03-25,6379382624,51,189600,0
2026-03-25,6520261103,6,27000,0
2026-03-25,6520307731,1,2400,0
2026-03-25,6520479823,3,13000,0
2026-03-25,6655032093,4,31200,0
2026-03-25,6966151134,3,0,3
2026-03-25,7090326638,1,0,1
2026-03-25,7457903992,1,7400,0
2026-03-25,7720884797,1,0,1
2026-03-25,8605463656,16,19200,0
2026-03-25,8895292277,8,64800,0
2026-03-25,9046294613,1,0,1
2026-03-25,9529628729,4,10800,0
2026-03-25,9608224404,4,14000,0
2026-03-25,9921522776,3,25020,0
2026-03-26,12956712644,5,5400,4
2026-03-26,13068920874,2,1000,0
2026-03-26,5024717901,5,37500,0
2026-03-26,5355270179,4,9600,0
2026-03-26,5524199797,7,14700,0
2026-03-26,5614734297,4,23200,0
2026-03-26,5654660417,1,0,1
2026-03-26,5798987044,11,25800,2
2026-03-26,5799070116,122,431000,1
2026-03-26,6362662029,29,217500,0
2026-03-26,6379382624,69,266400,0
2026-03-26,6520199353,1,0,1
2026-03-26,6520261103,7,31500,0
2026-03-26,6520479823,4,18200,0
2026-03-26,6655032093,3,23400,0
2026-03-26,6966151134,1,0,1
2026-03-26,7457903992,1,7400,0
2026-03-26,8124456717,1,0,1
2026-03-26,8605463656,23,27600,0
2026-03-26,8895292277,2,16200,0
2026-03-26,9046294613,2,0,2
2026-03-26,9529628729,2,5400,0
2026-03-26,9608224404,2,7000,0
2026-03-26,9921522776,8,66720,0
2026-03-27,12956712644,2,10800,0
2026-03-27,5003259611,2,4400,0
2026-03-27,5024717901,1,7500,0
2026-03-27,5355270179,3,7200,0
2026-03-27,5415180339,1,2000,0
2026-03-27,5524199797,8,16800,0
2026-03-27,5614734297,3,11600,0
2026-03-27,5654660417,1,0,1
2026-03-27,5798987044,14,33100,1
2026-03-27,5799070116,102,348000,1
2026-03-27,6362662029,23,172500,0
2026-03-27,6379382624,42,146400,1
2026-03-27,6520199353,1,0,1
2026-03-27,6520261103,9,40500,0
2026-03-27,6520479823,5,15600,0
2026-03-27,6655032093,3,23400,0
2026-03-27,6966151134,2,0,2
2026-03-27,7090326638,1,0,1
2026-03-27,7414085924,3,9600,0
2026-03-27,8124456717,2,0,2
2026-03-27,8605463656,11,13200,0
2026-03-27,8895292277,3,24300,0
2026-03-27,9046294613,1,0,1
2026-03-27,9529628729,2,5400,0
2026-03-27,9608224404,2,7000,0
2026-03-27,9921522776,31,258540,0
2026-03-28,12956712644,2,0,2
2026-03-28,4973726723,2,5400,0
2026-03-28,5003259611,1,2200,0
2026-03-28,5024717901,9,67500,0
2026-03-28,5299145323,1,0,1
2026-03-28,5355270179,1,2400,0
2026-03-28,5415180339,1,2000,0
2026-03-28,5524199797,6,12600,0
2026-03-28,5567864358,1,0,1
2026-03-28,5614734297,1,5800,0
2026-03-28,5629504025,2,11200,0
2026-03-28,5654660417,1,0,1
2026-03-28,5798987044,10,22800,1
2026-03-28,5799070116,72,256700,1
2026-03-28,5815680678,1,3700,0
2026-03-28,5970351139,1,2700,0
2026-03-28,6362662029,13,97500,0
2026-03-28,6379382624,48,158400,2
2026-03-28,6520261103,3,13500,0
2026-03-28,6520479823,1,5200,0
2026-03-28,6655032093,1,7800,0
2026-03-28,6966151134,2,0,2
2026-03-28,7414085924,1,3200,0
2026-03-28,7457903992,1,7400,0
2026-03-28,8124456717,1,0,1
2026-03-28,8605463656,12,14400,0
2026-03-28,8895292277,2,16200,0
2026-03-28,9046294613,4,10800,2
2026-03-28,9529628729,1,2700,0
2026-03-28,9608224404,2,7000,0
2026-03-28,9921522776,5,41700,0
2026-03-29,12774184689,2,9000,0
2026-03-29,12956712644,4,5400,3
2026-03-29,13068920874,5,2500,0
2026-03-29,5003259611,3,6600,0
2026-03-29,5024717901,5,37500,0
2026-03-29,5355270179,2,4800,0
2026-03-29,5524199797,9,18900,0
2026-03-29,5567864358,1,0,1
2026-03-29,5595025105,1,4800,0
2026-03-29,5614734297,11,60900,0
2026-03-29,5629504025,3,16800,0
2026-03-29,5654660417,4,0,4
2026-03-29,5798987044,7,16200,1
2026-03-29,5799070116,205,666700,8
2026-03-29,5968275643,1,8000,0
2026-03-29,6362662029,24,180000,0
2026-03-29,6379382624,52,172800,4
2026-03-29,6520199353,1,0,1
2026-03-29,6520261103,3,13500,0
2026-03-29,6520307731,1,2400,0
2026-03-29,6520479823,2,7800,0
2026-03-29,6520546844,1,0,1
2026-03-29,6655032093,3,23400,0
2026-03-29,6966151134,1,2000,0
2026-03-29,7090326638,1,0,1
2026-03-29,7457903992,2,14800,0
2026-03-29,8605463656,11,13200,0
2026-03-29,8895292277,1,8100,0
2026-03-29,9046294613,2,5400,1
2026-03-29,9529628729,1,2700,0
2026-03-29,9608224404,1,3500,0
2026-03-29,9921522776,3,25020,0
2026-03-29,9969330650,1,0,1
2026-03-30,12956712644,2,5400,1
2026-03-30,13068920874,3,1500,0
2026-03-30,5024717901,8,60000,0
2026-03-30,5355270179,2,4800,0
2026-03-30,5524199797,5,10500,0
2026-03-30,5614734297,9,49300,0
2026-03-30,5629504025,1,5600,0
2026-03-30,5654660417,1,0,1
2026-03-30,5798987044,15,33800,1
2026-03-30,5799070116,145,480300,6
2026-03-30,5815680678,1,3700,0
2026-03-30,6362662029,36,270000,0
2026-03-30,6379382624,49,172800,2
2026-03-30,6520261103,8,36000,0
2026-03-30,6520479823,6,20800,0
2026-03-30,6655032093,4,31200,0
2026-03-30,7090326638,1,0,1
2026-03-30,8605463656,15,18000,0
2026-03-30,8895292277,2,16200,0
2026-03-30,9046294613,1,0,1
2026-03-30,9529628729,1,2700,0
2026-03-30,9608224404,2,7000,0
2026-03-30,9921522776,3,25020,0
2026-03-31,12956712644,10,27000,5
2026-03-31,13068920874,3,1500,0
2026-03-31,5003259611,2,4400,0
2026-03-31,5024717901,2,15000,0
2026-03-31,5355270179,2,4800,0
2026-03-31,5524199797,4,8400,0
2026-03-31,5567864358,2,0,2
2026-03-31,5595025105,1,4800,0
2026-03-31,5614734297,6,31900,0
2026-03-31,5629504025,1,5600,0
2026-03-31,5654660417,1,0,1
2026-03-31,5798987044,13,29400,1
2026-03-31,5799070116,103,348500,1
2026-03-31,5970351139,1,2700,0
2026-03-31,6362662029,29,217500,0
2026-03-31,6379382624,56,196800,0
2026-03-31,6520199353,3,0,3
2026-03-31,6520261103,2,9000,0
2026-03-31,6655032093,1,7800,0
2026-03-31,6966151134,2,0,2
2026-03-31,7457903992,2,14800,0
2026-03-31,8605463656,11,13200,0
2026-03-31,8895292277,5,40500,0
2026-03-31,9046294613,1,5400,0
2026-03-31,9608224404,2,7000,0
2026-03-31,9921522776,3,25020,0
2026-04-01,10253686730,1,5400,0
2026-04-01,12774184689,1,4500,0
2026-04-01,12956712644,7,10800,5
2026-04-01,13068920874,3,1500,0
2026-04-01,4973726723,1,2700,0
2026-04-01,5024717901,8,60000,0
2026-04-01,5355270179,1,2400,0
2026-04-01,5524199797,6,12600,0
2026-04-01,5567864358,1,0,1
2026-04-01,5595025105,6,28800,0
2026-04-01,5614734297,4,20300,0
2026-04-01,5798987044,13,25000,3
2026-04-01,5799070116,153,517900,4
2026-04-01,5815680678,1,3700,0
2026-04-01,6362662029,39,292500,0
2026-04-01,6379382624,80,247200,6
2026-04-01,6520261103,9,40500,0
2026-04-01,6520307731,4,9600,0
2026-04-01,6520479823,3,10400,0
2026-04-01,6655032093,3,23400,0
2026-04-01,6966151134,8,6000,5
2026-04-01,7414085924,1,3200,0
2026-04-01,7457903992,1,7400,0
2026-04-01,7720884797,1,0,1
2026-04-01,8605463656,20,24000,0
2026-04-01,8895292277,5,40500,0
2026-04-01,9046294613,6,10800,4
2026-04-01,9608224404,6,21000,0
2026-04-01,9921522776,4,33360,0
2026-04-01,9969330650,1,0,1
2026-04-02,12774184689,2,9000,0
2026-04-02,12956712644,6,10800,4
2026-04-02,13068920874,2,1000,0
2026-04-02,4845158048,1,0,1
2026-04-02,5003259611,2,4400,0
2026-04-02,5024717901,3,22500,0
2026-04-02,5355270179,4,9600,0
2026-04-02,5524199797,7,14700,0
2026-04-02,5595025105,4,19200,0
2026-04-02,5614734297,8,43500,0
2026-04-02,5629504025,3,16800,0
2026-04-02,5654660417,2,0,2
2026-04-02,5798987044,15,42000,0
2026-04-02,5799070116,112,368800,4
2026-04-02,6362662029,36,270000,0
2026-04-02,6379382624,77,273600,8
2026-04-02,6520199353,2,0,2
2026-04-02,6520261103,6,27000,0
2026-04-02,6520307731,3,7200,0
2026-04-02,6520479823,2,7800,0
2026-04-02,6655032093,3,23400,0
2026-04-02,7414085924,1,3200,0
2026-04-02,7720884797,1,0,1
2026-04-02,8124456717,1,0,1
2026-04-02,8351363328,1,0,1
2026-04-02,8605463656,19,22800,0
2026-04-02,8895292277,8,64800,0
2026-04-02,9046294613,3,5400,2
2026-04-02,9529628729,1,2700,0
2026-04-02,9608224404,1,3500,0
2026-04-02,9921522776,4,33360,0
2026-04-03,12956712644,5,5400,4
2026-04-03,13068920874,3,1500,0
2026-04-03,4973726723,1,2700,0
2026-04-03,5003259611,2,4400,0
2026-04-03,5024717901,2,15000,0
2026-04-03,5355270179,2,4800,0
2026-04-03,5524199797,5,10500,0
2026-04-03,5614734297,6,34800,0
2026-04-03,5629504025,1,5600,0
2026-04-03,5654660417,1,0,1
2026-04-03,5798987044,4,13300,0
2026-04-03,5799070116,96,323300,4
2026-04-03,5970351139,18,48600,0
2026-04-03,6362662029,13,97500,0
2026-04-03,6379382624,59,230400,1
2026-04-03,6520199353,2,0,2
2026-04-03,6520261103,6,31500,0
2026-04-03,6520307731,1,2400,0
2026-04-03,6520479823,2,7800,0
2026-04-03,6655032093,3,23400,0
2026-04-03,7090326638,1,0,1
2026-04-03,7414085924,1,3200,0
2026-04-03,8605463656,27,32400,0
2026-04-03,8895292277,2,16200,0
2026-04-03,9046294613,2,0,2
2026-04-03,9608224404,1,3500,0
2026-04-03,9921522776,3,25020,0
2026-04-04,13068920874,2,1000,0
2026-04-04,5003259611,1,2200,0
2026-04-04,5024717901,4,30000,0
2026-04-04,5355270179,1,2400,0
2026-04-04,5524199797,6,12600,0
2026-04-04,5614734297,3,17400,0
2026-04-04,5654660417,3,0,3
2026-04-04,5798987044,9,20600,1
2026-04-04,5799070116,74,242100,4
2026-04-04,6362662029,20,150000,0
2026-04-04,6379382624,42,132000,6
2026-04-04,6520261103,1,4500,0
2026-04-04,6520479823,6,23400,0
2026-04-04,6655032093,2,15600,0
2026-04-04,7720884797,2,0,2
2026-04-04,8605463656,8,9600,0
2026-04-04,8895292277,2,16200,0
2026-04-04,9529628729,1,2700,0
2026-04-04,9608224404,4,14000,0
2026-04-04,9921522776,2,16680,0
2026-04-05,10253686730,3,16200,0
2026-04-05,12774184689,1,4500,0
2026-04-05,12956712644,3,16200,0
2026-04-05,13068920874,2,1000,0
2026-04-05,5024717901,5,37500,0
2026-04-05,5355270179,2,4800,0
2026-04-05,5524199797,6,12600,0
2026-04-05,5567864358,1,0,1
2026-04-05,5614734297,1,5800,0
2026-04-05,5629504025,2,11200,0
2026-04-05,5654660417,3,0,3
2026-04-05,5798987044,4,6600,1
2026-04-05,5799070116,111,343200,9
2026-04-05,5815680678,1,3700,0
2026-04-05,5968275643,1,8000,0
2026-04-05,5970351139,1,2700,0
2026-04-05,6362662029,23,172500,0
2026-04-05,6379382624,63,249600,0
2026-04-05,6520199353,1,0,1
2026-04-05,6520261103,7,40500,0
2026-04-05,6520479823,2,10400,0
2026-04-05,6655032093,2,15600,0
2026-04-05,6966151134,2,0,2
2026-04-05,7090326638,1,0,1
2026-04-05,7720884797,2,0,2
2026-04-05,8124456717,1,0,1
2026-04-05,8605463656,6,7200,0
2026-04-05,8643749105,1,0,1
2026-04-05,8895292277,3,24300,0
2026-04-05,9046294613,2,5400,1
2026-04-05,9608224404,3,10500,0
2026-04-05,9921522776,9,75060,0
2026-04-06,12956712644,5,16200,2
2026-04-06,13357149715,3,22000,1
2026-04-06,4845158048,4,0,4
2026-04-06,4973726723,2,5400,0
2026-04-06,5003259611,7,13200,1
2026-04-06,5024717901,6,45000,0
2026-04-06,5355270179,1,2400,0
2026-04-06,5524199797,10,21000,0
2026-04-06,5595025105,1,4800,0
2026-04-06,5614734297,7,34800,0
2026-04-06,5629504025,3,16800,0
2026-04-06,5654660417,2,0,2
2026-04-06,5798987044,25,57300,1
2026-04-06,5799070116,137,465600,3
2026-04-06,5815680678,3,11100,0
2026-04-06,6362662029,25,187500,0
2026-04-06,6379382624,57,206400,3
2026-04-06,6520261103,7,36000,0
2026-04-06,6520307731,1,2400,0
2026-04-06,6520479823,1,2600,0
2026-04-06,6655032093,1,7800,0
2026-04-06,7090326638,1,0,1
2026-04-06,7457903992,2,14800,0
2026-04-06,7720884797,1,0,1
2026-04-06,8351363328,1,0,1
2026-04-06,8605463656,12,14400,0
2026-04-06,8895292277,3,24300,0
2026-04-06,9046294613,4,21600,0
2026-04-06,9608224404,1,3500,0
2026-04-06,9921522776,8,66720,0
2026-04-06,9969330650,1,0,1
2026-04-07,10253686730,1,2700,0
2026-04-07,12956712644,6,16200,3
2026-04-07,13068920874,1,500,0
2026-04-07,13357149715,8,57000,3
2026-04-07,4911599710,2,0,2
2026-04-07,5003259611,2,4400,0
2026-04-07,5024717901,8,60000,0
2026-04-07,5299145323,1,0,1
2026-04-07,5355270179,1,2400,0
2026-04-07,5524199797,12,25200,0
2026-04-07,5614734297,4,20300,0
2026-04-07,5629504025,3,16800,0
2026-04-07,5654660417,1,0,1
2026-04-07,5798987044,15,32300,1
2026-04-07,5799070116,148,468200,6
2026-04-07,5815680678,1,3700,0
2026-04-07,5968275643,2,16000,0
2026-04-07,6362662029,29,217500,0
2026-04-07,6379382624,66,235200,1
2026-04-07,6520199353,1,0,1
2026-04-07,6520261103,9,45000,0
2026-04-07,6520307731,2,4800,0
2026-04-07,6520479823,5,18200,0
2026-04-07,6655032093,4,31200,0
2026-04-07,7414085924,1,3200,0
2026-04-07,7457903992,1,7400,0
2026-04-07,8605463656,4,4800,0
2026-04-07,8895292277,3,24300,0
2026-04-07,9046294613,3,5400,2
2026-04-07,9529628729,2,5400,0
2026-04-07,9608224404,2,7000,0
2026-04-07,9921522776,6,50040,0
2026-04-08,12956712644,5,10800,3
2026-04-08,13068920874,3,1500,0
2026-04-08,13357149715,3,34000,0
2026-04-08,4845158048,1,0,1
2026-04-08,4973726723,2,5400,0
2026-04-08,5003259611,3,6600,0
2026-04-08,5024717901,2,15000,0
2026-04-08,5299145323,2,0,2
2026-04-08,5355270179,4,9600,0
2026-04-08,5415180339,1,2000,0
2026-04-08,5524199797,8,16800,0
2026-04-08,5567864358,1,0,1
2026-04-08,5614734297,7,40600,0
2026-04-08,5654660417,2,0,2
2026-04-08,5798987044,15,29400,3
2026-04-08,5799070116,147,481500,5
2026-04-08,5815680678,1,3700,0
2026-04-08,5970351139,8,21600,0
2026-04-08,6362662029,24,180000,0
2026-04-08,6379382624,70,240000,2
2026-04-08,6520199353,3,0,3
2026-04-08,6520261103,11,40500,2
2026-04-08,6520479823,4,18200,0
2026-04-08,6655032093,2,15600,0
2026-04-08,8605463656,16,19200,0
2026-04-08,8895292277,4,32400,0
2026-04-08,9046294613,2,0,2
2026-04-08,9529628729,1,2700,0
2026-04-08,9608224404,2,7000,0
2026-04-08,9921522776,8,66720,0
2026-04-09,10253686730,1,5400,0
2026-04-09,11017176082,1,0,1
2026-04-09,12774184689,1,4500,0
2026-04-09,13068920874,4,2000,0
2026-04-09,13357149715,6,55000,1
2026-04-09,5003259611,3,6600,0
2026-04-09,5024717901,12,90000,0
2026-04-09,5355270179,1,2400,0
2026-04-09,5524199797,7,14700,0
2026-04-09,5614734297,2,8700,0
2026-04-09,5629504025,2,11200,0
2026-04-09,5798987044,8,23600,0
2026-04-09,5799070116,149,462400,5
2026-04-09,5970351139,1,2700,0
2026-04-09,6362662029,29,217500,0
2026-04-09,6379382624,68,228000,3
2026-04-09,6520261103,6,27000,0
2026-04-09,6520307731,1,2400,0
2026-04-09,6520479823,3,10400,0
2026-04-09,6655032093,1,7800,0
2026-04-09,6966151134,2,0,2
2026-04-09,7457903992,1,7400,0
2026-04-09,7720884797,1,0,1
2026-04-09,8605463656,21,25200,0
2026-04-09,8895292277,2,16200,0
2026-04-09,9046294613,2,0,2
2026-04-09,9529628729,1,2700,0
2026-04-09,9608224404,5,17500,0
2026-04-09,9921522776,4,33360,0
2026-04-10,12774184689,1,4500,0
2026-04-10,12956712644,1,5400,0
2026-04-10,13357149715,4,23000,2
2026-04-10,5003259611,2,4400,0
2026-04-10,5024717901,1,7500,0
2026-04-10,5415180339,1,2000,0
2026-04-10,5524199797,7,14700,0
2026-04-10,5595025105,11,52800,0
2026-04-10,5614734297,2,11600,0
2026-04-10,5654660417,2,0,2
2026-04-10,5798987044,9,19100,1
2026-04-10,5799070116,92,295700,0
2026-04-10,5815680678,3,11100,0
2026-04-10,5968275643,1,8000,0
2026-04-10,6362662029,21,157500,0
2026-04-10,6379382624,49,153600,6
2026-04-10,6520199353,1,0,1
2026-04-10,6520261103,4,18000,0
2026-04-10,6520307731,1,2400,0
2026-04-10,6520479823,3,7800,0
2026-04-10,6966151134,1,0,1
2026-04-10,7457903992,1,7400,0
2026-04-10,8605463656,11,13200,0
2026-04-10,8895292277,2,16200,0
2026-04-10,9046294613,1,0,1
2026-04-10,9608224404,3,10500,0
2026-04-10,9921522776,3,25020,0
2026-04-11,12956712644,1,0,1
2026-04-11,13068920874,1,500,0
2026-04-11,13357149715,1,12000,0
2026-04-11,5003259611,1,2200,0
2026-04-11,5024717901,2,15000,0
2026-04-11,5355270179,3,7200,0
2026-04-11,5524199797,4,8400,0
2026-04-11,5567864358,1,0,1
2026-04-11,5614734297,3,14500,0
2026-04-11,5629504025,1,5600,0
2026-04-11,5654660417,2,0,2
2026-04-11,5798987044,15,34600,2
2026-04-11,5799070116,83,274600,3
2026-04-11,6362662029,25,187500,0
2026-04-11,6379382624,37,134400,0
2026-04-11,6520199353,3,0,3
2026-04-11,6520261103,7,27000,2
2026-04-11,6655032093,5,39000,0
2026-04-11,8124456717,1,0,1
2026-04-11,8605463656,9,10800,0
2026-04-11,8643749105,1,0,1
2026-04-11,9046294613,1,5400,0
2026-04-11,9608224404,1,3500,0
2026-04-11,9921522776,3,25020,0
2026-04-12,11017176082,1,0,1
2026-04-12,13357149715,12,134000,0
2026-04-12,4845158048,1,0,1
2026-04-12,4911599710,3,0,3
2026-04-12,4973726723,1,2700,0
2026-04-12,5003259611,1,2200,0
2026-04-12,5024717901,5,37500,0
2026-04-12,5355270179,1,2400,0
2026-04-12,5415180339,1,2000,0
2026-04-12,5524199797,10,21000,0
2026-04-12,5567864358,1,0,1
2026-04-12,5595025105,2,9600,0
2026-04-12,5614734297,3,17400,0
2026-04-12,5629504025,1,5600,0
2026-04-12,5654660417,2,0,2
2026-04-12,5798987044,8,19100,0
2026-04-12,5799070116,129,418000,7
2026-04-12,5815680678,1,3700,0
2026-04-12,5970351139,3,8100,0
2026-04-12,6362662029,22,165000,0
2026-04-12,6379382624,40,144000,0
2026-04-12,6520199353,1,0,1
2026-04-12,6520261103,2,9000,0
2026-04-12,6520307731,2,4800,0
2026-04-12,6520479823,6,20800,0
2026-04-12,6655032093,1,7800,0
2026-04-12,8351363328,1,0,1
2026-04-12,8605463656,7,8400,0
2026-04-12,8895292277,5,40500,0
2026-04-12,9046294613,3,0,3
2026-04-12,9529628729,1,2700,0
2026-04-12,9608224404,6,21000,0
2026-04-12,9921522776,1,8340,0
2026-04-13,10253686730,2,5400,0
2026-04-13,12956712644,5,16200,2
2026-04-13,13357149715,10,46000,6
2026-04-13,5024717901,1,7500,0
2026-04-13,5299145323,1,0,1
2026-04-13,5355270179,2,4800,0
2026-04-13,5524199797,10,21000,0
2026-04-13,5595025105,1,4800,0
2026-04-13,5614734297,4,20300,0
2026-04-13,5629504025,3,16800,0
2026-04-13,5654660417,2,0,2
2026-04-13,5798987044,13,36100,0
2026-04-13,5799070116,151,470300,3
2026-04-13,5970351139,1,2700,0
2026-04-13,6362662029,34,255000,0
2026-04-13,6379382624,57,199200,6
2026-04-13,6520261103,11,45000,1
2026-04-13,6520307731,1,2400,0
2026-04-13,6520479823,2,7800,0
2026-04-13,6655032093,4,31200,0
2026-04-13,6966151134,2,0,2
2026-04-13,7414085924,1,3200,0
2026-04-13,7720884797,1,0,1
2026-04-13,8351363328,1,0,1
2026-04-13,8605463656,20,24000,0
2026-04-13,8895292277,8,64800,0
2026-04-13,9046294613,1,0,1
2026-04-13,9529628729,1,2700,0
2026-04-13,9921522776,3,25020,0
2026-04-14,10253686730,2,8100,0
2026-04-14,12956712644,2,5400,1
2026-04-14,13068920874,2,1000,0
2026-04-14,13357149715,6,11000,5
2026-04-14,4973726723,1,2700,0
2026-04-14,5024717901,10,75000,0
2026-04-14,5355270179,3,7200,0
2026-04-14,5415180339,1,2000,0
2026-04-14,5524199797,6,12600,0
2026-04-14,5614734297,3,11600,1
2026-04-14,5629504025,2,11200,0
2026-04-14,5654660417,1,0,1
2026-04-14,5798987044,11,27200,0
2026-04-14,5799070116,107,348900,5
2026-04-14,6362662029,25,187500,0
2026-04-14,6379382624,58,216000,1
2026-04-14,6520261103,4,22500,0
2026-04-14,6520479823,2,7800,0
2026-04-14,6655032093,1,7800,0
2026-04-14,8605463656,5,6000,0
2026-04-14,8895292277,6,48600,0
2026-04-14,9046294613,2,5400,1
2026-04-14,9529628729,2,5400,0
2026-04-14,9608224404,1,3500,0
2026-04-14,9921522776,4,33360,0
2026-04-15,10253686730,2,8100,0
2026-04-15,12956712644,2,0,2
2026-04-15,13068920874,3,1500,0
2026-04-15,13357149715,6,11000,5
2026-04-15,4973726723,2,5400,0
2026-04-15,5003259611,7,13200,1
2026-04-15,5024717901,3,22500,0
2026-04-15,5355270179,5,12000,0
2026-04-15,5524199797,10,21000,0
2026-04-15,5567864358,1,0,1
2026-04-15,5595025105,4,19200,0
2026-04-15,5614734297,5,20300,1
2026-04-15,5629504025,1,5600,0
2026-04-15,5654660417,3,0,3
2026-04-15,5798987044,11,24300,2
2026-04-15,5799070116,116,373200,5
2026-04-15,6362662029,20,150000,0
2026-04-15,6379382624,56,196800,1
2026-04-15,6520199353,8,0,8
2026-04-15,6520261103,5,22500,0
2026-04-15,6520307731,1,2400,0
2026-04-15,6520479823,2,10400,0
2026-04-15,6655032093,3,23400,0
2026-04-15,7414085924,1,3200,0
2026-04-15,7457903992,1,7400,0
2026-04-15,8351363328,1,0,1
2026-04-15,8605463656,18,21600,0
2026-04-15,8895292277,4,32400,0
2026-04-15,9046294613,3,0,3
2026-04-15,9529628729,4,10800,0
2026-04-15,9921522776,4,33360,0
2026-04-16,12956712644,1,0,1
2026-04-16,13068920874,1,500,0
2026-04-16,13357149715,13,93000,5
2026-04-16,4973726723,3,8100,0
2026-04-16,5024717901,3,22500,0
2026-04-16,5355270179,5,12000,0
2026-04-16,5524199797,3,6300,0
2026-04-16,5614734297,2,11600,0
2026-04-16,5798987044,24,47800,5
2026-04-16,5799070116,150,470800,11
2026-04-16,5815680678,1,3700,0
2026-04-16,5968275643,1,8000,0
2026-04-16,6362662029,29,217500,0
2026-04-16,6379382624,56,196800,1
2026-04-16,6520199353,1,0,1
2026-04-16,6520261103,4,18000,0
2026-04-16,6520479823,5,15600,0
2026-04-16,6655032093,2,15600,0
2026-04-16,6966151134,1,2000,0
2026-04-16,8124456717,1,0,1
2026-04-16,8605463656,12,14400,0
2026-04-16,8895292277,9,72900,0
2026-04-16,9046294613,2,5400,1
2026-04-16,9921522776,14,116760,0
2026-04-17,12774184689,1,4500,0
2026-04-17,12956712644,3,16200,0
2026-04-17,13068920874,4,2000,0
2026-04-17,13357149715,19,90000,11
2026-04-17,5024717901,2,15000,0
2026-04-17,5355270179,2,4800,0
2026-04-17,5524199797,6,12600,0
2026-04-17,5595025105,1,4800,0
2026-04-17,5614734297,1,5800,0
2026-04-17,5629504025,3,16800,0
2026-04-17,5798987044,10,22100,2
2026-04-17,5799070116,103,345900,1
2026-04-17,5968275643,1,8000,0
2026-04-17,6362662029,11,82500,0
2026-04-17,6379382624,48,177600,0
2026-04-17,6520199353,1,0,1
2026-04-17,6520261103,2,9000,0
2026-04-17,6520479823,1,2600,0
2026-04-17,6655032093,1,7800,0
2026-04-17,6966151134,3,0,3
2026-04-17,8124456717,1,0,1
2026-04-17,8605463656,6,7200,0
2026-04-17,8895292277,4,32400,0
2026-04-17,9046294613,2,5400,1
2026-04-17,9529628729,2,5400,0
2026-04-17,9608224404,4,14000,0
2026-04-17,9921522776,1,8340,0
2026-04-18,12956712644,2,5400,1
2026-04-18,13068920874,3,1500,0
2026-04-18,13357149715,9,34000,6
2026-04-18,4973726723,1,2700,0
2026-04-18,5355270179,2,4800,0
2026-04-18,5524199797,9,18900,0
2026-04-18,5567864358,1,0,1
2026-04-18,5595025105,2,9600,0
2026-04-18,5614734297,6,23200,2
2026-04-18,5798987044,7,16900,0
2026-04-18,5799070116,58,192900,1
2026-04-18,6362662029,12,90000,0
2026-04-18,6379382624,40,158400,0
2026-04-18,6520199353,1,0,1
2026-04-18,6520261103,2,9000,0
2026-04-18,6520479823,2,7800,0
2026-04-18,6655032093,3,23400,0
2026-04-18,8124456717,1,0,1
2026-04-18,8351363328,1,0,1
2026-04-18,8605463656,9,10800,0
2026-04-18,8895292277,4,32400,0
2026-04-18,9529628729,2,5400,0
2026-04-18,9608224404,1,3500,0
2026-04-18,9921522776,2,16680,0
2026-04-19,12956712644,2,0,2
2026-04-19,13068920874,1,500,0
2026-04-19,13357149715,16,114000,6
2026-04-19,13402813253,1,12000,0
2026-04-19,4973726723,1,2700,0
2026-04-19,5024717901,6,45000,0
2026-04-19,5355270179,3,7200,0
2026-04-19,5524199797,7,14700,0
2026-04-19,5614734297,6,31900,0
2026-04-19,5629504025,1,5600,0
2026-04-19,5798987044,13,28000,3
2026-04-19,5799070116,118,372400,6
2026-04-19,6362662029,20,150000,0
2026-04-19,6379382624,41,139200,1
2026-04-19,6520261103,2,4500,1
2026-04-19,6520479823,5,18200,0
2026-04-19,6655032093,4,31200,0
2026-04-19,7090326638,1,0,1
2026-04-19,7414085924,1,3200,0
2026-04-19,8605463656,8,9600,0
2026-04-19,8895292277,4,32400,0
2026-04-19,9046294613,1,0,1
2026-04-19,9529628729,1,2700,0
2026-04-19,9608224404,3,10500,0
2026-04-19,9921522776,2,16680,0
2026-04-20,12956712644,4,5400,3
2026-04-20,13357149715,12,69000,6
2026-04-20,5024717901,3,22500,0
2026-04-20,5299145323,1,0,1
2026-04-20,5355270179,3,7200,0
2026-04-20,5524199797,7,14700,0
2026-04-20,5614734297,3,17400,0
2026-04-20,5654660417,1,0,1
2026-04-20,5798987044,11,27300,2
2026-04-20,5799070116,159,482800,5
2026-04-20,5970351139,1,2700,0
2026-04-20,6362662029,24,180000,0
2026-04-20,6379382624,49,175200,1
2026-04-20,6520261103,10,40500,4
2026-04-20,6520479823,1,5200,0
2026-04-20,6655032093,8,62400,0
2026-04-20,6966151134,2,4000,0
2026-04-20,7090326638,1,0,1
2026-04-20,7720884797,1,0,1
2026-04-20,8124456717,1,0,1
2026-04-20,8605463656,6,7200,0
2026-04-20,8895292277,7,56700,0
2026-04-20,9046294613,2,10800,0
2026-04-20,9529628729,3,8100,0
2026-04-20,9608224404,3,10500,0
2026-04-20,9921522776,3,25020,0
2026-04-21,12956712644,4,10800,2
2026-04-21,13068920874,4,2000,0
2026-04-21,13357149715,11,100000,2
2026-04-21,5024717901,1,7500,0
2026-04-21,5355270179,4,9600,0
2026-04-21,5415180339,1,2000,0
2026-04-21,5524199797,6,12600,0
2026-04-21,5614734297,7,37700,0
2026-04-21,5654660417,2,0,2
2026-04-21,5798987044,23,71600,0
2026-04-21,5799070116,129,440700,3
2026-04-21,6362662029,21,157500,0
2026-04-21,6379382624,32,110400,0
2026-04-21,6520261103,7,31500,0
2026-04-21,6520307731,1,2400,0
2026-04-21,6520479823,1,2600,0
2026-04-21,6520546844,1,0,1
2026-04-21,6655032093,1,7800,0
2026-04-21,7090326638,1,0,1
2026-04-21,7414085924,1,3200,0
2026-04-21,7720884797,1,0,1
2026-04-21,8605463656,9,10800,0
2026-04-21,8895292277,4,32400,0
2026-04-21,9046294613,4,10800,2
2026-04-21,9529628729,1,2700,0
2026-04-21,9608224404,3,10500,0
2026-04-21,9921522776,2,16680,0
2026-04-22,12774184689,1,4500,0
2026-04-22,12956712644,2,5400,1
2026-04-22,13068920874,1,500,0
2026-04-22,13357149715,12,112000,2
2026-04-22,5024717901,4,30000,0
2026-04-22,5355270179,4,9600,0
2026-04-22,5524199797,6,12600,0
2026-04-22,5567864358,1,0,1
2026-04-22,5595025105,1,4800,0
2026-04-22,5614734297,8,46400,0
2026-04-22,5654660417,1,0,1
2026-04-22,5798987044,10,29500,0
2026-04-22,5799070116,108,351700,2
2026-04-22,5815680678,2,7400,0
2026-04-22,6362662029,17,127500,0
2026-04-22,6379382624,43,163200,0
2026-04-22,6520261103,4,18000,0
2026-04-22,6520307731,1,2400,0
2026-04-22,6520479823,2,5200,0
2026-04-22,6520546844,1,0,1
2026-04-22,6655032093,5,39000,0
2026-04-22,6966151134,3,0,3
2026-04-22,7414085924,1,3200,0
2026-04-22,8351363328,1,0,1
2026-04-22,8605463656,2,2400,0
2026-04-22,8895292277,2,16200,0
2026-04-22,9529628729,1,2700,0
2026-04-22,9608224404,6,21000,0
2026-04-22,9921522776,4,33360,0
2026-04-23,12956712644,1,0,1
2026-04-23,13068920874,4,2000,0
2026-04-23,13357149715,8,80000,1
2026-04-23,4973726723,1,2700,0
2026-04-23,5003259611,3,6600,0
2026-04-23,5024717901,2,15000,0
2026-04-23,5355270179,5,12000,0
2026-04-23,5524199797,9,18900,0
2026-04-23,5614734297,2,11600,0
2026-04-23,5654660417,3,0,3
2026-04-23,5798987044,10,22100,2
2026-04-23,5799070116,102,325100,4
2026-04-23,6362662029,9,67500,0
2026-04-23,6379382624,36,122400,0
2026-04-23,6520261103,3,13500,0
2026-04-23,6520307731,2,4800,0
2026-04-23,6520479823,2,10400,0
2026-04-23,6655032093,2,15600,0
2026-04-23,6966151134,2,0,2
2026-04-23,7090326638,1,0,1
2026-04-23,7457903992,1,7400,0
2026-04-23,8351363328,1,0,1
2026-04-23,8605463656,8,9600,0
2026-04-23,8895292277,4,32400,0
2026-04-23,9046294613,3,5400,2
2026-04-23,9529628729,2,5400,0
2026-04-23,9608224404,6,21000,0
2026-04-23,9921522776,1,8340,0
2026-04-24,13068920874,1,500,0
2026-04-24,13357149715,7,77000,0
2026-04-24,4973726723,1,2700,0
2026-04-24,5003259611,1,2200,0
2026-04-24,5024717901,2,15000,0
2026-04-24,5355270179,3,7200,0
2026-04-24,5415180339,1,2000,0
2026-04-24,5524199797,5,10500,0
2026-04-24,5595025105,2,9600,0
2026-04-24,5614734297,1,2900,0
2026-04-24,5629504025,2,11200,0
2026-04-24,5798987044,10,23500,0
2026-04-24,5799070116,99,302200,8
2026-04-24,6362662029,12,90000,0
2026-04-24,6379382624,23,81600,0
2026-04-24,6520261103,3,13500,0
2026-04-24,6655032093,1,7800,0
2026-04-24,6966151134,2,0,2
2026-04-24,8351363328,1,0,1
2026-04-24,8605463656,7,8400,0
2026-04-24,8895292277,4,32400,0
2026-04-24,9046294613,7,0,7
2026-04-24,9529628729,3,8100,0
2026-04-24,9608224404,2,7000,0
2026-04-24,9921522776,2,16680,0
2026-04-25,12956712644,1,5400,0
2026-04-25,13068920874,1,500,0
2026-04-25,13357149715,5,33000,2
2026-04-25,13402813253,1,12000,0
2026-04-25,5024717901,3,22500,0
2026-04-25,5355270179,2,4800,0
2026-04-25,5524199797,4,8400,0
2026-04-25,5614734297,7,31900,0
2026-04-25,5654660417,2,0,2
2026-04-25,5798987044,10,29500,0
2026-04-25,5799070116,82,271300,3
2026-04-25,5815680678,2,7400,0
2026-04-25,6362662029,4,30000,0
2026-04-25,6379382624,21,81600,0
2026-04-25,6520261103,5,27000,0
2026-04-25,6520479823,3,15600,0
2026-04-25,6655032093,2,15600,0
2026-04-25,6966151134,1,0,1
2026-04-25,7457903992,1,7400,0
2026-04-25,8605463656,5,6000,0
2026-04-25,8895292277,1,8100,0
2026-04-25,9046294613,5,16200,2
2026-04-25,9608224404,4,14000,0
2026-04-25,9921522776,7,58380,0
2026-04-26,13068920874,2,1000,0
2026-04-26,13357149715,7,45000,3
2026-04-26,4973726723,2,5400,0
2026-04-26,5003259611,4,8800,0
2026-04-26,5024717901,2,15000,0
2026-04-26,5524199797,9,18900,0
2026-04-26,5595025105,1,4800,0
2026-04-26,5614734297,5,29000,0
2026-04-26,5629504025,3,16800,0
2026-04-26,5654660417,1,0,1
2026-04-26,5798987044,14,30200,3
2026-04-26,5799070116,158,461400,11
2026-04-26,6362662029,16,120000,0
2026-04-26,6379382624,21,84000,0
2026-04-26,6520261103,2,9000,0
2026-04-26,6520307731,1,2400,0
2026-04-26,6520479823,1,2600,0
2026-04-26,6655032093,4,31200,0
2026-04-26,6966151134,2,0,2
2026-04-26,7090326638,1,0,1
2026-04-26,7457903992,1,7400,0
2026-04-26,7720884797,1,0,1
2026-04-26,8605463656,6,7200,0
2026-04-26,8895292277,2,16200,0
2026-04-26,9046294613,3,5400,2
2026-04-26,9529628729,2,5400,0
2026-04-26,9608224404,4,14000,0
2026-04-26,9921522776,5,41700,0
2026-04-27,13068920874,1,500,0
2026-04-27,13357149715,3,33000,0
2026-04-27,4911599710,1,0,1
2026-04-27,4973726723,1,2700,0
2026-04-27,5003259611,2,4400,0
2026-04-27,5024717901,4,30000,0
2026-04-27,5355270179,1,2400,0
2026-04-27,5415180339,1,2000,0
2026-04-27,5524199797,11,23100,0
2026-04-27,5595025105,2,9600,0
2026-04-27,5614734297,4,20300,0
2026-04-27,5629504025,1,5600,0
2026-04-27,5798987044,22,43400,5
2026-04-27,5799070116,184,581800,12
2026-04-27,5815680678,1,3700,0
2026-04-27,6362662029,25,187500,0
2026-04-27,6379382624,25,93600,0
2026-04-27,6520261103,4,18000,0
2026-04-27,6520307731,1,2400,0
2026-04-27,6520479823,1,2600,0
2026-04-27,6655032093,3,23400,0
2026-04-27,6966151134,2,0,2
2026-04-27,7457903992,4,29600,0
2026-04-27,8124456717,1,0,1
2026-04-27,8351363328,2,0,2
2026-04-27,8605463656,9,10800,0
2026-04-27,8895292277,5,40500,0
2026-04-27,9046294613,9,16200,6
2026-04-27,9529628729,1,2700,0
2026-04-27,9921522776,6,50040,0
2026-04-28,10253686730,1,5400,0
2026-04-28,12956712644,5,16200,2
2026-04-28,13068920874,2,1000,0
2026-04-28,13357149715,8,89000,0
2026-04-28,13402813253,1,12000,0
2026-04-28,4973726723,2,5400,0
2026-04-28,5003259611,5,11000,0
2026-04-28,5024717901,5,37500,0
2026-04-28,5355270179,3,7200,0
2026-04-28,5524199797,8,16800,0
2026-04-28,5614734297,4,23200,0
2026-04-28,5654660417,2,0,2
2026-04-28,5798987044,14,24200,3
2026-04-28,5799070116,178,579300,2
2026-04-28,5815680678,2,7400,0
2026-04-28,5970351139,1,2700,0
2026-04-28,6362662029,12,90000,0
2026-04-28,6379382624,28,122400,0
2026-04-28,6520261103,6,36000,0
2026-04-28,6520307731,3,7200,0
2026-04-28,6520479823,3,13000,0
2026-04-28,6520546844,1,0,1
2026-04-28,6655032093,3,23400,0
2026-04-28,6966151134,4,4000,2
2026-04-28,7090326638,2,0,2
2026-04-28,7414085924,1,3200,0
2026-04-28,7720884797,1,0,1
2026-04-28,8351363328,2,0,2
2026-04-28,8605463656,8,9600,0
2026-04-28,8895292277,4,32400,0
2026-04-28,9046294613,3,5400,2
2026-04-28,9608224404,5,17500,0
2026-04-28,9921522776,8,66720,0
2026-04-28,9969330650,1,0,1
2026-04-29,10253686730,1,5400,0
2026-04-29,12956712644,3,10800,1
2026-04-29,13068920874,4,2000,0
2026-04-29,13357149715,10,68000,4
2026-04-29,13397438952,1,0,1
2026-04-29,13402813253,2,24000,0
2026-04-29,4973726723,2,5400,0
2026-04-29,5003259611,2,4400,0
2026-04-29,5024717901,2,15000,0
2026-04-29,5355270179,6,14400,0
2026-04-29,5524199797,9,18900,0
2026-04-29,5614734297,4,23200,0
2026-04-29,5654660417,2,0,2
2026-04-29,5798987044,11,26500,1
2026-04-29,5799070116,136,411400,0
2026-04-29,5815680678,1,3700,0
2026-04-29,5968275643,1,8000,0
2026-04-29,6362662029,22,165000,0
2026-04-29,6379382624,35,136800,0
2026-04-29,6520261103,4,18000,0
2026-04-29,6520479823,1,5200,0
2026-04-29,6655032093,2,15600,0
2026-04-29,7457903992,2,14800,0
2026-04-29,8351363328,1,0,1
2026-04-29,8605463656,9,10800,0
2026-04-29,8895292277,3,24300,0
2026-04-29,9046294613,4,5400,3
2026-04-29,9529628729,2,5400,0
2026-04-29,9608224404,1,3500,0
2026-04-29,9921522776,4,33360,0
2026-04-30,12956712644,3,10800,1
2026-04-30,13357149715,6,45000,2
2026-04-30,4973726723,3,8100,0
2026-04-30,5299145323,2,0,2
2026-04-30,5355270179,1,2400,0
2026-04-30,5524199797,6,12600,0
2026-04-30,5595025105,4,19200,0
2026-04-30,5614734297,3,17400,0
2026-04-30,5654660417,1,0,1
2026-04-30,5798987044,12,30200,1
2026-04-30,5799070116,81,254100,1
2026-04-30,5970351139,1,2700,0
2026-04-30,6362662029,16,120000,0
2026-04-30,6379382624,18,72000,0
2026-04-30,6520261103,5,18000,1
2026-04-30,6520307731,1,2400,0
2026-04-30,6520479823,1,5200,0
2026-04-30,6655032093,3,23400,0
2026-04-30,8605463656,8,9600,0
2026-04-30,8895292277,3,24300,0
2026-04-30,9046294613,3,10800,1
2026-04-30,9529628729,1,2700,0
2026-04-30,9921522776,3,25020,0
2026-05-01,13068920874,8,4000,0
2026-05-01,13357149715,6,68000,0
2026-05-01,13402813253,1,12000,0
2026-05-01,13436457523,2,0,2
2026-05-01,4973726723,1,2700,0
2026-05-01,5003259611,3,6600,0
2026-05-01,5024717901,2,15000,0
2026-05-01,5415180339,1,2000,0
2026-05-01,5524199797,5,10500,0
2026-05-01,5614734297,3,17400,0
2026-05-01,5798987044,13,34600,0
2026-05-01,5799070116,73,225300,1
2026-05-01,6362662029,25,187500,0
2026-05-01,6379382624,26,93600,0
2026-05-01,6520261103,4,18000,0
2026-05-01,6520479823,1,5200,0
2026-05-01,7414085924,2,6400,0
2026-05-01,7457903992,1,7400,0
2026-05-01,8351363328,1,0,1
2026-05-01,8605463656,12,14400,0
2026-05-01,8895292277,4,32400,0
2026-05-01,9046294613,2,0,2
2026-05-01,9921522776,4,33360,0
2026-05-02,10253686730,2,8100,0
2026-05-02,13357149715,7,81000,0
2026-05-02,5003259611,1,2200,0
2026-05-02,5024717901,2,15000,0
2026-05-02,5355270179,6,14400,0
2026-05-02,5524199797,9,18900,0
2026-05-02,5595025105,1,4800,0
2026-05-02,5614734297,2,11600,0
2026-05-02,5654660417,1,0,1
2026-05-02,5798987044,11,31700,0
2026-05-02,5799070116,86,262700,1
2026-05-02,5815680678,2,7400,0
2026-05-02,6362662029,22,165000,0
2026-05-02,6379382624,18,64800,1
2026-05-02,6520261103,4,18000,0
2026-05-02,7457903992,1,7400,0
2026-05-02,8124456717,1,0,1
2026-05-02,8351363328,1,0,1
2026-05-02,8605463656,18,21600,0
2026-05-02,8895292277,1,8100,0
2026-05-02,9046294613,3,10800,1
2026-05-02,9529628729,2,5400,0
2026-05-02,9608224404,1,3500,0
2026-05-02,9921522776,3,25020,0
2026-05-03,12956712644,2,10800,0
2026-05-03,13068920874,3,1500,0
2026-05-03,13357149715,3,35000,0
2026-05-03,13397438952,1,0,1
2026-05-03,4911599710,2,0,2
2026-05-03,4973726723,1,2700,0
2026-05-03,5003259611,10,22000,0
2026-05-03,5024717901,3,22500,0
2026-05-03,5355270179,3,7200,0
2026-05-03,5524199797,5,10500,0
2026-05-03,5614734297,8,46400,0
2026-05-03,5654660417,1,0,1
2026-05-03,5798987044,16,37500,1
2026-05-03,5799070116,99,326900,0
2026-05-03,5968275643,1,8000,0
2026-05-03,5970351139,1,2700,0
2026-05-03,6362662029,30,225000,0
2026-05-03,6379382624,18,72000,0
2026-05-03,6520261103,2,9000,0
2026-05-03,6520307731,2,4800,0
2026-05-03,6520479823,1,5200,0
2026-05-03,6655032093,2,15600,0
2026-05-03,7090326638,1,0,1
2026-05-03,7457903992,1,7400,0
2026-05-03,8605463656,14,16800,0
2026-05-03,8895292277,4,32400,0
2026-05-03,9046294613,1,0,1
2026-05-03,9608224404,2,7000,0
2026-05-03,9921522776,10,83400,0
2026-05-04,12774184689,1,4500,0
2026-05-04,12956712644,3,10800,1
2026-05-04,13068920874,3,1500,0
2026-05-04,13357149715,4,47000,0
2026-05-04,4973726723,1,2700,0
2026-05-04,5003259611,1,2200,0
2026-05-04,5024717901,3,22500,0
2026-05-04,5355270179,4,9600,0
2026-05-04,5524199797,1,2100,0
2026-05-04,5595025105,1,4800,0
2026-05-04,5614734297,9,46400,1
2026-05-04,5798987044,11,22800,2
2026-05-04,5799070116,88,279800,0
2026-05-04,5815680678,2,7400,0
2026-05-04,6362662029,19,142500,0
2026-05-04,6379382624,30,115200,1
2026-05-04,6520261103,10,54000,0
2026-05-04,6520479823,2,5200,0
2026-05-04,6655032093,2,15600,0
2026-05-04,6966151134,3,4000,1
2026-05-04,8124456717,1,0,1
2026-05-04,8351363328,4,0,4
2026-05-04,8605463656,10,12000,0
2026-05-04,8895292277,1,8100,0
2026-05-04,9046294613,4,0,4
2026-05-04,9529628729,1,2700,0
2026-05-04,9608224404,2,7000,0
2026-05-04,9921522776,5,41700,0
2026-05-05,13357149715,3,35000,0
2026-05-05,4973726723,3,8100,0
2026-05-05,5003259611,2,4400,0
2026-05-05,5024717901,1,7500,0
2026-05-05,5355270179,5,12000,0
2026-05-05,5415180339,1,2000,0
2026-05-05,5524199797,8,16800,0
2026-05-05,5595025105,2,9600,0
2026-05-05,5614734297,5,29000,0
2026-05-05,5629504025,1,5600,0
2026-05-05,5654660417,3,0,3
2026-05-05,5798987044,8,19100,0
2026-05-05,5799070116,126,435600,0
2026-05-05,5815680678,2,7400,0
2026-05-05,6362662029,24,180000,0
2026-05-05,6379382624,30,110400,0
2026-05-05,6520261103,6,27000,0
2026-05-05,6520479823,2,5200,0
2026-05-05,6655032093,5,39000,0
2026-05-05,7090326638,1,0,1
2026-05-05,7457903992,1,7400,0
2026-05-05,8124456717,2,0,2
2026-05-05,8351363328,1,0,1
2026-05-05,8605463656,11,13200,0
2026-05-05,8895292277,4,32400,0
2026-05-05,9046294613,2,5400,1
2026-05-05,9608224404,2,7000,0
2026-05-05,9921522776,8,66720,0
2026-05-06,10253686730,2,8100,0
2026-05-06,13068920874,2,1000,0
2026-05-06,13357149715,5,44000,1
2026-05-06,4845158048,1,0,1
2026-05-06,4973726723,2,5400,0
2026-05-06,5003259611,4,8800,0
2026-05-06,5024717901,2,15000,0
2026-05-06,5355270179,3,7200,0
2026-05-06,5524199797,6,12600,0
2026-05-06,5614734297,7,40600,0
2026-05-06,5654660417,3,0,3
2026-05-06,5798987044,6,17700,0
2026-05-06,5799070116,145,475600,2
2026-05-06,5970351139,1,2700,0
2026-05-06,6362662029,22,165000,0
2026-05-06,6379382624,22,96000,0
2026-05-06,6520261103,3,13500,0
2026-05-06,6520307731,1,2400,0
2026-05-06,6520479823,4,13000,0
2026-05-06,6655032093,2,15600,0
2026-05-06,6966151134,1,0,1
2026-05-06,8351363328,3,0,3
2026-05-06,8605463656,17,20400,0
2026-05-06,8895292277,6,48600,0
2026-05-06,9046294613,1,5400,0
2026-05-06,9529628729,3,8100,0
2026-05-06,9608224404,1,3500,0
2026-05-06,9921522776,8,66720,0
2026-05-07,12774184689,1,4500,0
2026-05-07,12956712644,1,0,1
2026-05-07,13357149715,11,11000,10
2026-05-07,13397438952,1,0,1
2026-05-07,13402813253,1,12000,0
2026-05-07,4973726723,7,18900,0
2026-05-07,5003259611,5,11000,0
2026-05-07,5024717901,8,60000,0
2026-05-07,5355270179,1,2400,0
2026-05-07,5524199797,9,18900,0
2026-05-07,5595025105,1,4800,0
2026-05-07,5614734297,16,89900,0
2026-05-07,5629504025,2,11200,0
2026-05-07,5798987044,23,50000,3
2026-05-07,5799070116,116,388100,0
2026-05-07,5970351139,1,2700,0
2026-05-07,6362662029,23,172500,0
2026-05-07,6379382624,22,84000,0
2026-05-07,6520261103,7,31500,0
2026-05-07,6520307731,1,2400,0
2026-05-07,6520479823,4,18200,0
2026-05-07,7457903992,2,14800,0
2026-05-07,8351363328,1,0,1
2026-05-07,8605463656,11,13200,0
2026-05-07,8895292277,2,16200,0
2026-05-07,9046294613,2,0,2
2026-05-07,9529628729,3,8100,0
2026-05-07,9608224404,2,7000,0
2026-05-07,9921522776,13,108420,0
2026-05-08,12956712644,5,21600,1
2026-05-08,13068920874,1,500,0
2026-05-08,13357149715,3,33000,0
2026-05-08,13402813253,1,12000,0
2026-05-08,4911599710,2,0,2
2026-05-08,4973726723,1,2700,0
2026-05-08,5003259611,4,8800,0
2026-05-08,5024717901,7,52500,0
2026-05-08,5355270179,8,19200,0
2026-05-08,5524199797,5,10500,0
2026-05-08,5595025105,2,9600,0
2026-05-08,5614734297,5,29000,0
2026-05-08,5629504025,2,11200,0
2026-05-08,5798987044,17,47900,0
2026-05-08,5799070116,135,420800,3
2026-05-08,6362662029,31,232500,0
2026-05-08,6379382624,22,86400,0
2026-05-08,6520261103,6,22500,1
2026-05-08,6520479823,32,166400,0
2026-05-08,6655032093,2,15600,0
2026-05-08,7414085924,3,9600,0
2026-05-08,7457903992,1,7400,0
2026-05-08,8124456717,2,0,2
2026-05-08,8351363328,2,0,2
2026-05-08,8605463656,24,28800,0
2026-05-08,8895292277,5,40500,0
2026-05-08,9046294613,7,16200,4
2026-05-08,9529628729,1,2700,0
2026-05-08,9608224404,1,3500,0
2026-05-08,9921522776,4,33360,0
2026-05-09,12956712644,2,10800,0
2026-05-09,13068920874,1,500,0
2026-05-09,13357149715,2,23000,0
2026-05-09,5003259611,6,11000,1
2026-05-09,5024717901,1,7500,0
2026-05-09,5299145323,1,0,1
2026-05-09,5355270179,2,4800,0
2026-05-09,5524199797,2,4200,0
2026-05-09,5567864358,1,0,1
2026-05-09,5614734297,11,60900,0
2026-05-09,5629504025,1,5600,0
2026-05-09,5798987044,12,30900,0
2026-05-09,5799070116,84,272900,0
2026-05-09,5815680678,2,7400,0
2026-05-09,6362662029,28,210000,0
2026-05-09,6379382624,19,69600,1
2026-05-09,6520261103,4,22500,0
2026-05-09,6520307731,1,2400,0
2026-05-09,6520479823,1,5200,0
2026-05-09,6655032093,4,31200,0
2026-05-09,7414085924,1,3200,0
2026-05-09,7457903992,1,7400,0
2026-05-09,8351363328,1,0,1
2026-05-09,8605463656,9,10800,0
2026-05-09,8895292277,4,32400,0
2026-05-09,9046294613,2,10800,0
2026-05-09,9529628729,3,8100,0
2026-05-09,9608224404,4,14000,0
2026-05-09,9921522776,2,16680,0
2026-05-10,10253686730,1,5400,0
2026-05-10,12956712644,2,5400,1
2026-05-10,13068920874,2,1000,0
2026-05-10,13357149715,4,45000,0
2026-05-10,13402813253,2,24000,0
2026-05-10,5003259611,2,4400,0
2026-05-10,5024717901,1,7500,0
2026-05-10,5299145323,2,0,2
2026-05-10,5355270179,1,2400,0
2026-05-10,5524199797,2,4200,0
2026-05-10,5595025105,1,4800,0
2026-05-10,5614734297,13,66700,0
2026-05-10,5654660417,1,0,1
2026-05-10,5798987044,16,39700,0
2026-05-10,5799070116,149,471600,2
2026-05-10,6362662029,25,187500,0
2026-05-10,6379382624,31,100800,1
2026-05-10,6520261103,11,49500,1
2026-05-10,6520479823,5,20800,0
2026-05-10,6655032093,4,31200,0
2026-05-10,6966151134,4,0,4
2026-05-10,7414085924,6,19200,0
2026-05-10,8124456717,1,0,1
2026-05-10,8605463656,7,8400,0
2026-05-10,8895292277,3,24300,0
2026-05-10,9046294613,4,10800,2
2026-05-10,9529628729,4,10800,0
2026-05-10,9608224404,3,10500,0
2026-05-10,9921522776,5,41700,0
2026-05-11,10253686730,3,16200,0
2026-05-11,12774184689,2,9000,0
2026-05-11,12956712644,6,16200,3
2026-05-11,13068920874,2,1000,0
2026-05-11,13357149715,9,67000,3
2026-05-11,4973726723,3,8100,0
2026-05-11,5024717901,4,30000,0
2026-05-11,5355270179,6,14400,0
2026-05-11,5415180339,1,2000,0
2026-05-11,5524199797,6,12600,0
2026-05-11,5567864358,2,0,2
2026-05-11,5595025105,2,9600,0
2026-05-11,5614734297,5,29000,0
2026-05-11,5798987044,14,36800,0
2026-05-11,5799070116,200,625700,0
2026-05-11,5968275643,2,16000,0
2026-05-11,6362662029,35,262500,0
2026-05-11,6379382624,29,112800,1
2026-05-11,6520261103,7,31500,0
2026-05-11,6520307731,2,4800,0
2026-05-11,6520479823,3,13000,0
2026-05-11,6655032093,6,46800,0
2026-05-11,6966151134,4,2000,3
2026-05-11,7414085924,1,3200,0
2026-05-11,7720884797,1,0,1
2026-05-11,8124456717,1,0,1
2026-05-11,8351363328,1,0,1
2026-05-11,8605463656,23,27600,0
2026-05-11,8895292277,5,40500,0
2026-05-11,9046294613,7,10800,5
2026-05-11,9529628729,2,5400,0
2026-05-11,9608224404,6,21000,0
2026-05-11,9921522776,9,75060,0
2026-05-12,12774184689,1,4500,0
2026-05-12,12956712644,4,16200,1
2026-05-12,13068920874,7,3500,0
2026-05-12,13357149715,4,23000,2
2026-05-12,5003259611,3,6600,0
2026-05-12,5024717901,3,22500,0
2026-05-12,5355270179,1,2400,0
2026-05-12,5524199797,11,23100,0
2026-05-12,5595025105,1,4800,0
2026-05-12,5614734297,6,29000,0
2026-05-12,5654660417,2,0,2
2026-05-12,5798987044,22,46200,1
2026-05-12,5799070116,149,480700,0
2026-05-12,6362662029,28,210000,0
2026-05-12,6379382624,31,117600,0
2026-05-12,6520261103,4,22500,0
2026-05-12,6520479823,24,122200,0
2026-05-12,6655032093,2,15600,0
2026-05-12,6966151134,1,0,1
2026-05-12,7457903992,1,7400,0
2026-05-12,8605463656,12,14400,0
2026-05-12,8895292277,3,24300,0
2026-05-12,9046294613,3,5400,2
2026-05-12,9529628729,1,2700,0
2026-05-12,9608224404,2,7000,0
2026-05-12,9921522776,5,41700,0
2026-05-13,12956712644,2,10800,0
2026-05-13,13357149715,5,44000,1
2026-05-13,5003259611,4,8800,0
2026-05-13,5024717901,5,37500,0
2026-05-13,5299145323,2,0,2
2026-05-13,5355270179,3,7200,0
2026-05-13,5524199797,5,10500,0
2026-05-13,5595025105,1,4800,0
2026-05-13,5614734297,2,8700,0
2026-05-13,5654660417,2,0,2
2026-05-13,5798987044,21,50000,1
2026-05-13,5799070116,120,386400,1
2026-05-13,5968275643,1,8000,0
2026-05-13,5970351139,1,2700,0
2026-05-13,6362662029,35,262500,0
2026-05-13,6379382624,33,120000,0
2026-05-13,6520261103,9,36000,1
2026-05-13,6520479823,2,10400,0
2026-05-13,6655032093,4,31200,0
2026-05-13,7414085924,2,6400,0
2026-05-13,8605463656,20,24000,0
2026-05-13,8895292277,5,40500,0
2026-05-13,9046294613,3,0,3
2026-05-13,9608224404,3,10500,0
2026-05-13,9921522776,7,58380,0
2026-05-14,12956712644,2,5400,1
2026-05-14,13068920874,4,2000,0
2026-05-14,13357149715,4,11000,3
2026-05-14,4973726723,1,2700,0
2026-05-14,5003259611,2,4400,0
2026-05-14,5024717901,12,90000,0
2026-05-14,5355270179,2,4800,0
2026-05-14,5524199797,7,14700,0
2026-05-14,5595025105,1,4800,0
2026-05-14,5614734297,7,37700,0
2026-05-14,5798987044,21,53700,0
2026-05-14,5799070116,144,452600,0
2026-05-14,5815680678,2,7400,0
2026-05-14,6362662029,35,262500,0
2026-05-14,6379382624,36,139200,0
2026-05-14,6520261103,3,18000,0
2026-05-14,6520479823,3,10400,0
2026-05-14,6655032093,1,7800,0
2026-05-14,6966151134,1,2000,0
2026-05-14,7090326638,1,0,1
2026-05-14,7457903992,1,7400,0
2026-05-14,7720884797,2,0,2
2026-05-14,8351363328,1,0,1
2026-05-14,8605463656,22,26400,0
2026-05-14,8895292277,5,40500,0
2026-05-14,9046294613,2,10800,0
2026-05-14,9608224404,3,10500,0
2026-05-14,9921522776,10,83400,0
2026-05-15,13357149715,14,135000,2
2026-05-15,13436457523,2,0,2
2026-05-15,13462976266,1,0,1
2026-05-15,5003259611,1,2200,0
2026-05-15,5024717901,11,82500,0
2026-05-15,5355270179,5,12000,0
2026-05-15,5524199797,1,2100,0
2026-05-15,5595025105,1,4800,0
2026-05-15,5614734297,5,29000,0
2026-05-15,5629504025,1,5600,0
2026-05-15,5798987044,24,59600,1
2026-05-15,5799070116,87,281000,0
2026-05-15,5815680678,3,11100,0
2026-05-15,6362662029,15,112500,0
2026-05-15,6379382624,32,115200,0
2026-05-15,6520261103,11,49500,0
2026-05-15,6520307731,2,4800,0
2026-05-15,6520479823,5,20800,0
2026-05-15,6966151134,1,0,1
2026-05-15,8124456717,1,0,1
2026-05-15,8351363328,1,0,1
2026-05-15,8605463656,12,14400,0
2026-05-15,8895292277,4,32400,0
2026-05-15,9046294613,3,10800,1
2026-05-15,9529628729,1,2700,0
2026-05-15,9608224404,2,7000,0
2026-05-15,9921522776,2,16680,0
2026-05-16,12956712644,1,5400,0
2026-05-16,13068920874,1,500,0
2026-05-16,13357149715,5,57000,0
2026-05-16,4973726723,1,2700,0
2026-05-16,5003259611,1,2200,0
2026-05-16,5024717901,3,22500,0
2026-05-16,5355270179,3,7200,0
2026-05-16,5524199797,5,10500,0
2026-05-16,5595025105,2,9600,0
2026-05-16,5614734297,1,5800,0
2026-05-16,5798987044,24,55800,0
2026-05-16,5799070116,101,304600,0
2026-05-16,6362662029,29,217500,0
2026-05-16,6379382624,32,110400,2
2026-05-16,6520261103,3,13500,0
2026-05-16,6520479823,4,15600,0
2026-05-16,6966151134,1,2000,0
2026-05-16,7457903992,1,7400,0
2026-05-16,8124456717,1,0,1
2026-05-16,8351363328,1,0,1
2026-05-16,8605463656,15,18000,0
2026-05-16,8895292277,3,24300,0
2026-05-16,9046294613,2,5400,1
2026-05-16,9529628729,1,2700,0
2026-05-16,9608224404,2,7000,0
2026-05-16,9921522776,5,41700,0
2026-05-17,10253686730,1,2700,0
2026-05-17,12956712644,1,0,1
2026-05-17,13357149715,7,56000,2
2026-05-17,4845158048,1,0,1
2026-05-17,4973726723,2,5400,0
2026-05-17,5003259611,5,11000,0
2026-05-17,5024717901,4,30000,0
2026-05-17,5299145323,1,0,1
2026-05-17,5355270179,3,7200,0
2026-05-17,5415180339,1,2000,0
2026-05-17,5524199797,6,12600,0
2026-05-17,5595025105,1,4800,0
2026-05-17,5614734297,3,11600,1
2026-05-17,5629504025,1,5600,0
2026-05-17,5798987044,18,48600,0
2026-05-17,5799070116,110,353100,0
2026-05-17,5815680678,3,11100,0
2026-05-17,5970351139,1,2700,0
2026-05-17,6362662029,27,202500,0
2026-05-17,6379382624,36,124800,0
2026-05-17,6520261103,4,22500,0
2026-05-17,6520307731,1,2400,0
2026-05-17,6655032093,1,7800,0
2026-05-17,7414085924,1,3200,0
2026-05-17,8351363328,1,0,1
2026-05-17,8605463656,16,19200,0
2026-05-17,8643749105,1,0,1
2026-05-17,8895292277,5,40500,0
2026-05-17,9046294613,2,5400,1
2026-05-17,9529628729,1,2700,0
2026-05-17,9608224404,1,3500,0
2026-05-17,9921522776,4,33360,0
2026-05-18,12956712644,1,0,1
2026-05-18,13357149715,9,70000,3
2026-05-18,4973726723,3,8100,0
2026-05-18,5003259611,4,8800,0
2026-05-18,5024717901,10,75000,0
2026-05-18,5299145323,3,0,3
2026-05-18,5355270179,1,2400,0
2026-05-18,5524199797,11,23100,0
2026-05-18,5595025105,1,4800,0
2026-05-18,5614734297,6,29000,0
2026-05-18,5629504025,1,5600,0
2026-05-18,5798987044,28,69200,2
2026-05-18,5799070116,239,819900,1
2026-05-18,5815680678,2,7400,0
2026-05-18,6362662029,33,247500,0
2026-05-18,6379382624,44,148800,1
2026-05-18,6520261103,14,58500,1
2026-05-18,6520479823,4,15600,0
2026-05-18,6655032093,1,7800,0
2026-05-18,7457903992,1,7400,0
2026-05-18,8605463656,20,24000,0
2026-05-18,8895292277,4,32400,0
2026-05-18,9046294613,3,0,3
2026-05-18,9529628729,1,2700,0
2026-05-18,9608224404,1,3500,0
2026-05-18,9921522776,7,58380,0
2026-05-19,12956712644,5,16200,2
2026-05-19,13357149715,4,46000,0
2026-05-19,4911599710,10,0,10
2026-05-19,5024717901,102,765000,0
2026-05-19,5355270179,1,2400,0
2026-05-19,5524199797,9,18900,0
2026-05-19,5614734297,3,14500,0
2026-05-19,5629504025,1,5600,0
2026-05-19,5798987044,23,57400,1
2026-05-19,5799070116,165,553200,2
2026-05-19,5968275643,1,8000,0
2026-05-19,6362662029,45,337500,0
2026-05-19,6379382624,43,146400,2
2026-05-19,6520261103,38,175500,0
2026-05-19,6520479823,13,67600,0
2026-05-19,6655032093,3,23400,0
2026-05-19,8605463656,18,21600,0
2026-05-19,8895292277,7,56700,0
2026-05-19,9046294613,2,0,2
2026-05-19,9529628729,1,2700,0
2026-05-19,9608224404,2,7000,0
2026-05-19,9921522776,6,50040,0
2026-05-20,12956712644,1,5400,0
2026-05-20,13068920874,1,500,0
2026-05-20,13357149715,3,24000,1
2026-05-20,4845158048,2,0,2
2026-05-20,4911599710,2,0,2
2026-05-20,5024717901,23,172500,0
2026-05-20,5355270179,5,12000,0
2026-05-20,5524199797,7,14700,0
2026-05-20,5595025105,1,4800,0
2026-05-20,5614734297,5,26100,0
2026-05-20,5654660417,2,0,2
2026-05-20,5798987044,20,54500,0
2026-05-20,5799070116,115,380500,1
2026-05-20,5970351139,1,2700,0
2026-05-20,6362662029,25,187500,0
2026-05-20,6379382624,47,160800,6
2026-05-20,6520261103,18,108000,1
2026-05-20,6520479823,4,18200,0
2026-05-20,6520546844,1,0,1
2026-05-20,6655032093,5,39000,0
2026-05-20,7414085924,1,3200,0
2026-05-20,7457903992,2,14800,0
2026-05-20,8605463656,15,18000,0
2026-05-20,8895292277,2,16200,0
2026-05-20,9046294613,4,0,4
2026-05-20,9608224404,7,24500,0
2026-05-20,9921522776,7,58380,0
2026-05-21,12956712644,1,0,1
2026-05-21,13068920874,4,2000,0
2026-05-21,13357149715,5,46000,1
2026-05-21,4845158048,1,0,1
2026-05-21,4973726723,2,5400,0
2026-05-21,5003259611,1,2200,0
2026-05-21,5024717901,20,150000,0
2026-05-21,5299145323,1,0,1
2026-05-21,5355270179,1,2400,0
2026-05-21,5524199797,7,14700,0
2026-05-21,5567864358,3,0,3
2026-05-21,5595025105,1,4800,0
2026-05-21,5614734297,10,58000,0
2026-05-21,5629504025,2,11200,0
2026-05-21,5798987044,16,44200,0
2026-05-21,5799070116,126,392200,0
2026-05-21,5815680678,2,7400,0
2026-05-21,5968275643,1,8000,0
2026-05-21,5970351139,2,5400,0
2026-05-21,6362662029,29,217500,0
2026-05-21,6379382624,60,249600,1
2026-05-21,6520261103,9,49500,0
2026-05-21,6520307731,1,2400,0
2026-05-21,6520479823,2,7800,0
2026-05-21,6655032093,3,23400,0
2026-05-21,6966151134,3,4000,1
2026-05-21,7720884797,1,0,1
2026-05-21,8124456717,1,0,1
2026-05-21,8605463656,17,20400,0
2026-05-21,8895292277,8,64800,0
2026-05-21,9046294613,2,0,2
2026-05-21,9529628729,1,2700,0
2026-05-21,9608224404,2,7000,0
2026-05-21,9921522776,8,66720,0
2026-05-22,12774184689,1,4500,0
2026-05-22,12956712644,6,21600,2
2026-05-22,13068920874,1,500,0
2026-05-22,13357149715,3,33000,0
2026-05-22,5003259611,5,11000,0
2026-05-22,5024717901,13,97500,0
2026-05-22,5355270179,4,9600,0
2026-05-22,5524199797,4,8400,0
2026-05-22,5595025105,1,4800,0
2026-05-22,5614734297,7,34800,0
2026-05-22,5629504025,1,5600,0
2026-05-22,5654660417,1,0,1
2026-05-22,5798987044,17,44200,1
2026-05-22,5799070116,93,301300,0
2026-05-22,5968275643,1,8000,0
2026-05-22,6362662029,26,195000,0
2026-05-22,6379382624,44,158400,1
2026-05-22,6520261103,5,27000,0
2026-05-22,6520307731,1,2400,0
2026-05-22,6520479823,2,10400,0
2026-05-22,6655032093,2,15600,0
2026-05-22,6966151134,2,0,2
2026-05-22,7090326638,1,0,1
2026-05-22,7457903992,1,7400,0
2026-05-22,8351363328,1,0,1
2026-05-22,8605463656,13,15600,0
2026-05-22,8895292277,4,32400,0
2026-05-22,9046294613,5,0,5
2026-05-22,9529628729,1,2700,0
2026-05-22,9608224404,1,3500,0
2026-05-22,9921522776,3,25020,0
2026-05-23,10253686730,1,2700,0
2026-05-23,11017176082,1,0,1
2026-05-23,12774184689,1,4500,0
2026-05-23,12956712644,1,0,1
2026-05-23,13068920874,2,1000,0
2026-05-23,13357149715,7,46000,3
2026-05-23,13402813253,2,24000,0
2026-05-23,13462521558,1,0,1
2026-05-23,5003259611,4,8800,0
2026-05-23,5024717901,1,7500,0
2026-05-23,5524199797,4,8400,0
2026-05-23,5614734297,3,14500,0
2026-05-23,5798987044,22,60500,2
2026-05-23,5799070116,107,359100,0
2026-05-23,5970351139,1,2700,0
2026-05-23,6362662029,17,127500,0
2026-05-23,6379382624,27,103200,0
2026-05-23,6520261103,4,13500,1
2026-05-23,6520307731,1,2400,0
2026-05-23,6520479823,6,26000,0
2026-05-23,6655032093,4,31200,0
2026-05-23,7090326638,1,0,1
2026-05-23,7414085924,1,3200,0
2026-05-23,7720884797,1,0,1
2026-05-23,8605463656,7,8400,0
2026-05-23,8895292277,2,16200,0
2026-05-23,9046294613,1,0,1
2026-05-23,9608224404,1,3500,0
2026-05-23,9921522776,2,16680,0
2026-05-24,10253686730,1,5400,0
2026-05-24,13068920874,2,1000,0
2026-05-24,13357149715,4,35000,1
2026-05-24,13436457523,2,0,2
2026-05-24,5003259611,3,6600,0
2026-05-24,5024717901,5,37500,0
2026-05-24,5524199797,2,4200,0
2026-05-24,5614734297,6,31900,0
2026-05-24,5798987044,11,30200,0
2026-05-24,5799070116,110,352000,0
2026-05-24,5815680678,2,7400,0
2026-05-24,5970351139,1,2700,0
2026-05-24,6362662029,22,165000,0
2026-05-24,6379382624,20,79200,0
2026-05-24,6520261103,9,49500,1
2026-05-24,6520307731,1,2400,0
2026-05-24,6520479823,2,5200,0
2026-05-24,6655032093,2,15600,0
2026-05-24,6966151134,2,0,2
2026-05-24,7090326638,1,0,1
2026-05-24,8605463656,8,9600,0
2026-05-24,8895292277,5,40500,0
2026-05-24,9046294613,1,0,1
2026-05-24,9529628729,1,2700,0
2026-05-24,9921522776,4,33360,0
2026-05-25,12956712644,5,10800,3
2026-05-25,13068920874,1,500,0
2026-05-25,13357149715,3,33000,0
2026-05-25,4973726723,1,2700,0
2026-05-25,5003259611,2,4400,0
2026-05-25,5024717901,6,45000,0
2026-05-25,5355270179,1,2400,0
2026-05-25,5524199797,12,25200,0
2026-05-25,5614734297,6,34800,0
2026-05-25,5798987044,30,81100,2
2026-05-25,5799070116,142,470200,0
2026-05-25,5815680678,2,7400,0
2026-05-25,6362662029,28,210000,0
2026-05-25,6379382624,30,100800,3
2026-05-25,6520261103,8,36000,1
2026-05-25,6520479823,1,5200,0
2026-05-25,6655032093,2,15600,0
2026-05-25,6966151134,2,0,2
2026-05-25,7457903992,2,14800,0
2026-05-25,7720884797,1,0,1
2026-05-25,8605463656,11,13200,0
2026-05-25,9046294613,6,0,6
2026-05-25,9529628729,2,5400,0
2026-05-25,9921522776,4,33360,0
2026-05-26,10253686730,1,5400,0
2026-05-26,12956712644,4,16200,1
2026-05-26,13068920874,5,2500,0
2026-05-26,13357149715,15,136000,3
2026-05-26,5024717901,4,30000,0
2026-05-26,5355270179,2,4800,0
2026-05-26,5524199797,16,33600,0
2026-05-26,5567864358,1,0,1
2026-05-26,5614734297,5,26100,0
2026-05-26,5629504025,1,5600,0
2026-05-26,5654660417,3,0,3
2026-05-26,5798987044,35,84600,2
2026-05-26,5799070116,137,443400,0
2026-05-26,5815680678,3,11100,0
2026-05-26,6362662029,40,300000,0
2026-05-26,6379382624,74,288000,1
2026-05-26,6520261103,6,27000,0
2026-05-26,6520307731,1,2400,0
2026-05-26,6520479823,2,5200,0
2026-05-26,6655032093,5,39000,0
2026-05-26,6966151134,1,0,1
2026-05-26,7090326638,1,0,1
2026-05-26,7457903992,1,7400,0
2026-05-26,8605463656,36,43200,0
2026-05-26,8895292277,2,16200,0
2026-05-26,9046294613,2,5400,1
2026-05-26,9529628729,1,2700,0
2026-05-26,9921522776,2,16680,0
2026-05-27,10253686730,1,5400,0
2026-05-27,12956712644,5,10800,3
2026-05-27,13068920874,1,500,0
2026-05-27,13357149715,4,46000,0
2026-05-27,4845158048,1,0,1
2026-05-27,4911599710,2,0,2
2026-05-27,5003259611,2,4400,0
2026-05-27,5024717901,4,30000,0
2026-05-27,5524199797,3,6300,0
2026-05-27,5595025105,2,9600,0
2026-05-27,5614734297,5,29000,0
2026-05-27,5629504025,2,11200,0
2026-05-27,5654660417,1,0,1
2026-05-27,5798987044,22,61900,0
2026-05-27,5799070116,100,327000,0
2026-05-27,5815680678,2,7400,0
2026-05-27,5968275643,3,24000,0
2026-05-27,5970351139,1,2700,0
2026-05-27,6362662029,31,232500,0
2026-05-27,6379382624,33,117600,3
2026-05-27,6520261103,8,31500,1
2026-05-27,6520479823,6,23400,0
2026-05-27,7457903992,1,7400,0
2026-05-27,8351363328,1,0,1
2026-05-27,8605463656,10,12000,0
2026-05-27,8895292277,4,32400,0
2026-05-27,9046294613,2,5400,1
2026-05-28,10253686730,1,5400,0
2026-05-28,12956712644,2,10800,0
2026-05-28,13068920874,2,1000,0
2026-05-28,13357149715,3,22000,1
2026-05-28,4911599710,2,0,2
2026-05-28,4973726723,3,8100,0
2026-05-28,5003259611,2,4400,0
2026-05-28,5024717901,3,22500,0
2026-05-28,5355270179,2,4800,0
2026-05-28,5524199797,10,21000,0
2026-05-28,5567864358,1,0,1
2026-05-28,5595025105,1,4800,0
2026-05-28,5614734297,9,49300,0
2026-05-28,5798987044,32,76500,2
2026-05-28,5799070116,85,276800,1
2026-05-28,5815680678,1,3700,0
2026-05-28,5968275643,1,8000,0
2026-05-28,5970351139,1,2700,0
2026-05-28,6362662029,21,157500,0
2026-05-28,6379382624,40,146400,2
2026-05-28,6520261103,6,27000,0
2026-05-28,6655032093,2,15600,0
2026-05-28,6966151134,1,0,1
2026-05-28,8351363328,2,0,2
2026-05-28,8605463656,16,19200,0
2026-05-28,8895292277,4,32400,0
2026-05-28,9046294613,2,0,2
2026-05-28,9529628729,3,8100,0
2026-05-29,12956712644,2,5400,1
2026-05-29,13068920874,4,2000,0
2026-05-29,13357149715,11,89000,3
2026-05-29,4973726723,2,5400,0
2026-05-29,5003259611,1,2200,0
2026-05-29,5024717901,2,15000,0
2026-05-29,5355270179,1,2400,0
2026-05-29,5524199797,5,10500,0
2026-05-29,5614734297,6,31900,0
2026-05-29,5798987044,21,56000,1
2026-05-29,5799070116,161,357700,1
2026-05-29,6362662029,34,255000,0
2026-05-29,6379382624,26,105600,0
2026-05-29,6520261103,6,27000,0
2026-05-29,6655032093,7,54600,0
2026-05-29,7457903992,1,7400,0
2026-05-29,8124456717,1,0,1
2026-05-29,8605463656,12,14400,0
2026-05-29,9529628729,4,10800,0
2026-05-29,9608224404,3,10500,0
2026-05-30,10253686730,1,2700,0
2026-05-30,12956712644,3,0,3
2026-05-30,13068920874,1,500,0
2026-05-30,13357149715,8,80000,1
2026-05-30,5003259611,4,8800,0
2026-05-30,5024717901,3,22500,0
2026-05-30,5524199797,8,16800,0
2026-05-30,5614734297,5,29000,0
2026-05-30,5629504025,5,28000,0
2026-05-30,5798987044,23,53600,0
2026-05-30,5799070116,139,431200,1
2026-05-30,6362662029,18,135000,0
2026-05-30,6379382624,35,117600,1
2026-05-30,6520261103,5,22500,0
2026-05-30,6520479823,8,26000,1
2026-05-30,6655032093,2,15600,0
2026-05-30,6966151134,2,0,2
2026-05-30,7457903992,1,7400,0
2026-05-30,8605463656,9,10800,0
2026-05-30,9046294613,3,5400,2
2026-05-30,9608224404,3,10500,0
2026-05-31,10253686730,1,2700,0
2026-05-31,11017176082,1,0,1
2026-05-31,12956712644,3,0,3
2026-05-31,13357149715,7,46000,3
2026-05-31,4973726723,1,2700,0
2026-05-31,5003259611,3,6600,0
2026-05-31,5024717901,6,45000,0
2026-05-31,5524199797,8,16800,0
2026-05-31,5614734297,10,52200,0
2026-05-31,5629504025,1,5600,0
2026-05-31,5654660417,2,0,2
2026-05-31,5798987044,22,47700,1
2026-05-31,5799070116,175,554300,2
2026-05-31,5815680678,1,3700,0
2026-05-31,6362662029,22,165000,0
2026-05-31,6379382624,37,139200,0
2026-05-31,6520261103,4,18000,0
2026-05-31,6520479823,2,7800,0
2026-05-31,6655032093,2,15600,0
2026-05-31,7090326638,1,0,1
2026-05-31,7457903992,1,7400,0
2026-05-31,8605463656,10,12000,0
2026-05-31,8895292277,4,32400,0
2026-05-31,9046294613,1,0,1
2026-05-31,9529628729,5,13500,0
2026-05-31,9608224404,1,3500,0
2026-06-01,12956712644,8,21600,4
2026-06-01,13068920874,2,1000,0
2026-06-01,13357149715,8,68000,2
2026-06-01,4845158048,1,0,1
2026-06-01,4973726723,1,2700,0
2026-06-01,5003259611,4,8800,0
2026-06-01,5024717901,11,82500,0
2026-06-01,5355270179,1,2400,0
2026-06-01,5524199797,6,12600,0
2026-06-01,5614734297,6,34800,0
2026-06-01,5629504025,1,5600,0
2026-06-01,5654660417,2,0,2
2026-06-01,5798987044,32,72700,1
2026-06-01,5799070116,218,726200,2
2026-06-01,5815680678,2,7400,0
2026-06-01,5970351139,1,2700,0
2026-06-01,6362662029,38,285000,0
2026-06-01,6379382624,69,247200,3
2026-06-01,6520261103,6,27000,0
2026-06-01,6520479823,8,33800,0
2026-06-01,6655032093,6,46800,0
2026-06-01,6966151134,3,0,3
2026-06-01,7414085924,1,3200,0
2026-06-01,7457903992,1,7400,0
2026-06-01,8351363328,1,0,1
2026-06-01,8605463656,25,30000,0
2026-06-01,8895292277,3,24300,0
2026-06-01,9046294613,4,0,4
2026-06-01,9529628729,1,2700,0
2026-06-01,9608224404,1,3500,0
2026-06-01,9969330650,1,0,1
2026-06-02,12956712644,9,10800,7
2026-06-02,13068920874,2,1000,0
2026-06-02,13357149715,7,57000,2
2026-06-02,13402813253,1,12000,0
2026-06-02,13462493161,1,2000,0
2026-06-02,4845158048,1,0,1
2026-06-02,4973726723,2,5400,0
2026-06-02,5024717901,5,37500,0
2026-06-02,5355270179,4,9600,0
2026-06-02,5524199797,8,16800,0
2026-06-02,5614734297,8,40600,1
2026-06-02,5654660417,1,0,1
2026-06-02,5798987044,22,54400,0
2026-06-02,5799070116,143,459000,2
2026-06-02,5815680678,4,14800,0
2026-06-02,5968275643,1,8000,0
2026-06-02,6362662029,27,202500,0
2026-06-02,6379382624,38,144000,1
2026-06-02,6520261103,4,22500,0
2026-06-02,6520479823,4,15600,1
2026-06-02,6966151134,3,2000,2
2026-06-02,7414085924,1,3200,0
2026-06-02,8605463656,14,16800,0
2026-06-02,8895292277,4,32400,0
2026-06-02,9046294613,1,0,1
2026-06-02,9529628729,1,2700,0
2026-06-02,9608224404,3,10500,0
2026-06-02,9921522776,1,8340,0
2026-06-03,12956712644,4,10800,2
2026-06-03,13068920874,1,500,0
2026-06-03,13357149715,7,56000,2
2026-06-03,5003259611,1,2200,0
2026-06-03,5024717901,6,45000,0
2026-06-03,5415180339,1,2000,0
2026-06-03,5524199797,12,25200,0
2026-06-03,5595025105,1,4800,0
2026-06-03,5614734297,8,37700,1
2026-06-03,5629504025,2,11200,0
2026-06-03,5654660417,1,0,1
2026-06-03,5798987044,36,91200,0
2026-06-03,5799070116,132,405100,1
2026-06-03,5815680678,1,3700,0
2026-06-03,6362662029,20,150000,0
2026-06-03,6379382624,43,156000,0
2026-06-03,6520261103,6,31500,0
2026-06-03,6520479823,2,5200,0
2026-06-03,6655032093,3,23400,0
2026-06-03,6966151134,1,0,1
2026-06-03,7414085924,1,3200,0
2026-06-03,8351363328,1,0,1
2026-06-03,8605463656,11,13200,0
2026-06-03,8895292277,5,40500,0
2026-06-03,9046294613,4,5400,3
2026-06-03,9529628729,1,2700,0
2026-06-03,9608224404,1,3500,0
2026-06-03,9921522776,2,16680,0
2026-06-04,10253686730,1,5400,0
2026-06-04,12956712644,3,5400,2
2026-06-04,13068920874,2,1000,0
2026-06-04,13357149715,11,68000,5
2026-06-04,4845158048,1,0,1
2026-06-04,4973726723,3,8100,0
2026-06-04,5003259611,7,15400,0
2026-06-04,5024717901,1,7500,0
2026-06-04,5355270179,2,4800,0
2026-06-04,5524199797,10,21000,0
2026-06-04,5614734297,8,34800,1
2026-06-04,5629504025,1,5600,0
2026-06-04,5654660417,1,0,1
2026-06-04,5798987044,26,67700,0
2026-06-04,5799070116,142,440000,1
2026-06-04,5968275643,1,8000,0
2026-06-04,6362662029,27,202500,0
2026-06-04,6379382624,54,192000,3
2026-06-04,6520261103,8,27000,2
2026-06-04,6520479823,5,18200,0
2026-06-04,6655032093,2,15600,0
2026-06-04,7414085924,1,3200,0
2026-06-04,8351363328,2,0,2
2026-06-04,8605463656,7,8400,0
2026-06-04,8895292277,3,24300,0
2026-06-04,9046294613,4,10800,2
2026-06-04,9529628729,2,5400,0
2026-06-04,9608224404,1,3500,0
2026-06-04,9921522776,2,16680,0
2026-06-05,12774184689,5,22500,0
2026-06-05,12956712644,4,10800,2
2026-06-05,13357149715,4,0,4
2026-06-05,13436457523,1,0,1
2026-06-05,4845158048,1,0,1
2026-06-05,4973726723,1,2700,0
2026-06-05,5003259611,1,2200,0
2026-06-05,5024717901,3,22500,0
2026-06-05,5299145323,2,0,2
2026-06-05,5355270179,1,2400,0
2026-06-05,5524199797,6,12600,0
2026-06-05,5595025105,1,4800,0
2026-06-05,5614734297,5,23200,0
2026-06-05,5629504025,1,5600,0
2026-06-05,5654660417,5,0,5
2026-06-05,5798987044,27,63900,0
2026-06-05,5799070116,105,322200,0
2026-06-05,6362662029,22,165000,0
2026-06-05,6379382624,38,132000,1
2026-06-05,6520261103,2,9000,0
2026-06-05,6520479823,3,10400,0
2026-06-05,6655032093,2,15600,0
2026-06-05,6966151134,3,0,3
2026-06-05,7457903992,1,7400,0
2026-06-05,8605463656,13,15600,0
2026-06-05,8895292277,4,32400,0
2026-06-05,9529628729,1,2700,0
2026-06-05,9608224404,1,3500,0
2026-06-05,9921522776,8,66720,0
2026-06-06,10253686730,1,5400,0
2026-06-06,12774184689,5,22500,0
2026-06-06,12956712644,4,16200,1
2026-06-06,13068920874,2,1000,0
2026-06-06,13357149715,4,33000,1
2026-06-06,4973726723,4,10800,0
2026-06-06,5003259611,2,4400,0
2026-06-06,5024717901,5,37500,0
2026-06-06,5355270179,1,2400,0
2026-06-06,5524199797,5,10500,0
2026-06-06,5595025105,1,4800,0
2026-06-06,5614734297,4,23200,0
2026-06-06,5654660417,2,0,2
2026-06-06,5798987044,27,54900,0
2026-06-06,5799070116,123,385100,0
2026-06-06,5815680678,5,18500,0
2026-06-06,6362662029,20,150000,0
2026-06-06,6379382624,29,103200,0
2026-06-06,6520261103,1,4500,0
2026-06-06,6520479823,3,7800,0
2026-06-06,6655032093,1,7800,0
2026-06-06,6966151134,1,0,1
2026-06-06,8605463656,7,8400,0
2026-06-06,8895292277,3,24300,0
2026-06-06,9046294613,1,0,1
2026-06-06,9529628729,1,2700,0
2026-06-06,9608224404,1,3500,0
2026-06-06,9921522776,4,33360,0
2026-06-07,10253686730,1,2700,0
2026-06-07,12956712644,4,0,4
2026-06-07,13357149715,7,34000,4
2026-06-07,4973726723,2,5400,0
2026-06-07,5003259611,4,8800,0
2026-06-07,5024717901,2,15000,0
2026-06-07,5299145323,1,0,1
2026-06-07,5355270179,2,4800,0
2026-06-07,5524199797,9,18900,0
2026-06-07,5614734297,7,40600,0
2026-06-07,5798987044,25,64000,0
2026-06-07,5799070116,145,462000,1
2026-06-07,6362662029,23,172500,0
2026-06-07,6379382624,24,91200,1
2026-06-07,6520261103,3,13500,0
2026-06-07,6520479823,9,31200,0
2026-06-07,6655032093,2,15600,0
2026-06-07,7457903992,1,7400,0
2026-06-07,8605463656,13,15600,0
2026-06-07,9046294613,1,0,1
2026-06-07,9529628729,1,2700,0
2026-06-07,9608224404,2,7000,0
2026-06-07,9921522776,5,41700,0
2026-06-08,12956712644,4,16200,1
2026-06-08,13357149715,11,88000,3
2026-06-08,4973726723,1,2700,0
2026-06-08,5003259611,1,2200,0
2026-06-08,5024717901,5,37500,0
2026-06-08,5355270179,3,7200,0
2026-06-08,5524199797,5,10500,0
2026-06-08,5614734297,5,26100,0
2026-06-08,5629504025,2,11200,0
2026-06-08,5654660417,1,0,1
2026-06-08,5798987044,36,94200,0
2026-06-08,5799070116,140,474100,0
2026-06-08,5968275643,1,8000,0
2026-06-08,5970351139,2,5400,0
2026-06-08,6362662029,29,217500,0
2026-06-08,6379382624,55,182400,0
2026-06-08,6520261103,9,36000,1
2026-06-08,6520479823,3,7800,0
2026-06-08,6966151134,4,4000,2
2026-06-08,7090326638,1,0,1
2026-06-08,7457903992,1,7400,0
2026-06-08,7720884797,1,0,1
2026-06-08,8124456717,1,0,1
2026-06-08,8605463656,6,7200,0
2026-06-08,8643749105,2,0,2
2026-06-08,8895292277,2,16200,0
2026-06-08,9046294613,2,0,2
2026-06-08,9529628729,1,2700,0
2026-06-08,9608224404,1,3500,0
2026-06-08,9921522776,8,66720,0
2026-06-08,9969330650,1,0,1
2026-06-09,12956712644,4,16200,1
2026-06-09,13357149715,6,45000,2
2026-06-09,4911599710,2,0,2
2026-06-09,5003259611,8,17600,0
2026-06-09,5024717901,4,30000,0
2026-06-09,5299145323,1,0,1
2026-06-09,5524199797,9,18900,0
2026-06-09,5595025105,1,4800,0
2026-06-09,5614734297,7,40600,0
2026-06-09,5629504025,3,16800,0
2026-06-09,5654660417,1,0,1
2026-06-09,5798987044,26,64800,2
2026-06-09,5799070116,173,548300,0
2026-06-09,6362662029,28,210000,0
2026-06-09,6379382624,23,74400,0
2026-06-09,6520261103,9,36000,1
2026-06-09,6520307731,1,2400,0
2026-06-09,6655032093,1,7800,0
2026-06-09,6966151134,2,2000,1
2026-06-09,8605463656,21,25200,0
2026-06-09,8895292277,4,32400,0
2026-06-09,9921522776,4,33360,0
2026-06-10,11017176082,1,0,1
2026-06-10,12956712644,7,21600,3
2026-06-10,13068920874,1,500,0
2026-06-10,13357149715,8,69000,2
2026-06-10,4845158048,2,0,2
2026-06-10,4911599710,1,0,1
2026-06-10,5003259611,2,4400,0
2026-06-10,5024717901,17,127500,0
2026-06-10,5355270179,3,7200,0
2026-06-10,5524199797,4,8400,0
2026-06-10,5614734297,7,34800,0
2026-06-10,5654660417,2,0,2
2026-06-10,5798987044,23,52200,2
2026-06-10,5799070116,137,448700,0
2026-06-10,5968275643,2,16000,0
2026-06-10,6362662029,22,165000,0
2026-06-10,6379382624,41,122400,2
2026-06-10,6520261103,6,27000,0
2026-06-10,6520479823,3,10400,0
2026-06-10,6655032093,6,46800,0
2026-06-10,6966151134,4,0,4
2026-06-10,7457903992,1,7400,0
2026-06-10,8605463656,11,13200,0
2026-06-10,9046294613,7,5400,6
2026-06-10,9608224404,1,3500,0
2026-06-10,9921522776,6,50040,0
2026-06-11,10253686730,3,16200,0
2026-06-11,12956712644,6,16200,3
2026-06-11,13068920874,6,3000,0
2026-06-11,13357149715,3,22000,1
2026-06-11,13402813253,1,12000,0
2026-06-11,4973726723,1,2700,0
2026-06-11,5003259611,1,2200,0
2026-06-11,5024717901,315,2362500,0
2026-06-11,5355270179,4,9600,0
2026-06-11,5524199797,8,16800,0
2026-06-11,5614734297,1,5800,0
2026-06-11,5798987044,17,41200,1
2026-06-11,5799070116,125,385700,0
2026-06-11,6362662029,35,262500,0
2026-06-11,6379382624,40,146400,1
2026-06-11,6520261103,7,27000,1
2026-06-11,6520479823,2,7800,0
2026-06-11,6655032093,1,7800,0
2026-06-11,6966151134,4,0,4
2026-06-11,7720884797,1,0,1
2026-06-11,8605463656,16,19200,0
2026-06-11,8643749105,1,0,1
2026-06-11,8895292277,2,16200,0
2026-06-11,9046294613,4,10800,2
2026-06-11,9529628729,2,5400,0
2026-06-11,9608224404,4,14000,0
2026-06-11,9921522776,14,116760,0
2026-06-11,9969330650,1,0,1
2026-06-12,12956712644,4,10800,2
2026-06-12,13357149715,2,23000,0
2026-06-12,5024717901,2,15000,0
2026-06-12,5355270179,7,16800,0
2026-06-12,5524199797,6,12600,0
2026-06-12,5614734297,4,23200,0
2026-06-12,5629504025,2,11200,0
2026-06-12,5798987044,10,24300,1
2026-06-12,5799070116,113,335400,0
2026-06-12,5968275643,1,8000,0
2026-06-12,6362662029,31,232500,0
2026-06-12,6379382624,31,117600,1
2026-06-12,6520261103,8,36000,1
2026-06-12,6520479823,2,5200,0
2026-06-12,6655032093,2,15600,0
2026-06-12,6966151134,2,0,2
2026-06-12,7457903992,1,7400,0
2026-06-12,8605463656,13,15600,0
2026-06-12,8895292277,2,16200,0
2026-06-12,9046294613,1,5400,0
2026-06-12,9529628729,4,10800,0
2026-06-12,9608224404,2,7000,0
2026-06-12,9921522776,4,33360,0
2026-06-13,12956712644,5,16200,2
2026-06-13,13068920874,1,500,0
2026-06-13,13357149715,2,12000,1
2026-06-13,4845158048,1,0,1
2026-06-13,5024717901,4,30000,0
2026-06-13,5355270179,1,2400,0
2026-06-13,5415180339,1,2000,0
2026-06-13,5524199797,10,21000,0
2026-06-13,5567864358,1,0,1
2026-06-13,5614734297,7,37700,0
2026-06-13,5629504025,2,11200,0
2026-06-13,5654660417,2,0,2
2026-06-13,5798987044,15,35300,1
2026-06-13,5799070116,93,302600,0
2026-06-13,6362662029,20,150000,0
2026-06-13,6379382624,16,60000,0
2026-06-13,6520261103,5,27000,0
2026-06-13,6520479823,3,10400,0
2026-06-13,6655032093,2,15600,0
2026-06-13,8605463656,11,13200,0
2026-06-13,8895292277,2,16200,0
2026-06-13,9046294613,1,0,1
2026-06-13,9921522776,3,25020,0
2026-06-14,12956712644,2,10800,0
2026-06-14,13068920874,5,2500,0
2026-06-14,13357149715,4,22000,2
2026-06-14,13436457523,2,0,2
2026-06-14,5003259611,5,11000,0
2026-06-14,5024717901,3,22500,0
2026-06-14,5299145323,1,0,1
2026-06-14,5355270179,2,4800,0
2026-06-14,5524199797,9,18900,0
2026-06-14,5614734297,7,40600,0
2026-06-14,5654660417,2,0,2
2026-06-14,5798987044,11,26500,1
2026-06-14,5799070116,154,484200,0
2026-06-14,6362662029,30,225000,0
2026-06-14,6379382624,27,110400,0
2026-06-14,6520261103,9,40500,1
2026-06-14,6520479823,3,13000,0
2026-06-14,6655032093,1,7800,0
2026-06-14,7090326638,1,0,1
2026-06-14,8605463656,19,22800,0
2026-06-14,8895292277,2,16200,0
2026-06-14,9046294613,1,0,1
2026-06-14,9608224404,6,21000,0
2026-06-15,12774184689,1,4500,0
2026-06-15,12956712644,2,10800,0
2026-06-15,13357149715,9,89000,1
2026-06-15,4973726723,2,5400,0
2026-06-15,5003259611,1,2200,0
2026-06-15,5024717901,38,285000,0
2026-06-15,5355270179,2,4800,0
2026-06-15,5415180339,1,2000,0
2026-06-15,5524199797,7,14700,0
2026-06-15,5595025105,2,9600,0
2026-06-15,5614734297,6,29000,1
2026-06-15,5654660417,1,0,1
2026-06-15,5798987044,21,50000,1
2026-06-15,5799070116,130,428700,2
2026-06-15,5815680678,2,7400,0
2026-06-15,5968275643,1,8000,0
2026-06-15,6362662029,35,262500,0
2026-06-15,6379382624,40,136800,3
2026-06-15,6520261103,7,40500,0
2026-06-15,6520479823,15,39000,0
2026-06-15,6655032093,3,23400,0
2026-06-15,7457903992,3,22200,0
2026-06-15,8351363328,2,0,2
2026-06-15,8605463656,20,24000,0
2026-06-15,8895292277,3,24300,0
2026-06-15,9529628729,2,5400,0
2026-06-15,9608224404,2,7000,0
2026-06-15,9921522776,5,41700,0
2026-06-16,10253686730,1,5400,0
2026-06-16,12956712644,3,5400,2
2026-06-16,13357149715,3,23000,1
2026-06-16,13436457523,1,0,1
2026-06-16,4973726723,1,2700,0
2026-06-16,5003259611,3,6600,0
2026-06-16,5024717901,17,127500,0
2026-06-16,5355270179,5,12000,0
2026-06-16,5415180339,1,2000,0
2026-06-16,5524199797,10,21000,0
2026-06-16,5595025105,2,9600,0
2026-06-16,5614734297,4,23200,0
2026-06-16,5629504025,1,5600,0
2026-06-16,5654660417,3,0,3
2026-06-16,5798987044,28,67600,0
2026-06-16,5799070116,139,451700,1
2026-06-16,5970351139,2,5400,0
2026-06-16,6362662029,38,285000,0
2026-06-16,6379382624,47,163200,2
2026-06-16,6520261103,10,49500,1
2026-06-16,6520479823,4,15600,0
2026-06-16,6655032093,2,15600,0
2026-06-16,6966151134,1,0,1
2026-06-16,7414085924,2,6400,0
2026-06-16,7457903992,4,29600,0
2026-06-16,8605463656,15,18000,0
2026-06-16,8643749105,1,0,1
2026-06-16,8895292277,2,16200,0
2026-06-16,9046294613,1,0,1
2026-06-16,9608224404,1,3500,0
2026-06-16,9921522776,5,41700,0
2026-06-17,11017176082,1,0,1
2026-06-17,12774184689,1,4500,0
2026-06-17,12956712644,8,21600,4
2026-06-17,13357149715,9,68000,3
2026-06-17,4911599710,4,0,4
2026-06-17,5003259611,2,4400,0
2026-06-17,5024717901,3,22500,0
2026-06-17,5355270179,1,2400,0
2026-06-17,5524199797,16,33600,0
2026-06-17,5614734297,7,31900,0
2026-06-17,5629504025,2,11200,0
2026-06-17,5798987044,24,60300,0
2026-06-17,5799070116,183,522800,2
2026-06-17,5970351139,1,2700,0
2026-06-17,6362662029,30,225000,0
2026-06-17,6379382624,36,120000,2
2026-06-17,6520261103,7,31500,1
2026-06-17,6520307731,1,2400,0
2026-06-17,6520479823,2,10400,0
2026-06-17,6655032093,3,23400,0
2026-06-17,6966151134,2,0,2
2026-06-17,7457903992,1,7400,0
2026-06-17,8351363328,1,0,1
2026-06-17,8605463656,27,32400,0
2026-06-17,8895292277,3,24300,0
2026-06-17,9046294613,2,0,2
2026-06-17,9608224404,2,7000,0
2026-06-17,9921522776,7,58380,0
2026-06-18,12774184689,1,4500,0
2026-06-18,12956712644,2,5400,1
2026-06-18,13068920874,2,1000,0
2026-06-18,13357149715,4,33000,1
2026-06-18,13402813253,1,12000,0
2026-06-18,4911599710,26,0,26
2026-06-18,5024717901,6,45000,0
2026-06-18,5355270179,4,9600,0
2026-06-18,5524199797,14,29400,0
2026-06-18,5614734297,6,29000,1
2026-06-18,5654660417,1,0,1
2026-06-18,5798987044,32,87700,1
2026-06-18,5799070116,109,353800,1
2026-06-18,5970351139,2,5400,0
2026-06-18,6362662029,18,135000,0
2026-06-18,6379382624,35,144000,1
2026-06-18,6520261103,3,18000,0
2026-06-18,6520479823,2,7800,0
2026-06-18,6655032093,3,23400,0
2026-06-18,8605463656,26,31200,0
2026-06-18,9608224404,4,14000,0
2026-06-18,9921522776,2,16680,0
2026-06-19,12956712644,4,10800,2
2026-06-19,13357149715,3,33000,0
2026-06-19,13402813253,1,12000,0
2026-06-19,5003259611,2,4400,0
2026-06-19,5024717901,16,120000,0
2026-06-19,5355270179,5,12000,0
2026-06-19,5524199797,10,21000,0
2026-06-19,5614734297,3,14500,0
2026-06-19,5798987044,21,52200,0
2026-06-19,5799070116,119,378900,0
2026-06-19,6362662029,22,165000,0
2026-06-19,6379382624,24,88800,0
2026-06-19,6520261103,2,9000,0
2026-06-19,6520307731,2,4800,0
2026-06-19,6520479823,1,2600,0
2026-06-19,6655032093,4,31200,0
2026-06-19,7720884797,3,0,3
2026-06-19,8351363328,1,0,1
2026-06-19,8605463656,18,21600,0
2026-06-19,8643749105,1,0,1
2026-06-19,8895292277,1,8100,0
2026-06-19,9046294613,4,5400,3
2026-06-19,9608224404,3,10500,0
2026-06-19,9921522776,1,8340,0
2026-06-20,10253686730,1,5400,0
2026-06-20,12956712644,3,5400,2
2026-06-20,13068920874,3,1500,0
2026-06-20,13357149715,4,34000,1
2026-06-20,4973726723,2,5400,0
2026-06-20,5003259611,1,2200,0
2026-06-20,5024717901,1,7500,0
2026-06-20,5355270179,1,2400,0
2026-06-20,5415180339,1,2000,0
2026-06-20,5524199797,14,29400,0
2026-06-20,5614734297,1,5800,0
2026-06-20,5654660417,1,0,1
2026-06-20,5798987044,19,50100,1
2026-06-20,5799070116,98,308800,1
2026-06-20,6362662029,36,270000,0
2026-06-20,6379382624,29,110400,0
2026-06-20,6520261103,5,22500,0
2026-06-20,6520479823,1,5200,0
2026-06-20,6655032093,2,15600,0
2026-06-20,7090326638,1,0,1
2026-06-20,7720884797,1,0,1
2026-06-20,8605463656,17,20400,0
2026-06-20,8895292277,1,8100,0
2026-06-20,9046294613,2,0,2
2026-06-20,9529628729,1,2700,0
2026-06-20,9921522776,4,33360,0
2026-06-21,12956712644,2,10800,0
2026-06-21,13068920874,2,1000,0
2026-06-21,13357149715,11,47000,7
2026-06-21,4911599710,6,0,6
2026-06-21,4973726723,1,2700,0
2026-06-21,5003259611,2,4400,0
2026-06-21,5024717901,5,37500,0
2026-06-21,5299145323,2,0,2
2026-06-21,5355270179,1,2400,0
2026-06-21,5524199797,6,12600,0
2026-06-21,5614734297,6,26100,1
2026-06-21,5798987044,27,59500,2
2026-06-21,5799070116,119,372200,1
2026-06-21,5968275643,1,8000,0
2026-06-21,6362662029,21,157500,0
2026-06-21,6379382624,25,96000,0
2026-06-21,6520261103,3,13500,0
2026-06-21,6520479823,2,5200,0
2026-06-21,6655032093,2,15600,0
2026-06-21,6966151134,2,0,2
2026-06-21,8605463656,16,19200,0
2026-06-21,8895292277,1,8100,0
2026-06-21,9529628729,2,5400,0
2026-06-21,9921522776,4,33360,0
2026-06-22,10253686730,2,8100,0
2026-06-22,12774184689,1,4500,0
2026-06-22,12956712644,4,0,4
2026-06-22,13068920874,1,500,0
2026-06-22,13357149715,11,77000,4
2026-06-22,13436457523,6,0,6
2026-06-22,13462493161,1,2000,0
2026-06-22,13462976266,1,0,1
2026-06-22,4911599710,4,0,4
2026-06-22,5003259611,1,2200,0
2026-06-22,5024717901,4,30000,0
2026-06-22,5355270179,1,2400,0
2026-06-22,5524199797,18,37800,0
2026-06-22,5595025105,1,4800,0
2026-06-22,5614734297,8,37700,0
2026-06-22,5629504025,1,5600,0
2026-06-22,5798987044,31,89200,0
2026-06-22,5799070116,133,435100,1
2026-06-22,6362662029,41,307500,0
2026-06-22,6379382624,53,208800,0
2026-06-22,6520261103,6,27000,0
2026-06-22,6520307731,2,4800,0
2026-06-22,6520479823,4,18200,0
2026-06-22,6966151134,1,2000,0
2026-06-22,7414085924,1,3200,0
2026-06-22,8351363328,1,0,1
2026-06-22,8605463656,40,48000,0
2026-06-22,8895292277,6,48600,0
2026-06-22,9046294613,2,0,2
2026-06-22,9529628729,1,2700,0
2026-06-22,9921522776,7,58380,0
2026-06-23,12956712644,3,0,3
2026-06-23,13357149715,5,57000,0
2026-06-23,13436457523,1,0,1
2026-06-23,5024717901,2,15000,0
2026-06-23,5355270179,2,4800,0
2026-06-23,5415180339,1,2000,0
2026-06-23,5524199797,13,27300,0
2026-06-23,5614734297,6,34800,0
2026-06-23,5629504025,1,5600,0
2026-06-23,5654660417,3,0,3
2026-06-23,5798987044,45,97600,2
2026-06-23,5799070116,121,378100,1
2026-06-23,5968275643,1,8000,0
2026-06-23,6362662029,25,187500,0
2026-06-23,6379382624,66,213600,0
2026-06-23,6520261103,3,13500,0
2026-06-23,6520479823,1,5200,0
2026-06-23,6655032093,2,15600,0
2026-06-23,6966151134,1,0,1
2026-06-23,7457903992,1,7400,0
2026-06-23,8605463656,18,21600,0
2026-06-23,8895292277,1,8100,0
2026-06-23,9046294613,2,5400,1
2026-06-23,9608224404,1,3500,0
2026-06-23,9921522776,4,33360,0
2026-06-24,12956712644,2,10800,0
2026-06-24,13357149715,8,58000,3
2026-06-24,13436457523,2,0,2
2026-06-24,4973726723,2,5400,0
2026-06-24,5003259611,4,8800,0
2026-06-24,5024717901,4,30000,0
2026-06-24,5524199797,5,10500,0
2026-06-24,5614734297,4,20300,0
2026-06-24,5654660417,1,0,1
2026-06-24,5798987044,28,72200,2
2026-06-24,5799070116,337,890800,0
2026-06-24,6362662029,25,187500,0
2026-06-24,6379382624,47,172800,0
2026-06-24,6520261103,6,27000,0
2026-06-24,6520479823,3,7800,0
2026-06-24,6655032093,3,23400,0
2026-06-24,7457903992,1,7400,0
2026-06-24,7720884797,1,0,1
2026-06-24,8605463656,22,26400,0
2026-06-24,8895292277,2,16200,0
2026-06-24,9046294613,2,0,2
2026-06-24,9529628729,1,2700,0
2026-06-24,9608224404,3,10500,0
2026-06-24,9921522776,6,50040,0
2026-06-25,12956712644,2,0,2
2026-06-25,13357149715,6,33000,3
2026-06-25,5024717901,7,52500,0
2026-06-25,5355270179,3,7200,0
2026-06-25,5524199797,8,16800,0
2026-06-25,5614734297,1,5800,0
2026-06-25,5629504025,1,5600,0
2026-06-25,5798987044,17,47900,0
2026-06-25,5799070116,117,390300,0
2026-06-25,6362662029,32,240000,0
2026-06-25,6379382624,40,144000,1
2026-06-25,6520261103,3,18000,0
2026-06-25,6655032093,3,23400,0
2026-06-25,7457903992,2,14800,0
2026-06-25,8605463656,9,10800,0
2026-06-25,8895292277,4,32400,0
2026-06-25,9529628729,2,5400,0
2026-06-25,9608224404,1,3500,0
2026-06-25,9921522776,5,41700,0
2026-06-26,12956712644,3,16200,0
2026-06-26,13068920874,5,2500,0
2026-06-26,13357149715,7,23000,5
2026-06-26,4845158048,1,0,1
2026-06-26,4973726723,2,5400,0
2026-06-26,5003259611,7,15400,0
2026-06-26,5024717901,6,45000,0
2026-06-26,5355270179,2,4800,0
2026-06-26,5524199797,5,10500,0
2026-06-26,5614734297,6,31900,0
2026-06-26,5798987044,41,106100,3
2026-06-26,5799070116,123,386700,1
2026-06-26,5970351139,2,5400,0
2026-06-26,6362662029,26,195000,0
2026-06-26,6379382624,35,127200,1
2026-06-26,6520261103,2,13500,0
2026-06-26,6520479823,5,18200,0
2026-06-26,6655032093,1,7800,0
2026-06-26,7720884797,1,0,1
2026-06-26,8605463656,27,32400,0
2026-06-26,8895292277,2,16200,0
2026-06-26,9046294613,1,0,1
2026-06-26,9608224404,3,10500,0
2026-06-26,9921522776,4,33360,0
2026-06-27,12956712644,3,10800,1
2026-06-27,13402813253,2,24000,0
2026-06-27,5003259611,3,6600,0
2026-06-27,5024717901,2,15000,0
2026-06-27,5355270179,1,2400,0
2026-06-27,5415180339,1,2000,0
2026-06-27,5524199797,10,21000,0
2026-06-27,5614734297,2,11600,0
2026-06-27,5798987044,14,36800,0
2026-06-27,5799070116,105,334100,1
2026-06-27,5970351139,1,2700,0
2026-06-27,6362662029,26,195000,0
2026-06-27,6379382624,19,67200,0
2026-06-27,6520261103,7,36000,0
2026-06-27,6520479823,1,2600,0
2026-06-27,7090326638,1,0,1
2026-06-27,8351363328,1,0,1
2026-06-27,8605463656,10,12000,0
2026-06-27,8895292277,2,16200,0
2026-06-27,9529628729,1,2700,0
2026-06-27,9608224404,1,3500,0
2026-06-27,9921522776,1,8340,0
2026-06-28,10253686730,1,2700,0
2026-06-28,12956712644,1,0,1
2026-06-28,13357149715,3,23000,1
2026-06-28,13462493161,1,2000,0
2026-06-28,5003259611,5,8800,1
2026-06-28,5024717901,2,15000,0
2026-06-28,5355270179,1,2400,0
2026-06-28,5524199797,10,21000,0
2026-06-28,5567864358,1,0,1
2026-06-28,5595025105,1,4800,0
2026-06-28,5614734297,5,29000,0
2026-06-28,5654660417,1,0,1
2026-06-28,5798987044,26,72200,0
2026-06-28,5799070116,153,517100,0
2026-06-28,6362662029,30,225000,0
2026-06-28,6379382624,21,76800,0
2026-06-28,6520261103,4,22500,0
2026-06-28,6520307731,1,2400,0
2026-06-28,6520479823,5,18200,1
2026-06-28,6655032093,1,7800,0
2026-06-28,8124456717,1,0,1
2026-06-28,8605463656,13,15600,0
2026-06-28,8895292277,4,32400,0
2026-06-28,9046294613,2,0,2
2026-06-28,9921522776,6,50040,0
2026-06-29,12774184689,1,4500,0
2026-06-29,12956712644,2,5400,1
2026-06-29,13068920874,4,2000,0
2026-06-29,13357149715,1,11000,0
2026-06-29,13436457523,3,0,3
2026-06-29,4911599710,2,0,2
2026-06-29,4973726723,1,2700,0
2026-06-29,5003259611,5,11000,0
2026-06-29,5024717901,4,30000,0
2026-06-29,5415180339,1,2000,0
2026-06-29,5524199797,17,35700,0
2026-06-29,5614734297,8,40600,0
2026-06-29,5629504025,3,16800,0
2026-06-29,5798987044,30,82500,0
2026-06-29,5799070116,149,481900,1
2026-06-29,5968275643,1,8000,0
2026-06-29,5970351139,1,2700,0
2026-06-29,6362662029,30,225000,0
2026-06-29,6379382624,38,127200,1
2026-06-29,6520261103,12,54000,1
2026-06-29,6520307731,2,4800,0
2026-06-29,6520479823,4,15600,0
2026-06-29,6655032093,4,31200,0
2026-06-29,8351363328,2,0,2
2026-06-29,8605463656,14,16800,0
2026-06-29,8895292277,3,24300,0
2026-06-29,9046294613,3,0,3
2026-06-29,9608224404,2,7000,0
2026-06-29,9921522776,5,41700,0
2026-06-30,12956712644,2,5400,1
2026-06-30,13068920874,1,500,0
2026-06-30,13357149715,5,35000,2
2026-06-30,4973726723,1,2700,0
2026-06-30,5003259611,5,11000,0
2026-06-30,5024717901,2,15000,0
2026-06-30,5355270179,2,4800,0
2026-06-30,5524199797,16,33600,0
2026-06-30,5614734297,5,26100,0
2026-06-30,5629504025,1,5600,0
2026-06-30,5654660417,2,0,2
2026-06-30,5798987044,30,80300,1
2026-06-30,5799070116,150,488200,0
2026-06-30,5970351139,1,2700,0
2026-06-30,6362662029,35,262500,0
2026-06-30,6379382624,43,141600,3
2026-06-30,6520261103,7,27000,1
2026-06-30,6520479823,3,10400,0
2026-06-30,6655032093,4,31200,0
2026-06-30,7457903992,1,7400,0
2026-06-30,8605463656,7,8400,0
2026-06-30,8895292277,2,16200,0
2026-06-30,9608224404,2,7000,0
2026-06-30,9921522776,4,33360,0
2026-07-01,12956712644,7,16200,4
2026-07-01,13357149715,4,46000,0
2026-07-01,13436457523,8,0,8
2026-07-01,4973726723,3,8100,0
2026-07-01,5003259611,2,4400,0
2026-07-01,5024717901,2,15000,0
2026-07-01,5524199797,7,14700,0
2026-07-01,5595025105,1,4800,0
2026-07-01,5614734297,8,37700,0
2026-07-01,5654660417,2,0,2
2026-07-01,5798987044,33,83200,2
2026-07-01,5799070116,191,595700,2
2026-07-01,5815680678,4,14800,0
2026-07-01,5968275643,1,8000,0
2026-07-01,6362662029,41,307500,0
2026-07-01,6379382624,43,160800,1
2026-07-01,6520261103,4,22500,0
2026-07-01,6520479823,2,10400,0
2026-07-01,6655032093,4,31200,0
2026-07-01,6966151134,1,2000,0
2026-07-01,7090326638,1,0,1
2026-07-01,8351363328,1,0,1
2026-07-01,8605463656,39,46800,0
2026-07-01,8895292277,3,24300,0
2026-07-01,9046294613,1,0,1
2026-07-01,9529628729,1,2700,0
2026-07-01,9608224404,1,3500,0
2026-07-01,9921522776,12,100080,0
2026-07-02,12956712644,3,5400,2
2026-07-02,13068920874,1,500,0
2026-07-02,13357149715,5,44000,1
2026-07-02,5003259611,6,13200,0
2026-07-02,5024717901,7,52500,0
2026-07-02,5415180339,1,2000,0
2026-07-02,5524199797,17,35700,0
2026-07-02,5614734297,2,11600,0
2026-07-02,5629504025,1,5600,0
2026-07-02,5654660417,2,0,2
2026-07-02,5798987044,27,66300,3
2026-07-02,5799070116,141,445700,1
2026-07-02,5815680678,1,3700,0
2026-07-02,5970351139,2,5400,0
2026-07-02,6362662029,31,232500,0
2026-07-02,6379382624,29,110400,0
2026-07-02,6520261103,6,31500,0
2026-07-02,6520479823,4,10400,0
2026-07-02,6520546844,1,0,1
2026-07-02,6655032093,3,23400,0
2026-07-02,6966151134,2,0,2
2026-07-02,7414085924,1,3200,0
2026-07-02,7720884797,1,0,1
2026-07-02,8605463656,5,6000,0
2026-07-02,8895292277,4,32400,0
2026-07-02,9046294613,2,5400,1
2026-07-02,9529628729,1,2700,0
2026-07-02,9921522776,4,33360,0
2026-07-03,12956712644,4,16200,1
2026-07-03,13357149715,9,34000,6
2026-07-03,4973726723,1,2700,0
2026-07-03,5003259611,7,15400,0
2026-07-03,5024717901,2,15000,0
2026-07-03,5524199797,7,14700,0
2026-07-03,5614734297,1,5800,0
2026-07-03,5654660417,3,0,3
2026-07-03,5798987044,33,80900,1
2026-07-03,5799070116,103,329700,0
2026-07-03,5815680678,1,3700,0
2026-07-03,5968275643,1,8000,0
2026-07-03,6362662029,31,232500,0
2026-07-03,6379382624,16,52800,1
2026-07-03,6520261103,4,22500,0
2026-07-03,6520307731,1,2400,0
2026-07-03,6520479823,2,5200,0
2026-07-03,6655032093,2,15600,0
2026-07-03,7414085924,1,3200,0
2026-07-03,8605463656,9,10800,0
2026-07-03,8895292277,2,16200,0
2026-07-03,9046294613,3,0,3
2026-07-03,9529628729,1,2700,0
2026-07-03,9608224404,1,3500,0
2026-07-03,9921522776,5,41700,0
2026-07-04,10253686730,1,5400,0
2026-07-04,12956712644,5,21600,1
2026-07-04,13068920874,4,2000,0
2026-07-04,13357149715,7,56000,2
2026-07-04,5024717901,5,37500,0
2026-07-04,5355270179,1,2400,0
2026-07-04,5524199797,11,23100,0
2026-07-04,5595025105,1,4800,0
2026-07-04,5614734297,1,5800,0
2026-07-04,5654660417,3,0,3
2026-07-04,5798987044,20,50100,2
2026-07-04,5799070116,129,406000,0
2026-07-04,5968275643,1,8000,0
2026-07-04,6362662029,26,195000,0
2026-07-04,6379382624,26,96000,1
2026-07-04,6520261103,4,18000,0
2026-07-04,6520479823,4,10400,0
2026-07-04,6655032093,1,7800,0
2026-07-04,6966151134,1,0,1
2026-07-04,8351363328,2,0,2
2026-07-04,8605463656,11,13200,0
2026-07-04,8895292277,6,48600,0
2026-07-04,9046294613,2,5400,1
2026-07-04,9529628729,2,5400,0
2026-07-04,9608224404,2,7000,0
2026-07-04,9921522776,9,75060,0
2026-07-05,12956712644,4,16200,1
2026-07-05,13357149715,10,100000,1
2026-07-05,4973726723,1,2700,0
2026-07-05,5003259611,4,8800,0
2026-07-05,5024717901,6,45000,0
2026-07-05,5299145323,1,0,1
2026-07-05,5355270179,1,2400,0
2026-07-05,5524199797,9,18900,0
2026-07-05,5614734297,4,20300,0
2026-07-05,5629504025,1,5600,0
2026-07-05,5798987044,16,39700,0
2026-07-05,5799070116,187,611600,1
2026-07-05,5970351139,1,2700,0
2026-07-05,6362662029,30,225000,0
2026-07-05,6379382624,28,103200,1
2026-07-05,6520261103,4,22500,0
2026-07-05,6520479823,5,18200,0
2026-07-05,6655032093,1,7800,0
2026-07-05,7090326638,1,0,1
2026-07-05,8605463656,11,13200,0
2026-07-05,8895292277,2,16200,0
2026-07-05,9046294613,2,5400,1
2026-07-05,9529628729,1,2700,0
2026-07-05,9608224404,3,10500,0
2026-07-05,9921522776,2,16680,0
2026-07-06,12956712644,5,5400,4
2026-07-06,13068920874,2,1000,0
2026-07-06,13357149715,2,23000,0
2026-07-06,13402813253,3,36000,0
2026-07-06,13436457523,2,0,2
2026-07-06,5024717901,4,30000,0
2026-07-06,5524199797,11,23100,0
2026-07-06,5595025105,2,9600,0
2026-07-06,5614734297,5,29000,0
2026-07-06,5629504025,1,5600,0
2026-07-06,5654660417,2,0,2
2026-07-06,5798987044,23,68600,0
2026-07-06,5799070116,120,372600,2
2026-07-06,6362662029,31,232500,0
2026-07-06,6379382624,35,115200,1
2026-07-06,6520261103,5,22500,0
2026-07-06,6520479823,2,5200,0
2026-07-06,6655032093,2,15600,0
2026-07-06,6966151134,2,0,2
2026-07-06,7720884797,1,0,1
2026-07-06,8124456717,2,0,2
2026-07-06,8605463656,11,13200,0
2026-07-06,8895292277,5,40500,0
2026-07-06,9046294613,3,5400,2
2026-07-06,9529628729,1,2700,0
2026-07-06,9608224404,5,17500,0
2026-07-06,9921522776,2,16680,0
2026-07-07,12956712644,8,16200,5
2026-07-07,13068920874,1,500,0
2026-07-07,13357149715,2,12000,1
2026-07-07,4845158048,2,0,2
2026-07-07,4973726723,1,2700,0
2026-07-07,5003259611,6,13200,0
2026-07-07,5024717901,7,52500,0
2026-07-07,5355270179,2,4800,0
2026-07-07,5524199797,12,25200,0
2026-07-07,5614734297,4,17400,0
2026-07-07,5629504025,1,5600,0
2026-07-07,5654660417,3,0,3
2026-07-07,5798987044,21,50800,2
2026-07-07,5799070116,95,304700,0
2026-07-07,5968275643,1,8000,0
2026-07-07,6362662029,20,150000,0
2026-07-07,6379382624,43,163200,0
2026-07-07,6520261103,9,40500,0
2026-07-07,6520479823,2,10400,0
2026-07-07,6655032093,1,7800,0
2026-07-07,6966151134,1,0,1
2026-07-07,7414085924,1,3200,0
2026-07-07,8351363328,1,0,1
2026-07-07,8605463656,20,24000,0
2026-07-07,8895292277,6,48600,0
2026-07-07,9921522776,5,41700,0
2026-07-08,12956712644,7,27000,2
2026-07-08,13068920874,1,500,0
2026-07-08,13357149715,3,36000,0
2026-07-08,13436457523,2,0,2
2026-07-08,4973726723,2,5400,0
2026-07-08,5003259611,4,8800,0
2026-07-08,5024717901,11,82500,0
2026-07-08,5524199797,9,18900,0
2026-07-08,5614734297,7,26100,2
2026-07-08,5629504025,1,5600,0
2026-07-08,5654660417,2,0,2
2026-07-08,5798987044,25,59600,2
2026-07-08,5799070116,111,360400,0
2026-07-08,6362662029,31,232500,0
2026-07-08,6379382624,21,72000,1
2026-07-08,6520261103,6,31500,0
2026-07-08,6520479823,5,18200,0
2026-07-08,6966151134,2,0,2
2026-07-08,7457903992,2,14800,0
2026-07-08,8351363328,1,0,1
2026-07-08,8605463656,11,13200,0
2026-07-08,9046294613,1,0,1
2026-07-08,9529628729,3,8100,0
2026-07-08,9608224404,2,7000,0
2026-07-08,9921522776,7,58380,0
2026-07-09,10253686730,1,5400,0
2026-07-09,12956712644,1,5400,0
2026-07-09,13357149715,1,12000,0
2026-07-09,4845158048,2,0,2
2026-07-09,5024717901,4,30000,0
2026-07-09,5355270179,1,2400,0
2026-07-09,5415180339,1,2000,0
2026-07-09,5524199797,7,14700,0
2026-07-09,5595025105,1,4800,0
2026-07-09,5614734297,2,11600,0
2026-07-09,5654660417,3,0,3
2026-07-09,5798987044,20,55300,1
2026-07-09,5799070116,107,338300,1
2026-07-09,6362662029,30,225000,0
2026-07-09,6379382624,29,100800,0
2026-07-09,6520261103,3,13500,0
2026-07-09,6520479823,1,2600,0
2026-07-09,6520546844,1,0,1
2026-07-09,6655032093,3,23400,0
2026-07-09,8124456717,1,0,1
2026-07-09,8605463656,23,27600,0
2026-07-09,8895292277,6,48600,0
2026-07-09,9046294613,1,0,1
2026-07-09,9529628729,2,5400,0
2026-07-09,9608224404,1,3500,0
2026-07-09,9921522776,7,58380,0
2026-07-10,12774184689,1,4500,0
2026-07-10,12956712644,2,0,2
2026-07-10,13402813253,1,12000,0
2026-07-10,5024717901,7,52500,0
2026-07-10,5355270179,1,2400,0
2026-07-10,5415180339,1,2000,0
2026-07-10,5524199797,6,12600,0
2026-07-10,5567864358,1,0,1
2026-07-10,5614734297,9,34800,2
2026-07-10,5798987044,21,53700,0
2026-07-10,5799070116,73,244600,0
2026-07-10,6362662029,21,157500,0
2026-07-10,6379382624,28,105600,0
2026-07-10,6520261103,3,13500,0
2026-07-10,6520479823,2,7800,0
2026-07-10,6655032093,1,7800,0
2026-07-10,7457903992,1,7400,0
2026-07-10,7720884797,1,0,1
2026-07-10,8605463656,28,33600,0
2026-07-10,8895292277,4,32400,0
2026-07-10,9529628729,3,8100,0
2026-07-10,9608224404,1,3500,0
2026-07-10,9921522776,3,25020,0
2026-07-11,12956712644,1,5400,0
2026-07-11,13068920874,4,2000,0
2026-07-11,13357149715,1,0,1
2026-07-11,5024717901,4,30000,0
2026-07-11,5415180339,1,2000,0
2026-07-11,5524199797,1,2100,0
2026-07-11,5614734297,6,26100,0
2026-07-11,5654660417,2,0,2
2026-07-11,5798987044,15,35300,1
2026-07-11,5799070116,85,268900,0
2026-07-11,6362662029,20,150000,0
2026-07-11,6379382624,13,48000,0
2026-07-11,6520261103,5,22500,0
2026-07-11,6655032093,1,7800,0
2026-07-11,8605463656,9,10800,0
2026-07-11,8895292277,4,32400,0
2026-07-11,9921522776,2,16680,0
2026-07-12,12956712644,3,10800,1
2026-07-12,13357149715,1,12000,0
2026-07-12,13402813253,1,12000,0
2026-07-12,13436457523,1,0,1
2026-07-12,5003259611,3,6600,0
2026-07-12,5024717901,3,22500,0
2026-07-12,5355270179,3,7200,0
2026-07-12,5524199797,6,12600,0
2026-07-12,5595025105,1,4800,0
2026-07-12,5614734297,4,23200,0
2026-07-12,5798987044,21,50800,2
2026-07-12,5799070116,137,424300,1
2026-07-12,6362662029,16,120000,0
2026-07-12,6379382624,19,64800,0
2026-07-12,6520261103,1,4500,0
2026-07-12,6655032093,1,7800,0
2026-07-12,6966151134,1,0,1
2026-07-12,8605463656,12,14400,0
2026-07-12,8895292277,2,16200,0
2026-07-12,9046294613,1,0,1
2026-07-12,9529628729,1,2700,0
2026-07-12,9608224404,1,3500,0
2026-07-12,9921522776,1,8340,0
2026-07-13,12956712644,8,10800,6
2026-07-13,13357149715,5,47000,1
2026-07-13,5024717901,15,112500,0
2026-07-13,5524199797,13,27300,0
2026-07-13,5595025105,1,4800,0
2026-07-13,5614734297,3,17400,0
2026-07-13,5654660417,4,0,4
2026-07-13,5798987044,29,67700,3
2026-07-13,5799070116,107,333100,1
2026-07-13,5815680678,2,7400,0
2026-07-13,5968275643,1,8000,0
2026-07-13,6362662029,29,217500,0
2026-07-13,6379382624,33,122400,1
2026-07-13,6520261103,7,36000,0
2026-07-13,6520479823,3,10400,0
2026-07-13,6655032093,2,15600,0
2026-07-13,7457903992,1,7400,0
2026-07-13,8351363328,2,0,2
2026-07-13,8605463656,6,7200,0
2026-07-13,8895292277,2,16200,0
2026-07-13,9046294613,2,0,2
2026-07-13,9608224404,2,7000,0
2026-07-13,9921522776,6,50040,0
2026-07-14,12956712644,9,43200,1
2026-07-14,13068920874,1,500,0
2026-07-14,13357149715,3,33000,0
2026-07-14,4973726723,1,2700,0
2026-07-14,5003259611,2,4400,0
2026-07-14,5024717901,4,30000,0
2026-07-14,5524199797,10,21000,0
2026-07-14,5595025105,1,4800,0
2026-07-14,5614734297,4,20300,0
2026-07-14,5654660417,1,0,1
2026-07-14,5798987044,22,58200,1
2026-07-14,5799070116,106,327600,0
2026-07-14,6362662029,20,150000,0
2026-07-14,6379382624,33,117600,0
2026-07-14,6520261103,8,36000,0
2026-07-14,6520307731,1,2400,0
2026-07-14,6520479823,2,5200,0
2026-07-14,6655032093,2,15600,0
2026-07-14,7720884797,1,0,1
2026-07-14,8351363328,1,0,1
2026-07-14,8605463656,10,12000,0
2026-07-14,8895292277,7,56700,0
2026-07-14,9046294613,4,10800,2
2026-07-14,9529628729,1,2700,0
2026-07-14,9608224404,1,3500,0
2026-07-14,9921522776,9,75060,0
2026-07-15,12956712644,6,21600,2
2026-07-15,13357149715,2,11000,1
2026-07-15,4973726723,1,2700,0
2026-07-15,5024717901,12,90000,0
2026-07-15,5415180339,1,2000,0
2026-07-15,5524199797,7,14700,0
2026-07-15,5614734297,6,34800,0
2026-07-15,5798987044,22,51500,2
2026-07-15,5799070116,80,238800,1
2026-07-15,6362662029,27,202500,0
2026-07-15,6379382624,29,98400,1
2026-07-15,6520261103,8,22500,3
2026-07-15,6520479823,5,20800,0
2026-07-15,6655032093,3,23400,0
2026-07-15,8605463656,24,28800,0
2026-07-15,8895292277,2,16200,0
2026-07-15,9046294613,1,0,1
2026-07-15,9608224404,4,14000,0
2026-07-16,12956712644,5,5400,4
2026-07-16,13357149715,6,34000,3
2026-07-16,13436457523,2,0,2
2026-07-16,5003259611,3,6600,0
2026-07-16,5024717901,9,67500,0
2026-07-16,5355270179,1,2400,0
2026-07-16,5524199797,12,25200,0
2026-07-16,5614734297,6,34800,0
2026-07-16,5629504025,4,22400,0
2026-07-16,5654660417,1,0,1
2026-07-16,5798987044,28,82600,0
2026-07-16,5799070116,97,281400,1
2026-07-16,5968275643,1,8000,0
2026-07-16,6362662029,15,112500,0
2026-07-16,6379382624,22,81600,1
2026-07-16,6520261103,1,4500,0
2026-07-16,6520479823,4,7800,1
2026-07-16,6655032093,4,31200,0
2026-07-16,7720884797,1,0,1
2026-07-16,8605463656,8,9600,0
2026-07-16,9529628729,1,2700,0
2026-07-16,9921522776,3,25020,0
2026-07-17,12956712644,7,16200,4
2026-07-17,13068920874,2,1000,0
2026-07-17,13357149715,3,0,3
2026-07-17,4973726723,1,2700,0
2026-07-17,5003259611,2,4400,0
2026-07-17,5024717901,4,30000,0
2026-07-17,5524199797,7,14700,0
2026-07-17,5614734297,2,11600,0
2026-07-17,5798987044,10,26500,0
2026-07-17,5799070116,92,305500,0
2026-07-17,6362662029,11,82500,0
2026-07-17,6379382624,19,64800,2
2026-07-17,6520261103,4,18000,0
2026-07-17,6520479823,2,10400,0
2026-07-17,7457903992,1,7400,0
2026-07-17,8605463656,15,18000,0
2026-07-17,8895292277,4,32400,0
2026-07-17,9046294613,2,0,2
2026-07-17,9529628729,1,2700,0
2026-07-17,9608224404,4,14000,0
2026-07-17,9921522776,2,16680,0
2026-07-18,12956712644,7,10800,5
2026-07-18,13068920874,5,2500,0
2026-07-18,5024717901,3,22500,0
2026-07-18,5524199797,6,12600,0
2026-07-18,5614734297,2,8700,0
2026-07-18,5798987044,12,33900,0
2026-07-18,5799070116,61,194800,1
2026-07-18,6362662029,22,165000,0
2026-07-18,6379382624,21,62400,3
2026-07-18,6520261103,8,22500,3
2026-07-18,6655032093,2,15600,0
2026-07-18,8605463656,8,9600,0
2026-07-18,8895292277,1,8100,0
2026-07-18,9046294613,2,0,2
2026-07-18,9608224404,2,7000,0
2026-07-18,9921522776,3,25020,0
2026-07-19,12956712644,6,21600,2
2026-07-19,5003259611,2,4400,0
2026-07-19,5024717901,2,15000,0
2026-07-19,5524199797,14,29400,0
2026-07-19,5614734297,2,11600,0
2026-07-19,5654660417,1,0,1
2026-07-19,5798987044,20,48500,0
2026-07-19,5799070116,112,362100,1
2026-07-19,6362662029,13,97500,0
2026-07-19,6379382624,19,76800,1
2026-07-19,6520261103,7,27000,2
2026-07-19,6520479823,2,7800,0
2026-07-19,6655032093,1,7800,0
2026-07-19,7457903992,1,7400,0
2026-07-19,8605463656,7,8400,0
2026-07-19,8895292277,1,8100,0
2026-07-19,9046294613,1,0,1
2026-07-19,9529628729,2,5400,0
2026-07-19,9608224404,4,14000,0
2026-07-19,9921522776,1,8340,0
2026-07-20,12956712644,4,10800,2
2026-07-20,13397438952,1,0,1
2026-07-20,13436457523,3,0,3
2026-07-20,4973726723,2,5400,0
2026-07-20,5024717901,2,15000,0
2026-07-20,5355270179,2,4800,0
2026-07-20,5524199797,12,25200,0
2026-07-20,5595025105,1,4800,0
2026-07-20,5614734297,4,20300,0
2026-07-20,5654660417,1,0,1
2026-07-20,5798987044,28,70600,0
2026-07-20,5799070116,159,536500,0
2026-07-20,6362662029,22,165000,0
2026-07-20,6379382624,31,105600,1
2026-07-20,6520261103,5,22500,1
2026-07-20,6655032093,4,31200,0
2026-07-20,7457903992,1,7400,0
2026-07-20,8605463656,6,7200,0
2026-07-20,8895292277,2,16200,0
2026-07-20,9046294613,3,0,3
2026-07-20,9529628729,2,5400,0
2026-07-20,9608224404,4,14000,0
2026-07-20,9921522776,4,33360,0
2026-07-21,10253686730,1,5400,0
2026-07-21,12956712644,2,5400,1
2026-07-21,13357149715,1,0,1
2026-07-21,5024717901,7,52500,0
2026-07-21,5355270179,1,2400,0
2026-07-21,5524199797,11,23100,0
2026-07-21,5595025105,1,4800,0
2026-07-21,5614734297,5,26100,0
2026-07-21,5654660417,3,0,3
2026-07-21,5798987044,30,69100,2
2026-07-21,5799070116,93,307400,1
2026-07-21,5815680678,2,7400,0
2026-07-21,6362662029,32,240000,0
2026-07-21,6379382624,19,74400,0
2026-07-21,6520261103,4,22500,0
2026-07-21,6520307731,1,2400,0
2026-07-21,6520479823,2,7800,0
2026-07-21,6655032093,3,23400,0
2026-07-21,7457903992,2,14800,0
2026-07-21,7720884797,1,0,1
2026-07-21,8351363328,1,0,1
2026-07-21,8605463656,6,7200,0
2026-07-21,8895292277,1,8100,0
2026-07-21,9046294613,3,10800,1
2026-07-21,9608224404,7,24500,0
2026-07-21,9921522776,2,16680,0
2026-07-22,12956712644,4,5400,3
2026-07-22,13068920874,2,1000,0
2026-07-22,13357149715,1,12000,0
2026-07-22,4973726723,1,2700,0
2026-07-22,5003259611,4,8800,0
2026-07-22,5024717901,3,22500,0
2026-07-22,5299145323,1,0,1
2026-07-22,5524199797,16,33600,0
2026-07-22,5614734297,4,23200,0
2026-07-22,5798987044,26,62500,1
2026-07-22,5799070116,80,272600,1
2026-07-22,5968275643,1,8000,0
2026-07-22,5970351139,2,5400,0
2026-07-22,6362662029,33,247500,0
2026-07-22,6379382624,15,57600,0
2026-07-22,6520261103,11,58500,0
2026-07-22,6520479823,2,5200,0
2026-07-22,6655032093,2,15600,0
2026-07-22,7457903992,1,7400,0
2026-07-22,8605463656,9,10800,0
2026-07-22,8895292277,2,16200,0
2026-07-22,9046294613,1,5400,0
2026-07-22,9921522776,2,16680,0
2026-07-22,9969330650,1,0,1
2026-07-23,12956712644,4,5400,3
2026-07-23,13357149715,2,23000,0
2026-07-23,13397438952,1,0,1
2026-07-23,5003259611,4,8800,0
2026-07-23,5024717901,4,30000,0
2026-07-23,5415180339,1,2000,0
2026-07-23,5524199797,8,16800,0
2026-07-23,5614734297,6,34800,0
2026-07-23,5798987044,22,55900,0
2026-07-23,5799070116,115,347400,1
2026-07-23,6362662029,22,165000,0
2026-07-23,6379382624,32,120000,0
2026-07-23,6520261103,5,22500,0
2026-07-23,6520307731,1,2400,0
2026-07-23,6520479823,1,5200,0
2026-07-23,6655032093,6,46800,0
2026-07-23,7457903992,1,7400,0
2026-07-23,7720884797,1,0,1
2026-07-23,8605463656,10,12000,0
2026-07-23,8895292277,2,16200,0
2026-07-23,9046294613,4,10800,2
2026-07-23,9529628729,1,2700,0
2026-07-23,9608224404,3,10500,0
2026-07-23,9921522776,4,33360,0
2026-07-24,12956712644,3,5400,2
2026-07-24,13068920874,7,3500,0
2026-07-24,13357149715,1,12000,0
2026-07-24,4911599710,1,0,1
2026-07-24,4973726723,1,2700,0
2026-07-24,5024717901,23,172500,0
2026-07-24,5355270179,1,2400,0
2026-07-24,5524199797,8,16800,0
2026-07-24,5614734297,4,23200,0
2026-07-24,5629504025,1,5600,0
2026-07-24,5798987044,20,47000,0
2026-07-24,5799070116,67,229900,0
2026-07-24,5815680678,2,7400,0
2026-07-24,6362662029,21,157500,0
2026-07-24,6379382624,15,50400,0
2026-07-24,6520261103,8,40500,0
2026-07-24,6520479823,3,13000,0
2026-07-24,6966151134,1,2000,0
2026-07-24,8605463656,12,14400,0
2026-07-24,8895292277,2,16200,0
2026-07-24,9046294613,2,0,2
2026-07-24,9921522776,3,25020,0
2026-07-25,12956712644,1,0,1
2026-07-25,13068920874,1,500,0
2026-07-25,13357149715,3,36000,0
2026-07-25,13462493161,1,2000,0
2026-07-25,4973726723,1,2700,0
2026-07-25,5024717901,4,30000,0
2026-07-25,5524199797,4,8400,0
2026-07-25,5614734297,5,26100,0
2026-07-25,5629504025,1,5600,0
2026-07-25,5654660417,1,0,1
2026-07-25,5798987044,17,40400,0
2026-07-25,5799070116,81,266700,0
2026-07-25,6362662029,13,97500,0
2026-07-25,6379382624,19,67200,1
2026-07-25,6520261103,4,18000,0
2026-07-25,6520307731,1,2400,0
2026-07-25,6520479823,1,5200,0
2026-07-25,6655032093,1,7800,0
2026-07-25,8605463656,6,7200,0
2026-07-25,8895292277,1,8100,0
2026-07-25,9529628729,1,2700,0
2026-07-25,9608224404,2,7000,0
2026-07-25,9921522776,3,25020,0
2026-07-26,12956712644,3,10800,1
2026-07-26,13068920874,2,1000,0
2026-07-26,13357149715,1,11000,0
2026-07-26,5003259611,2,4400,0
2026-07-26,5024717901,3,22500,0
2026-07-26,5355270179,1,2400,0
2026-07-26,5524199797,9,18900,0
2026-07-26,5614734297,7,40600,0
2026-07-26,5654660417,2,0,2
2026-07-26,5798987044,15,32300,1
2026-07-26,5799070116,71,234000,0
2026-07-26,6362662029,22,165000,0
2026-07-26,6379382624,16,45600,2
2026-07-26,6520261103,3,18000,0
2026-07-26,6655032093,1,7800,0
2026-07-26,8351363328,1,0,1
2026-07-26,8605463656,7,8400,0
2026-07-26,8895292277,3,24300,0
2026-07-26,9046294613,1,0,1
2026-07-26,9529628729,1,2700,0
2026-07-26,9921522776,2,16680,0
2026-07-27,10253686730,1,2700,0
2026-07-27,12956712644,3,10800,1
2026-07-27,13357149715,3,23000,1
2026-07-27,13402813253,1,12000,0
2026-07-27,13462493161,1,2000,0
2026-07-27,5003259611,3,6600,0
2026-07-27,5024717901,8,60000,0
2026-07-27,5415180339,1,2000,0
2026-07-27,5524199797,7,14700,0
2026-07-27,5614734297,2,8700,0
2026-07-27,5654660417,1,0,1
2026-07-27,5798987044,32,73600,4
2026-07-27,5799070116,87,249400,0
2026-07-27,6362662029,30,225000,0
2026-07-27,6379382624,33,117600,0
2026-07-27,6520261103,3,18000,0
2026-07-27,6520479823,1,2600,0
2026-07-27,6655032093,1,7800,0
2026-07-27,8605463656,4,4800,0
2026-07-27,9046294613,2,5400,1
2026-07-27,9529628729,1,2700,0
2026-07-27,9608224404,1,3500,0
2026-07-27,9921522776,3,25020,0
2026-07-28,10253686730,3,5400,1
2026-07-28,12956712644,2,10800,0
2026-07-28,13068920874,2,1000,0
2026-07-28,13357149715,1,12000,0
2026-07-28,5003259611,1,2200,0
2026-07-28,5024717901,8,60000,0
2026-07-28,5524199797,10,21000,0
2026-07-28,5614734297,7,40600,0
2026-07-28,5798987044,11,30200,0
2026-07-28,5799070116,88,302900,0
2026-07-28,6362662029,20,150000,0
2026-07-28,6379382624,30,81600,2
2026-07-28,6520261103,8,31500,2
2026-07-28,6520479823,2,10400,0
2026-07-28,6655032093,1,7800,0
2026-07-28,7090326638,1,0,1
2026-07-28,8124456717,1,0,1
2026-07-28,8605463656,7,8400,0
2026-07-28,9046294613,1,0,1
2026-07-28,9529628729,3,8100,0
2026-07-28,9608224404,1,3500,0
2026-07-29,10253686730,1,5400,0
2026-07-29,12956712644,2,5400,1
2026-07-29,13068920874,3,1500,0
2026-07-29,13357149715,4,22000,2
2026-07-29,13402813253,1,12000,0
2026-07-29,13462493161,1,2000,0
2026-07-29,4973726723,1,2700,0
2026-07-29,5003259611,4,8800,0
2026-07-29,5024717901,8,60000,0
2026-07-29,5524199797,6,12600,0
2026-07-29,5614734297,3,17400,0
2026-07-29,5798987044,9,24300,0
2026-07-29,5799070116,89,259000,1
2026-07-29,5968275643,1,8000,0
2026-07-29,6362662029,21,157500,0
2026-07-29,6379382624,24,84000,0
2026-07-29,6520261103,6,27000,0
2026-07-29,6520307731,1,2400,0
2026-07-29,6520479823,3,13000,0
2026-07-29,6655032093,2,15600,0
2026-07-29,6966151134,1,0,1
2026-07-29,7720884797,1,0,1
2026-07-29,8605463656,13,15600,0
2026-07-29,8895292277,2,16200,0
2026-07-29,9046294613,1,0,1
2026-07-29,9529628729,3,8100,0
2026-07-29,9608224404,4,14000,0
2026-07-29,9921522776,3,25020,0
2026-07-30,10253686730,2,10800,0
2026-07-30,12956712644,4,21600,0
2026-07-30,13357149715,1,12000,0
2026-07-30,5003259611,1,2200,0
2026-07-30,5024717901,3,22500,0
2026-07-30,5524199797,6,12600,0
2026-07-30,5614734297,5,29000,0
2026-07-30,5798987044,23,56600,0
2026-07-30,5799070116,64,214100,0
2026-07-30,6362662029,14,105000,0
2026-07-30,6379382624,20,72000,0
2026-07-30,6520261103,5,27000,0
2026-07-30,6520546844,1,0,1
2026-07-30,6655032093,1,7800,0
2026-07-30,8605463656,4,4800,0
2026-07-30,8895292277,2,16200,0
2026-07-30,9921522776,2,16680,0
2026-07-31,12774184689,1,4500,0
2026-07-31,13068920874,1,500,0
2026-07-31,13357149715,3,33000,0
2026-07-31,5003259611,2,4400,0
2026-07-31,5024717901,3,22500,0
2026-07-31,5524199797,9,18900,0
2026-07-31,5614734297,1,5800,0
2026-07-31,5798987044,11,30200,0
2026-07-31,5799070116,80,261500,1
2026-07-31,6362662029,15,112500,0
2026-07-31,6379382624,17,64800,0
2026-07-31,6520261103,4,22500,0
2026-07-31,6520479823,1,2600,0
2026-07-31,6655032093,2,15600,0
2026-07-31,7090326638,1,0,1
2026-07-31,8605463656,7,8400,0
2026-07-31,8895292277,1,8100,0
2026-07-31,9046294613,1,0,1
2026-07-31,9529628729,2,5400,0
2026-07-31,9921522776,5,41700,0
2026-08-01,11017176082,1,0,1
2026-08-01,12774184689,1,4500,0
2026-08-01,12956712644,1,5400,0
2026-08-01,13068920874,3,1500,0
2026-08-01,13357149715,1,12000,0
2026-08-01,4845158048,1,0,1
2026-08-01,5024717901,1,7500,0
2026-08-01,5524199797,7,14700,0
2026-08-01,5614734297,1,5800,0
2026-08-01,5654660417,1,0,1
2026-08-01,5798987044,23,52200,2
2026-08-01,5799070116,72,230200,1
2026-08-01,5970351139,1,2700,0
2026-08-01,6362662029,14,105000,0
2026-08-01,6379382624,24,76800,1
2026-08-01,6520479823,3,10400,0
2026-08-01,7457903992,1,7400,0
2026-08-01,8605463656,9,10800,0
2026-08-01,8895292277,1,8100,0
2026-08-01,9608224404,3,10500,0
2026-08-01,9921522776,3,25020,0
2026-08-02,12956712644,2,5400,1
2026-08-02,13068920874,1,500,0
2026-08-02,13357149715,4,35000,1
2026-08-02,4973726723,1,2700,0
2026-08-02,5003259611,2,4400,0
2026-08-02,5024717901,7,52500,0
2026-08-02,5524199797,6,12600,0
2026-08-02,5629504025,1,5600,0
2026-08-02,5654660417,1,0,1
2026-08-02,5798987044,11,28700,0
2026-08-02,5799070116,87,284600,1
2026-08-02,6362662029,14,105000,0
2026-08-02,6379382624,25,81600,3
2026-08-02,6520261103,4,22500,0
2026-08-02,6520479823,2,5200,0
2026-08-02,6655032093,1,7800,0
2026-08-02,8605463656,3,3600,0
2026-08-02,8895292277,2,16200,0
2026-08-02,9608224404,2,7000,0
2026-08-02,9921522776,1,8340,0
2026-08-03,12956712644,5,10800,3
2026-08-03,13068920874,2,1000,0
2026-08-03,13357149715,1,11000,0
2026-08-03,4911599710,1,0,1
2026-08-03,5003259611,3,6600,0
2026-08-03,5024717901,7,52500,0
2026-08-03,5524199797,36,75600,0
2026-08-03,5595025105,2,9600,0
2026-08-03,5614734297,2,11600,0
2026-08-03,5629504025,1,5600,0
2026-08-03,5798987044,22,47700,1
2026-08-03,5799070116,103,329700,0
2026-08-03,6362662029,25,187500,0
2026-08-03,6379382624,19,76800,0
2026-08-03,6520261103,2,9000,0
2026-08-03,6520479823,4,18200,0
2026-08-03,6655032093,2,15600,0
2026-08-03,6966151134,4,2000,3
2026-08-03,8605463656,5,6000,0
2026-08-03,8895292277,2,16200,0
2026-08-03,9608224404,2,7000,0
2026-08-04,12956712644,5,10800,3
2026-08-04,13068920874,2,1000,0
2026-08-04,13357149715,1,11000,0
2026-08-04,13462976266,1,0,1
2026-08-04,5024717901,5,37500,0
2026-08-04,5524199797,10,21000,0
2026-08-04,5595025105,3,14400,0
2026-08-04,5614734297,3,17400,0
2026-08-04,5654660417,1,0,1
2026-08-04,5798987044,15,33000,0
2026-08-04,5799070116,92,296000,1
2026-08-04,5970351139,1,2700,0
2026-08-04,6362662029,21,157500,0
2026-08-04,6379382624,25,96000,1
2026-08-04,6520261103,4,18000,0
2026-08-04,6520479823,3,13000,0
2026-08-04,6655032093,4,31200,0
2026-08-04,8605463656,6,7200,0
2026-08-04,8895292277,5,40500,0
2026-08-04,9608224404,4,14000,0
2026-08-04,9921522776,5,41700,0
2026-08-05,12956712644,2,5400,1
2026-08-05,13357149715,2,23000,0
2026-08-05,4911599710,1,0,1
2026-08-05,5003259611,4,8800,0
2026-08-05,5024717901,2,15000,0
2026-08-05,5415180339,1,2000,0
2026-08-05,5524199797,10,21000,0
2026-08-05,5595025105,3,14400,0
2026-08-05,5614734297,5,23200,0
2026-08-05,5798987044,14,35300,0
2026-08-05,5799070116,104,317300,1
2026-08-05,5815680678,4,14800,0
2026-08-05,6362662029,12,90000,0
2026-08-05,6379382624,25,96000,0
2026-08-05,6520261103,8,36000,0
2026-08-05,6520479823,3,15600,0
2026-08-05,6655032093,2,15600,0
2026-08-05,6966151134,2,0,2
2026-08-05,8605463656,10,12000,0
2026-08-05,8895292277,1,8100,0
2026-08-05,9046294613,1,5400,0
2026-08-05,9529628729,1,2700,0
2026-08-05,9608224404,3,10500,0
2026-08-05,9921522776,1,8340,0
2026-08-06,12956712644,4,10800,2
2026-08-06,5003259611,1,2200,0
2026-08-06,5024717901,8,60000,0
2026-08-06,5524199797,11,23100,0
2026-08-06,5595025105,2,9600,0
2026-08-06,5614734297,6,31900,0
2026-08-06,5629504025,1,5600,0
2026-08-06,5798987044,15,37500,0
2026-08-06,5799070116,93,298600,2
2026-08-06,5970351139,1,2700,0
2026-08-06,6362662029,24,180000,0
2026-08-06,6379382624,38,148800,0
2026-08-06,6520479823,1,5200,0
2026-08-06,7457903992,1,7400,0
2026-08-06,7720884797,1,0,1
2026-08-06,8351363328,1,0,1
2026-08-06,8605463656,6,7200,0
2026-08-06,8895292277,4,32400,0
2026-08-06,9046294613,1,0,1
2026-08-06,9529628729,1,2700,0
2026-08-06,9608224404,3,10500,0
2026-08-06,9921522776,3,25020,0
2026-08-07,12956712644,2,0,2
2026-08-07,13357149715,1,11000,0
2026-08-07,5003259611,1,2200,0
2026-08-07,5024717901,3,22500,0
2026-08-07,5355270179,1,2400,0
2026-08-07,5524199797,4,8400,0
2026-08-07,5595025105,1,4800,0
2026-08-07,5614734297,1,5800,0
2026-08-07,5654660417,2,0,2
2026-08-07,5798987044,9,25100,1
2026-08-07,5799070116,71,237600,1
2026-08-07,5815680678,2,7400,0
2026-08-07,6362662029,23,172500,0
2026-08-07,6379382624,27,98400,0
2026-08-07,6520261103,4,18000,0
2026-08-07,6520479823,2,10400,0
2026-08-07,6520546844,1,0,1
2026-08-07,6655032093,1,7800,0
2026-08-07,6966151134,1,0,1
2026-08-07,7414085924,1,3200,0
2026-08-07,8605463656,8,9600,0
2026-08-07,8895292277,3,24300,0
2026-08-07,9529628729,1,2700,0
2026-08-07,9608224404,2,7000,0
2026-08-07,9921522776,4,33360,0
2026-08-08,12956712644,2,5400,1
2026-08-08,13068920874,3,1500,0
2026-08-08,13357149715,1,0,1
2026-08-08,5003259611,1,2200,0
2026-08-08,5524199797,5,10500,0
2026-08-08,5595025105,1,4800,0
2026-08-08,5614734297,4,20300,0
2026-08-08,5798987044,18,40400,1
2026-08-08,5799070116,62,208400,0
2026-08-08,6362662029,17,127500,0
2026-08-08,6379382624,28,93600,1
2026-08-08,6520261103,2,9000,0
2026-08-08,6520307731,2,4800,0
2026-08-08,6520479823,1,5200,0
2026-08-08,7720884797,1,0,1
2026-08-08,8605463656,5,6000,0
2026-08-08,9046294613,1,0,1
2026-08-08,9608224404,1,3500,0
2026-08-08,9921522776,2,16680,0
2026-08-09,12956712644,4,10800,2
2026-08-09,13357149715,1,11000,0
2026-08-09,5003259611,2,4400,0
2026-08-09,5024717901,2,15000,0
2026-08-09,5299145323,2,0,2
2026-08-09,5415180339,1,2000,0
2026-08-09,5524199797,4,8400,0
2026-08-09,5614734297,3,14500,0
2026-08-09,5798987044,20,45600,2
2026-08-09,5799070116,105,331500,2
2026-08-09,5968275643,1,8000,0
2026-08-09,5970351139,1,2700,0
2026-08-09,6362662029,30,225000,0
2026-08-09,6379382624,13,45600,0
2026-08-09,6520261103,2,9000,0
2026-08-09,6966151134,1,2000,0
2026-08-09,8605463656,7,8400,0
2026-08-09,9046294613,1,0,1
2026-08-09,9608224404,1,3500,0
2026-08-09,9921522776,1,8340,0
2026-08-10,12956712644,1,5400,0
2026-08-10,13357149715,2,11000,1
2026-08-10,4973726723,3,8100,0
2026-08-10,5003259611,1,2200,0
2026-08-10,5524199797,12,25200,0
2026-08-10,5614734297,1,5800,0
2026-08-10,5629504025,1,5600,0
2026-08-10,5654660417,1,0,1
2026-08-10,5798987044,22,52900,0
2026-08-10,5799070116,118,400000,0
2026-08-10,5970351139,2,5400,0
2026-08-10,6362662029,29,217500,0
2026-08-10,6379382624,28,98400,0
2026-08-10,6520261103,5,22500,0
2026-08-10,6520479823,2,10400,0
2026-08-10,6655032093,2,15600,0
2026-08-10,6966151134,1,2000,0
2026-08-10,8351363328,1,0,1
2026-08-10,8605463656,5,6000,0
2026-08-10,8895292277,1,8100,0
2026-08-10,9046294613,1,5400,0
2026-08-10,9608224404,2,7000,0
2026-08-10,9921522776,5,41700,0
2026-08-11,12956712644,6,10800,4
2026-08-11,13068920874,1,500,0
2026-08-11,13357149715,3,35000,0
2026-08-11,13436457523,1,0,1
2026-08-11,5003259611,1,2200,0
2026-08-11,5024717901,3,22500,0
2026-08-11,5524199797,19,39900,0
2026-08-11,5595025105,1,4800,0
2026-08-11,5614734297,4,23200,0
2026-08-11,5629504025,1,5600,0
2026-08-11,5798987044,27,71400,0
2026-08-11,5799070116,124,387700,1
2026-08-11,5968275643,1,8000,0
2026-08-11,6362662029,26,195000,0
2026-08-11,6379382624,23,86400,0
2026-08-11,6520261103,5,22500,1
2026-08-11,6655032093,3,23400,0
2026-08-11,6966151134,1,0,1
2026-08-11,7414085924,2,6400,0
2026-08-11,8605463656,13,15600,0
2026-08-11,8895292277,2,16200,0
2026-08-11,9046294613,3,10800,1
2026-08-11,9529628729,1,2700,0
2026-08-11,9608224404,2,7000,0
2026-08-11,9921522776,2,16680,0
2026-08-12,12956712644,1,5400,0
2026-08-12,13357149715,2,22000,0
2026-08-12,13397438952,1,0,1
2026-08-12,4845158048,1,0,1
2026-08-12,4911599710,2,0,2
2026-08-12,4973726723,1,2700,0
2026-08-12,5003259611,2,4400,0
2026-08-12,5024717901,14,105000,0
2026-08-12,5355270179,2,4800,0
2026-08-12,5415180339,1,2000,0
2026-08-12,5524199797,8,16800,0
2026-08-12,5614734297,2,11600,0
2026-08-12,5798987044,13,31600,0
2026-08-12,5799070116,135,413500,3
2026-08-12,5815680678,1,3700,0
2026-08-12,5970351139,2,5400,0
2026-08-12,6362662029,27,202500,0
2026-08-12,6379382624,65,264000,1
2026-08-12,6520261103,9,40500,0
2026-08-12,6520479823,3,15600,0
2026-08-12,6520546844,2,0,2
2026-08-12,6655032093,4,31200,0
2026-08-12,7414085924,2,6400,0
2026-08-12,8605463656,10,12000,0
2026-08-12,8895292277,4,32400,0
2026-08-12,9529628729,1,2700,0
2026-08-12,9608224404,4,14000,0
2026-08-12,9921522776,3,25020,0
2026-08-13,12956712644,5,10800,3
2026-08-13,13068920874,2,1000,0
2026-08-13,13357149715,2,12000,1
2026-08-13,4973726723,1,2700,0
2026-08-13,5024717901,2,15000,0
2026-08-13,5355270179,1,2400,0
2026-08-13,5524199797,10,21000,0
2026-08-13,5614734297,5,29000,0
2026-08-13,5654660417,1,0,1
2026-08-13,5798987044,23,50000,3
2026-08-13,5799070116,82,271100,0
2026-08-13,6362662029,27,202500,0
2026-08-13,6379382624,25,86400,1
2026-08-13,6520261103,5,22500,0
2026-08-13,6520479823,1,5200,0
2026-08-13,6655032093,4,31200,0
2026-08-13,8605463656,6,7200,0
2026-08-13,8895292277,2,16200,0
2026-08-13,9046294613,7,5400,6
2026-08-13,9608224404,5,17500,0
2026-08-13,9921522776,2,16680,0
2026-08-14,12956712644,7,27000,2
2026-08-14,5003259611,1,2200,0
2026-08-14,5024717901,15,112500,0
2026-08-14,5524199797,7,14700,0
2026-08-14,5595025105,1,4800,0
2026-08-14,5614734297,5,29000,0
2026-08-14,5654660417,1,0,1
2026-08-14,5798987044,15,40500,0
2026-08-14,5799070116,80,262500,2
2026-08-14,6362662029,24,180000,0
2026-08-14,6379382624,18,64800,2
2026-08-14,6520261103,5,22500,0
2026-08-14,6520479823,2,7800,0
2026-08-14,6520546844,1,0,1
2026-08-14,6655032093,2,15600,0
2026-08-14,6966151134,1,0,1
2026-08-14,8605463656,8,9600,0
2026-08-14,8895292277,1,8100,0
2026-08-14,9046294613,2,0,2
2026-08-14,9529628729,1,2700,0
2026-08-14,9608224404,3,10500,0
2026-08-14,9921522776,4,33360,0
2026-08-15,12956712644,1,5400,0
2026-08-15,13068920874,2,1000,0
2026-08-15,13357149715,7,55000,2
2026-08-15,5003259611,2,4400,0
2026-08-15,5024717901,5,37500,0
2026-08-15,5524199797,2,4200,0
2026-08-15,5614734297,3,14500,0
2026-08-15,5629504025,1,5600,0
2026-08-15,5798987044,14,33900,2
2026-08-15,5799070116,94,310600,0
2026-08-15,6362662029,26,195000,0
2026-08-15,6379382624,13,45600,1
2026-08-15,6520261103,2,9000,0
2026-08-15,6520307731,1,2400,0
2026-08-15,6520479823,3,13000,0
2026-08-15,6655032093,1,7800,0
2026-08-15,8605463656,4,4800,0
2026-08-15,8895292277,2,16200,0
2026-08-15,9608224404,2,7000,0
2026-08-15,9921522776,4,33360,0
2026-08-16,12956712644,2,5400,1
2026-08-16,13068920874,2,1000,0
2026-08-16,13357149715,8,66000,2
2026-08-16,5024717901,5,37500,0
2026-08-16,5524199797,2,4200,0
2026-08-16,5614734297,6,29000,0
2026-08-16,5629504025,1,5600,0
2026-08-16,5798987044,18,38200,2
2026-08-16,5799070116,106,332400,1
2026-08-16,6362662029,33,247500,0
2026-08-16,6379382624,37,151200,1
2026-08-16,6520261103,1,4500,0
2026-08-16,6655032093,2,15600,0
2026-08-16,7457903992,2,14800,0
2026-08-16,8605463656,4,4800,0
2026-08-16,8895292277,9,72900,0
2026-08-16,9529628729,1,2700,0
2026-08-16,9608224404,1,3500,0
2026-08-16,9921522776,3,25020,0
2026-08-17,12956712644,3,0,3
2026-08-17,13357149715,3,36000,0
2026-08-17,13462493161,1,2000,0
2026-08-17,5003259611,2,4400,0
2026-08-17,5024717901,4,30000,0
2026-08-17,5524199797,9,18900,0
2026-08-17,5614734297,2,11600,0
2026-08-17,5629504025,1,5600,0
2026-08-17,5654660417,1,0,1
2026-08-17,5798987044,16,40500,1
2026-08-17,5799070116,113,366100,0
2026-08-17,5815680678,4,14800,0
2026-08-17,6362662029,34,255000,0
2026-08-17,6379382624,21,74400,0
2026-08-17,6520261103,5,27000,0
2026-08-17,6520479823,2,10400,0
2026-08-17,6655032093,2,15600,0
2026-08-17,7457903992,1,7400,0
2026-08-17,8605463656,5,6000,0
2026-08-17,8895292277,3,24300,0
2026-08-17,9046294613,1,0,1
2026-08-17,9608224404,7,24500,0
2026-08-17,9921522776,2,16680,0
2026-08-18,12956712644,3,10800,1
2026-08-18,13357149715,1,12000,0
2026-08-18,13402813253,1,12000,0
2026-08-18,13462521558,1,0,1
2026-08-18,4845158048,1,0,1
2026-08-18,4973726723,3,8100,0
2026-08-18,5003259611,2,4400,0
2026-08-18,5024717901,8,60000,0
2026-08-18,5524199797,10,21000,0
2026-08-18,5614734297,8,43500,0
2026-08-18,5629504025,1,5600,0
2026-08-18,5798987044,31,78100,3
2026-08-18,5799070116,99,328000,0
2026-08-18,5815680678,3,11100,0
2026-08-18,6362662029,37,277500,0
2026-08-18,6379382624,37,127200,1
2026-08-18,6520261103,13,45000,3
2026-08-18,6520479823,2,7800,0
2026-08-18,6655032093,2,15600,0
2026-08-18,7414085924,1,3200,0
2026-08-18,8351363328,1,0,1
2026-08-18,8605463656,14,16800,0
2026-08-18,9046294613,1,0,1
2026-08-18,9529628729,1,2700,0
2026-08-18,9608224404,3,10500,0
2026-08-18,9921522776,2,16680,0
2026-08-19,12956712644,5,16200,2
2026-08-19,13068920874,1,500,0
2026-08-19,13357149715,5,46000,1
2026-08-19,4973726723,2,5400,0
2026-08-19,5003259611,3,6600,0
2026-08-19,5024717901,6,45000,0
2026-08-19,5524199797,11,23100,0
2026-08-19,5595025105,1,4800,0
2026-08-19,5614734297,13,63800,1
2026-08-19,5654660417,1,0,1
2026-08-19,5798987044,13,33100,0
2026-08-19,5799070116,158,518900,0
2026-08-19,6362662029,26,195000,0
2026-08-19,6379382624,48,151200,5
2026-08-19,6520261103,7,31500,0
2026-08-19,6520307731,1,2400,0
2026-08-19,6520479823,2,10400,0
2026-08-19,6655032093,6,46800,0
2026-08-19,6966151134,1,2000,0
2026-08-19,7457903992,2,14800,0
2026-08-19,8605463656,8,9600,0
2026-08-19,8895292277,1,8100,0
2026-08-19,9046294613,6,0,6
2026-08-19,9529628729,1,2700,0
2026-08-19,9608224404,2,7000,0
2026-08-20,12956712644,2,5400,1
2026-08-20,13357149715,5,45000,1
2026-08-20,5003259611,1,2200,0
2026-08-20,5024717901,6,45000,0
2026-08-20,5355270179,1,2400,0
2026-08-20,5524199797,6,12600,0
2026-08-20,5614734297,7,40600,0
2026-08-20,5798987044,27,64000,2
2026-08-20,5799070116,138,455700,2
2026-08-20,6362662029,23,172500,0
2026-08-20,6379382624,17,62400,0
2026-08-20,6520261103,5,27000,0
2026-08-20,6520479823,3,15600,0
2026-08-20,6655032093,3,23400,0
2026-08-20,7414085924,1,3200,0
2026-08-20,7457903992,1,7400,0
2026-08-20,8351363328,4,0,4
2026-08-20,8605463656,3,3600,0
2026-08-20,8895292277,4,32400,0
2026-08-20,9529628729,2,5400,0
2026-08-20,9608224404,4,14000,0
2026-08-20,9921522776,5,41700,0
2026-08-21,13357149715,4,23000,2
2026-08-21,5024717901,5,37500,0
2026-08-21,5355270179,1,2400,0
2026-08-21,5524199797,7,14700,0
2026-08-21,5614734297,7,37700,0
2026-08-21,5629504025,1,5600,0
2026-08-21,5654660417,1,0,1
2026-08-21,5798987044,9,19100,1
2026-08-21,5799070116,74,232300,0
2026-08-21,5970351139,2,5400,0
2026-08-21,6362662029,22,165000,0
2026-08-21,6379382624,30,103200,0
2026-08-21,6520261103,9,45000,0
2026-08-21,6520479823,2,7800,0
2026-08-21,6655032093,3,23400,0
2026-08-21,8351363328,1,0,1
2026-08-21,8605463656,4,4800,0
2026-08-21,8895292277,2,16200,0
2026-08-21,9046294613,1,5400,0
2026-08-21,9529628729,1,2700,0
2026-08-21,9608224404,1,3500,0
2026-08-21,9921522776,4,33360,0
2026-08-22,10253686730,2,5400,0
2026-08-22,13357149715,5,22000,3
2026-08-22,13402813253,1,12000,0
2026-08-22,13436457523,1,0,1
2026-08-22,5024717901,4,30000,0
2026-08-22,5524199797,10,21000,0
2026-08-22,5614734297,1,5800,0
2026-08-22,5798987044,12,27900,0
2026-08-22,5799070116,113,381300,0
2026-08-22,5970351139,1,2700,0
2026-08-22,6362662029,18,135000,0
2026-08-22,6379382624,25,88800,1
2026-08-22,6520261103,8,36000,0
2026-08-22,6520479823,1,5200,0
2026-08-22,6655032093,2,15600,0
2026-08-22,8124456717,1,0,1
2026-08-22,8605463656,3,3600,0
2026-08-22,8895292277,1,8100,0
2026-08-22,9529628729,1,2700,0
2026-08-22,9921522776,1,8340,0
2026-08-23,12956712644,1,5400,0
2026-08-23,13357149715,6,46000,2
2026-08-23,13462976266,1,0,1
2026-08-23,4973726723,1,2700,0
2026-08-23,5003259611,1,2200,0
2026-08-23,5024717901,4,30000,0
2026-08-23,5415180339,1,2000,0
2026-08-23,5524199797,10,21000,0
2026-08-23,5614734297,4,20300,0
2026-08-23,5629504025,2,11200,0
2026-08-23,5654660417,1,0,1
2026-08-23,5798987044,7,16900,0
2026-08-23,5799070116,162,486800,0
2026-08-23,6362662029,28,210000,0
2026-08-23,6379382624,28,88800,0
2026-08-23,6520261103,9,45000,0
2026-08-23,6520479823,2,7800,0
2026-08-23,6655032093,7,54600,0
2026-08-23,7090326638,1,0,1
2026-08-23,8605463656,3,3600,0
2026-08-23,8895292277,2,16200,0
2026-08-23,9046294613,1,5400,0
2026-08-23,9529628729,1,2700,0
2026-08-23,9921522776,6,50040,0
2026-08-23,9969330650,1,0,1
2026-08-24,12956712644,1,0,1
2026-08-24,13068920874,1,500,0
2026-08-24,13357149715,1,11000,0
2026-08-24,13397438952,1,0,1
2026-08-24,13402813253,1,12000,0
2026-08-24,5003259611,3,6600,0
2026-08-24,5024717901,11,82500,0
2026-08-24,5355270179,2,4800,0
2026-08-24,5415180339,1,2000,0
2026-08-24,5524199797,18,37800,0
2026-08-24,5595025105,2,9600,0
2026-08-24,5614734297,10,55100,0
2026-08-24,5798987044,21,53700,0
2026-08-24,5799070116,160,509700,3
2026-08-24,5970351139,1,2700,0
2026-08-24,6362662029,31,232500,0
2026-08-24,6379382624,27,93600,1
2026-08-24,6520261103,13,45000,3
2026-08-24,6520479823,2,7800,0
2026-08-24,6655032093,4,31200,0
2026-08-24,7457903992,1,7400,0
2026-08-24,7720884797,2,0,2
2026-08-24,8351363328,1,0,1
2026-08-24,8605463656,8,9600,0
2026-08-24,8643749105,1,0,1
2026-08-24,8895292277,3,24300,0
2026-08-24,9046294613,1,5400,0
2026-08-24,9529628729,4,10800,0
2026-08-24,9921522776,1,8340,0
2026-08-25,12956712644,1,0,1
2026-08-25,13357149715,5,46000,1
2026-08-25,13402813253,2,24000,0
2026-08-25,4973726723,1,2700,0
2026-08-25,5003259611,1,2200,0
2026-08-25,5024717901,6,45000,0
2026-08-25,5415180339,1,2000,0
2026-08-25,5524199797,15,31500,0
2026-08-25,5595025105,1,4800,0
2026-08-25,5614734297,9,46400,0
2026-08-25,5654660417,1,0,1
2026-08-25,5798987044,13,36100,0
2026-08-25,5799070116,142,451200,13
2026-08-25,6362662029,30,225000,0
2026-08-25,6379382624,28,91200,2
2026-08-25,6520261103,6,27000,0
2026-08-25,6520479823,3,15600,0
2026-08-25,6655032093,4,31200,0
2026-08-25,7720884797,1,0,1
2026-08-25,8605463656,4,4800,0
2026-08-25,9046294613,3,0,3
2026-08-25,9529628729,2,5400,0
2026-08-25,9921522776,7,58380,0
2026-08-26,12956712644,5,5400,4
2026-08-26,13357149715,1,11000,0
2026-08-26,13436457523,1,0,1
2026-08-26,5003259611,2,2200,1
2026-08-26,5024717901,7,52500,0
2026-08-26,5524199797,12,25200,0
2026-08-26,5595025105,3,14400,0
2026-08-26,5614734297,12,60900,0
2026-08-26,5798987044,18,44100,0
2026-08-26,5799070116,132,412800,8
2026-08-26,5815680678,4,14800,0
2026-08-26,6362662029,29,217500,0
2026-08-26,6379382624,34,129600,1
2026-08-26,6520261103,6,27000,0
2026-08-26,6520479823,1,2600,0
2026-08-26,6655032093,2,15600,0
2026-08-26,7457903992,2,14800,0
2026-08-26,7720884797,2,0,2
2026-08-26,8605463656,5,6000,0
2026-08-26,8895292277,2,16200,0
2026-08-26,9046294613,2,5400,1
2026-08-26,9608224404,6,21000,0
2026-08-26,9921522776,5,41700,0
2026-08-27,12956712644,2,5400,1
2026-08-27,13068920874,3,1500,0
2026-08-27,13436457523,1,0,1
2026-08-27,4845158048,2,0,2
2026-08-27,4973726723,1,2700,0
2026-08-27,5003259611,1,2200,0
2026-08-27,5024717901,4,30000,0
2026-08-27,5524199797,15,31500,0
2026-08-27,5614734297,6,31900,0
2026-08-27,5798987044,11,27200,0
2026-08-27,5799070116,134,390100,14
2026-08-27,5815680678,2,7400,0
2026-08-27,5970351139,1,2700,0
2026-08-27,6362662029,26,195000,0
2026-08-27,6379382624,30,108000,1
2026-08-27,6520261103,7,31500,0
2026-08-27,6520479823,1,2600,0
2026-08-27,6655032093,4,31200,0
2026-08-27,7720884797,1,0,1
2026-08-27,8124456717,1,0,1
2026-08-27,8605463656,3,3600,0
2026-08-27,8895292277,3,24300,0
2026-08-27,9046294613,2,0,2
2026-08-27,9529628729,4,10800,0
2026-08-27,9608224404,3,10500,0
2026-08-27,9921522776,7,58380,0
2026-08-28,12774184689,1,4500,0
2026-08-28,12956712644,1,5400,0
2026-08-28,13357149715,1,11000,0
2026-08-28,4973726723,1,2700,0
2026-08-28,5003259611,2,4400,0
2026-08-28,5024717901,4,30000,0
2026-08-28,5524199797,5,10500,0
2026-08-28,5595025105,1,4800,0
2026-08-28,5614734297,6,26100,1
2026-08-28,5654660417,1,0,1
2026-08-28,5798987044,13,36100,0
2026-08-28,5799070116,104,291600,6
2026-08-28,6362662029,21,157500,0
2026-08-28,6379382624,25,88800,2
2026-08-28,6520261103,6,31500,0
2026-08-28,6520479823,1,5200,0
2026-08-28,6655032093,1,7800,0
2026-08-28,6966151134,1,0,1
2026-08-28,7457903992,1,7400,0
2026-08-28,8605463656,3,3600,0
2026-08-28,9046294613,1,5400,0
2026-08-28,9608224404,1,3500,0
2026-08-28,9921522776,2,16680,0
2026-08-29,12956712644,2,10800,0
2026-08-29,13068920874,2,1000,0
2026-08-29,13357149715,2,23000,0
2026-08-29,4973726723,1,2700,0
2026-08-29,5003259611,1,2200,0
2026-08-29,5024717901,4,30000,0
2026-08-29,5524199797,2,4200,0
2026-08-29,5614734297,7,37700,0
2026-08-29,5654660417,1,0,1
2026-08-29,5798987044,15,37600,2
2026-08-29,5799070116,95,295500,6
2026-08-29,6362662029,27,202500,0
2026-08-29,6379382624,26,81600,4
2026-08-29,6520261103,3,13500,0
2026-08-29,6655032093,5,39000,0
2026-08-29,7720884797,2,0,2
2026-08-29,8351363328,2,0,2
2026-08-29,8605463656,3,3600,0
2026-08-29,8895292277,2,16200,0
2026-08-29,9046294613,1,0,1
2026-08-29,9921522776,5,41700,0
2026-08-30,12956712644,2,0,2
2026-08-30,13068920874,1,500,0
2026-08-30,13357149715,4,46000,0
2026-08-30,4845158048,1,0,1
2026-08-30,5024717901,2,15000,0
2026-08-30,5524199797,4,8400,0
2026-08-30,5614734297,3,11600,0
2026-08-30,5798987044,19,50800,0
2026-08-30,5799070116,131,383600,15
2026-08-30,5815680678,1,3700,0
2026-08-30,6362662029,25,187500,0
2026-08-30,6379382624,22,64800,4
2026-08-30,6520261103,6,22500,1
2026-08-30,6520479823,3,13000,0
2026-08-30,6655032093,4,31200,0
2026-08-30,7457903992,2,14800,0
2026-08-30,7720884797,1,0,1
2026-08-30,8605463656,5,6000,0
2026-08-30,8895292277,2,16200,0
2026-08-30,9046294613,1,5400,0
2026-08-30,9529628729,4,10800,0
2026-08-30,9921522776,7,58380,0
2026-08-31,10253686730,1,5400,0
2026-08-31,12774184689,1,4500,0
2026-08-31,12956712644,2,5400,1
2026-08-31,13357149715,3,23000,1
2026-08-31,4973726723,1,2700,0
2026-08-31,5003259611,2,4400,0
2026-08-31,5024717901,4,30000,0
2026-08-31,5524199797,3,6300,0
2026-08-31,5614734297,5,23200,0
2026-08-31,5798987044,14,36800,0
2026-08-31,5799070116,120,363700,14
2026-08-31,6362662029,32,240000,0
2026-08-31,6379382624,38,110400,4
2026-08-31,6520261103,9,49500,0
2026-08-31,6520479823,1,2600,0
2026-08-31,6655032093,1,7800,0
2026-08-31,6966151134,3,0,3
2026-08-31,8605463656,5,6000,0
2026-08-31,8895292277,1,8100,0
2026-08-31,9046294613,3,5400,2
2026-08-31,9529628729,2,5400,0
2026-08-31,9608224404,4,14000,0
2026-08-31,9921522776,5,41700,0
2026-09-01,12956712644,2,0,2
2026-09-01,13068920874,2,1000,0
2026-09-01,13357149715,3,33000,0
2026-09-01,5003259611,4,8800,0
2026-09-01,5024717901,4,30000,0
2026-09-01,5524199797,5,10500,0
2026-09-01,5614734297,3,17400,0
2026-09-01,5654660417,1,0,1
2026-09-01,5798987044,26,66300,2
2026-09-01,5799070116,135,415600,10
2026-09-01,5815680678,2,7400,0
2026-09-01,5970351139,2,5400,0
2026-09-01,6362662029,32,240000,0
2026-09-01,6379382624,77,237600,2
2026-09-01,6520261103,9,40500,0
2026-09-01,6520479823,3,15600,0
2026-09-01,6655032093,7,54600,0
2026-09-01,6966151134,1,0,1
2026-09-01,7720884797,1,0,1
2026-09-01,8124456717,1,0,1
2026-09-01,8605463656,1,1200,0
2026-09-01,8895292277,1,8100,0
2026-09-01,9046294613,4,16200,1
2026-09-01,9529628729,3,8100,0
2026-09-01,9608224404,2,7000,0
2026-09-01,9921522776,8,66720,0
