월,계정,상품명,옵션명,매출,주문,판매량,원가합계
2026-01,올투게더나우,물리치료사가 판매하는 올투게더나우 4세대 영자 무릎보호대 아대 블랙,"물리치료사가 판매하는 올투게더나우 4세대 영자 무릎보호대 아대 블랙, M, 2개",382150,15,16,64000
2026-01,올투게더나우,물리치료사가 판매하는 올투게더나우 4세대 영자 무릎보호대 아대 블랙,"물리치료사가 판매하는 올투게더나우 4세대 영자 무릎보호대 아대 블랙, XL, 1개",163900,11,11,22000
2026-01,올투게더나우,물리치료사가 판매하는 올투게더나우 모든 손가락 보호대,"물리치료사가 판매하는 올투게더나우 모든 손가락 보호대, 1개, L",62000,5,5,17000
2026-01,올투게더나우,물리치료사가 판매하는 올투게더나우 모든 손가락 보호대,"물리치료사가 판매하는 올투게더나우 모든 손가락 보호대, 1개, S",62000,5,5,17000
2026-01,올투게더나우,물리치료사가 판매하는 올투게더나우 모든 손가락 보호대,"물리치료사가 판매하는 올투게더나우 모든 손가락 보호대, 2개, S",19800,1,1,6800
2026-01,올투게더나우,물리치료사가 판매하는 올투게더나우 손목보호대,"물리치료사가 판매하는 올투게더나우 손목보호대, 오른손 L, 1개",9800,1,1,0
2026-01,올투게더나우,물리치료사가 판매하는 올투게더나우 실리콘 손목 보호대,"물리치료사가 판매하는 올투게더나우 실리콘 손목 보호대, 1개",7400,1,1,2400
2026-01,올투게더나우,물리치료사가 판매하는 올투게더나우 컨시더 팔꿈치보호대,"물리치료사가 판매하는 올투게더나우 컨시더 팔꿈치보호대, 블랙, 1개",64600,4,4,11200
2026-01,올투게더나우,물리치료사가 판매하는 올투게더나우 컨시더 팔꿈치보호대,"물리치료사가 판매하는 올투게더나우 컨시더 팔꿈치보호대, 블루, 1개",24800,2,2,5600
2026-01,올투게더나우,보호대연구소 쫀쫀 손목 보호대 아대 2p,"보호대연구소 쫀쫀 손목 보호대 아대 2p, 블랙, 1세트, free",340200,18,18,21600
2026-01,올투게더나우,앞날창창 무릎보호대 블랙,"앞날창창 무릎보호대 블랙, XL, 2개",23650,1,1,0
2026-01,올투게더나우,어깨 보정 밴드,"어깨 보정 밴드, 왼쪽, 1개, FREE",89400,6,6,27000
2026-01,올투게더나우,올투게더나우 4세대 영자 무릎보호대 아대,"올투게더나우 4세대 영자 무릎보호대 아대, L, 1개",104300,7,7,14000
2026-01,올투게더나우,올투게더나우 8세대 영자 무릎 보호대 아대,"올투게더나우 8세대 영자 무릎 보호대 아대, 1개, L",47700,3,3,8100
2026-01,올투게더나우,올투게더나우 8세대 영자 무릎 보호대 아대,"올투게더나우 8세대 영자 무릎 보호대 아대, 1개, M",15900,1,1,2700
2026-01,올투게더나우,올투게더나우 8세대 영자 무릎 보호대 아대,"올투게더나우 8세대 영자 무릎 보호대 아대, 1개, XL",31800,2,2,5400
2026-01,올투게더나우,올투게더나우 8세대 영자 무릎 보호대 아대,"올투게더나우 8세대 영자 무릎 보호대 아대, 2개, L",53800,2,2,10800
2026-01,올투게더나우,올투게더나우 8세대 영자 무릎 보호대 아대,"올투게더나우 8세대 영자 무릎 보호대 아대, 2개, M",188300,6,7,37800
2026-01,올투게더나우,올투게더나우 8세대 영자 무릎 보호대 아대,"올투게더나우 8세대 영자 무릎 보호대 아대, 2개, XL",26900,1,1,5400
2026-01,올투게더나우,올투게더나우 가벼운 허리보호대 복대,"올투게더나우 가벼운 허리보호대 복대, L, 1개",33900,2,2,0
2026-01,올투게더나우,올투게더나우 강력 압박 스트랩 손목 보호대 아대,"올투게더나우 강력 압박 스트랩 손목 보호대 아대, FREE, 2p",37800,2,2,10800
2026-01,올투게더나우,올투게더나우 관절 압박 손목 보호대 아대 블랙,"올투게더나우 관절 압박 손목 보호대 아대 블랙, 1개",25800,2,2,5400
2026-01,올투게더나우,올투게더나우 관절 압박 손목 보호대 아대 블랙,"올투게더나우 관절 압박 손목 보호대 아대 블랙, 2개",56700,3,3,16200
2026-01,올투게더나우,올투게더나우 관절 압박 손목보호대 아대 핑크,"올투게더나우 관절 압박 손목보호대 아대 핑크, 2개",37800,2,2,10800
2026-01,올투게더나우,올투게더나우 다이얼 압박 무릎 보호대 아대,"올투게더나우 다이얼 압박 무릎 보호대 아대, 1개, L(무릎둘레 44~48)",29800,1,1,0
2026-01,올투게더나우,올투게더나우 다이얼 압박 무릎 보호대 아대,"올투게더나우 다이얼 압박 무릎 보호대 아대, 2개, L(무릎둘레 44~48)",54900,1,1,0
2026-01,올투게더나우,올투게더나우 다이얼 압박 무릎 보호대 아대,"올투게더나우 다이얼 압박 무릎 보호대 아대, 2개, M(무릎둘레 40~44)",54900,1,1,0
2026-01,올투게더나우,올투게더나우 리뉴얼 4세대 영자 무릎 보호대 아대 블랙,"올투게더나우 리뉴얼 4세대 영자 무릎 보호대 아대 블랙, L, 2개",273900,11,11,44000
2026-01,올투게더나우,올투게더나우 리뉴얼 4세대 영자 무릎 보호대 아대 블랙,"올투게더나우 리뉴얼 4세대 영자 무릎 보호대 아대 블랙, M, 1개",44700,3,3,6000
2026-01,올투게더나우,올투게더나우 리뉴얼 4세대 영자 무릎 보호대 아대 블랙,"올투게더나우 리뉴얼 4세대 영자 무릎 보호대 아대 블랙, XL, 2개",224100,9,9,36000
2026-01,올투게더나우,올투게더나우 리뉴얼 4세대 영자 무릎 보호대 아대 화이트,"올투게더나우 리뉴얼 4세대 영자 무릎 보호대 아대 화이트, 2개, M",74700,3,3,12000
2026-01,올투게더나우,올투게더나우 목 보호대 밴드,"올투게더나우 목 보호대 밴드, 1개, M",38700,3,3,9900
2026-01,올투게더나우,올투게더나우 바른요 허리보호대 복대 마사지볼 세트,"올투게더나우 바른요 허리보호대 복대 마사지볼 세트, L, 1개",115600,4,4,30000
2026-01,올투게더나우,올투게더나우 바른요 허리보호대 복대 마사지볼 세트,"올투게더나우 바른요 허리보호대 복대 마사지볼 세트, M, 1개",115600,4,4,30000
2026-01,올투게더나우,올투게더나우 바른요 허리보호대 복대 마사지볼 세트,"올투게더나우 바른요 허리보호대 복대 마사지볼 세트, S, 1개",28900,1,1,7500
2026-01,올투게더나우,올투게더나우 바른요 허리보호대 복대 마사지볼 세트,"올투게더나우 바른요 허리보호대 복대 마사지볼 세트, XL, 1개",202300,7,7,52500
2026-01,올투게더나우,올투게더나우 손목보호대 아대 2p,"올투게더나우 손목보호대 아대 2p, 1쌍 + 마사지볼, 1세트",35910,3,3,8700
2026-01,올투게더나우,올투게더나우 손목보호대 아대 2p,"올투게더나우 손목보호대 아대 2p, 1쌍 + 악력기, 1세트",11970,1,1,2900
2026-01,올투게더나우,올투게더나우 아치패드 깔창 2p 1set,"올투게더나우 아치패드 깔창 2p 1set, 1세트, 블랙",29400,3,3,6300
2026-01,올투게더나우,올투게더나우 아치패드 깔창 2p 1set,"올투게더나우 아치패드 깔창 2p 1set, 2세트, 블랙",59600,1,4,16800
2026-01,올투게더나우,올투게더나우 아치패드 깔창 2p 1set,"올투게더나우 아치패드 깔창 2p 1set, 베이지, 2세트",14900,1,1,4200
2026-01,올투게더나우,올투게더나우 어깨보호대,"올투게더나우 어깨보호대, 좌우겸용, 1개, FREE",119200,7,8,36000
2026-01,올투게더나우,올투게더나우 엄지 발가락 보호대,"올투게더나우 엄지 발가락 보호대, 1개, 양쪽",74500,5,5,10000
2026-01,올투게더나우,올투게더나우 엄지 발가락 보호대,"올투게더나우 엄지 발가락 보호대, 1개, 우측",158400,16,16,32000
2026-01,올투게더나우,올투게더나우 엄지 발가락 보호대,"올투게더나우 엄지 발가락 보호대, 1개, 좌측",118800,12,12,24000
2026-01,올투게더나우,올투게더나우 영자 무릎보호대 아대,"올투게더나우 영자 무릎보호대 아대, 블랙, 양쪽, L, 1개",139500,5,5,18500
2026-01,올투게더나우,올투게더나우 영자 무릎보호대 아대,"올투게더나우 영자 무릎보호대 아대, 블랙, 양쪽, M, 1개",223200,8,8,29600
2026-01,올투게더나우,올투게더나우 영자 무릎보호대 아대,"올투게더나우 영자 무릎보호대 아대, 블랙, 양쪽, S, 1개",27900,1,1,3700
2026-01,올투게더나우,올투게더나우 영자 무릎보호대 아대,"올투게더나우 영자 무릎보호대 아대, 블랙, 오른쪽, M, 1개",14900,1,1,3700
2026-01,올투게더나우,올투게더나우 영자 무릎보호대 아대,"올투게더나우 영자 무릎보호대 아대, 아이보리, 양쪽, S, 1개",27900,1,1,3700
2026-01,올투게더나우,올투게더나우 영자 무릎보호대 아대,"올투게더나우 영자 무릎보호대 아대, 아이보리, 오른쪽, S, 1개",14900,1,1,3700
2026-01,올투게더나우,올투게더나우 올바른 허리보호대 허리 복대,"올투게더나우 올바른 허리보호대 허리 복대, L, 1개",65700,3,3,24300
2026-01,올투게더나우,올투게더나우 올바른 허리보호대 허리 복대,"올투게더나우 올바른 허리보호대 허리 복대, M, 1개",21900,1,1,8100
2026-01,올투게더나우,올투게더나우 올바른 허리보호대 허리 복대,"올투게더나우 올바른 허리보호대 허리 복대, S, 1개",21900,1,1,8100
2026-01,올투게더나우,올투게더나우 원와이어 허리보호대,"올투게더나우 원와이어 허리보호대, L, 1개",59800,2,2,16000
2026-01,올투게더나우,올투게더나우 원와이어 허리보호대,"올투게더나우 원와이어 허리보호대, M, 1개",29900,1,1,8000
2026-01,올투게더나우,올투게더나우 원와이어 허리보호대,"올투게더나우 원와이어 허리보호대, S, 1개",89700,3,3,24000
2026-01,올투게더나우,올투게더나우 원와이어 허리보호대,"올투게더나우 원와이어 허리보호대, XL, 1개",29900,1,1,8000
2026-01,올투게더나우,올투게더나우 자바라 발목보호대 2p,"올투게더나우 자바라 발목보호대 2p, 1세트, 블랙, M",18900,1,1,0
2026-01,올투게더나우,올투게더나우 자세펴 바른 자세 어깨 밴드,"올투게더나우 자세펴 바른 자세 어깨 밴드, 1개, M",29800,2,2,5400
2026-01,올투게더나우,올투게더나우 쫀쫀 무릎 보호대,"올투게더나우 쫀쫀 무릎 보호대, 양쪽, 핑크",24900,1,1,0
2026-01,올투게더나우,올투게더나우 코지 무릎 보호대 2p 1set,"올투게더나우 코지 무릎 보호대 2p 1set, L, 1세트",44700,2,3,14400
2026-01,올투게더나우,올투게더나우 코지 무릎 보호대 2p 1set,"올투게더나우 코지 무릎 보호대 2p 1set, M, 1세트",14900,1,1,4800
2026-01,올투게더나우,올투게더나우 코지 무릎 보호대 2p 1set,"올투게더나우 코지 무릎 보호대 2p 1set, XL, 1세트",14900,1,1,4800
2026-01,올투게더나우,올투게더나우 팔꿈치 고급 엘보 보호대,"올투게더나우 팔꿈치 고급 엘보 보호대, 한팔, 1개",22900,2,2,0
2026-01,올투게더나우,올투게더나우 팔꿈치 보호대,"올투게더나우 팔꿈치 보호대, 블랙, 2개, FREE",4380800,294,296,1095200
2026-01,올투게더나우,올투게더나우 팔꿈치 보호대 2p 1set,"올투게더나우 팔꿈치 보호대 2p 1set, 블랙, L, 1개",14900,1,1,5600
2026-01,올투게더나우,올투게더나우 팔꿈치 엘보 보호대,"올투게더나우 팔꿈치 엘보 보호대, 블랙, 1개, FREE",6198920,643,676,1487200
2026-01,올투게더나우,올투게더나우 허리보호대 복대,"올투게더나우 허리보호대 복대, L, 1개",534600,27,27,202500
2026-01,올투게더나우,올투게더나우 허리보호대 복대,"올투게더나우 허리보호대 복대, M, 1개",277200,14,14,105000
2026-01,올투게더나우,올투게더나우 허리보호대 복대,"올투게더나우 허리보호대 복대, XL, 1개",594000,29,30,225000
2026-02,올투게더나우,물리치료사가 판매하는 올투게더나우 4세대 영자 무릎보호대 아대 블랙,"물리치료사가 판매하는 올투게더나우 4세대 영자 무릎보호대 아대 블랙, M, 2개",331100,14,14,56000
2026-02,올투게더나우,물리치료사가 판매하는 올투게더나우 4세대 영자 무릎보호대 아대 블랙,"물리치료사가 판매하는 올투게더나우 4세대 영자 무릎보호대 아대 블랙, XL, 1개",74500,5,5,10000
2026-02,올투게더나우,물리치료사가 판매하는 올투게더나우 모든 손가락 보호대,"물리치료사가 판매하는 올투게더나우 모든 손가락 보호대, 1개, L",37200,3,3,10200
2026-02,올투게더나우,물리치료사가 판매하는 올투게더나우 모든 손가락 보호대,"물리치료사가 판매하는 올투게더나우 모든 손가락 보호대, 1개, S",74400,6,6,20400
2026-02,올투게더나우,물리치료사가 판매하는 올투게더나우 모든 손가락 보호대,"물리치료사가 판매하는 올투게더나우 모든 손가락 보호대, 2개, L",19800,1,1,6800
2026-02,올투게더나우,물리치료사가 판매하는 올투게더나우 무릎 보온대 방한대 보호대 2p,"물리치료사가 판매하는 올투게더나우 무릎 보온대 방한대 보호대 2p, 블랙",18900,1,1,0
2026-02,올투게더나우,물리치료사가 판매하는 올투게더나우 손목보호대,"물리치료사가 판매하는 올투게더나우 손목보호대, 오른손 L, 1개",58800,5,6,0
2026-02,올투게더나우,물리치료사가 판매하는 올투게더나우 손목보호대,"물리치료사가 판매하는 올투게더나우 손목보호대, 왼손 L, 1개",19600,2,2,0
2026-02,올투게더나우,물리치료사가 판매하는 올투게더나우 컨시더 팔꿈치보호대,"물리치료사가 판매하는 올투게더나우 컨시더 팔꿈치보호대, 블루, 1개",24800,1,2,5600
2026-02,올투게더나우,보호대연구소 쫀쫀 손목 보호대 아대 2p,"보호대연구소 쫀쫀 손목 보호대 아대 2p, 블랙, 1세트, free",189000,10,10,12000
2026-02,올투게더나우,앞날창창 무릎보호대 블랙,"앞날창창 무릎보호대 블랙, XL, 2개",23650,1,1,0
2026-02,올투게더나우,어깨 보정 밴드,"어깨 보정 밴드, 왼쪽, 1개, FREE",46950,3,3,13500
2026-02,올투게더나우,올투게더나우 4세대 영자 무릎보호대 아대,"올투게더나우 4세대 영자 무릎보호대 아대, L, 1개",59600,4,4,8000
2026-02,올투게더나우,올투게더나우 8세대 영자 무릎 보호대 아대,"올투게더나우 8세대 영자 무릎 보호대 아대, 1개, L",47700,3,3,8100
2026-02,올투게더나우,올투게더나우 8세대 영자 무릎 보호대 아대,"올투게더나우 8세대 영자 무릎 보호대 아대, 1개, M",79500,5,5,13500
2026-02,올투게더나우,올투게더나우 8세대 영자 무릎 보호대 아대,"올투게더나우 8세대 영자 무릎 보호대 아대, 2개, L",53800,2,2,10800
2026-02,올투게더나우,올투게더나우 8세대 영자 무릎 보호대 아대,"올투게더나우 8세대 영자 무릎 보호대 아대, 2개, M",107600,4,4,21600
2026-02,올투게더나우,올투게더나우 8세대 영자 무릎 보호대 아대,"올투게더나우 8세대 영자 무릎 보호대 아대, 2개, XL",53800,2,2,10800
2026-02,올투게더나우,올투게더나우 가벼운 허리보호대 복대,"올투게더나우 가벼운 허리보호대 복대, M, 1개",16980,1,1,0
2026-02,올투게더나우,올투게더나우 강력 압박 스트랩 손목 보호대 아대,"올투게더나우 강력 압박 스트랩 손목 보호대 아대, FREE, 2p",56700,3,3,16200
2026-02,올투게더나우,올투게더나우 고정형 발목 보호대 아대,"올투게더나우 고정형 발목 보호대 아대, L, 1개",46800,1,2,0
2026-02,올투게더나우,올투게더나우 관절 압박 손목 보호대 아대 블랙,"올투게더나우 관절 압박 손목 보호대 아대 블랙, 2개",75600,4,4,21600
2026-02,올투게더나우,올투게더나우 관절 압박 손목보호대 아대 핑크,"올투게더나우 관절 압박 손목보호대 아대 핑크, 1개",12900,1,1,2700
2026-02,올투게더나우,올투게더나우 관절 압박 손목보호대 아대 핑크,"올투게더나우 관절 압박 손목보호대 아대 핑크, 2개",37800,2,2,10800
2026-02,올투게더나우,올투게더나우 다이얼 압박 무릎 보호대 아대,"올투게더나우 다이얼 압박 무릎 보호대 아대, 2개, M(무릎둘레 40~44)",109800,2,2,0
2026-02,올투게더나우,올투게더나우 리뉴얼 4세대 영자 무릎 보호대 아대 블랙,"올투게더나우 리뉴얼 4세대 영자 무릎 보호대 아대 블랙, L, 2개",224100,9,9,36000
2026-02,올투게더나우,올투게더나우 리뉴얼 4세대 영자 무릎 보호대 아대 블랙,"올투게더나우 리뉴얼 4세대 영자 무릎 보호대 아대 블랙, M, 1개",89400,6,6,12000
2026-02,올투게더나우,올투게더나우 리뉴얼 4세대 영자 무릎 보호대 아대 블랙,"올투게더나우 리뉴얼 4세대 영자 무릎 보호대 아대 블랙, XL, 2개",124500,5,5,20000
2026-02,올투게더나우,올투게더나우 목 보호대 밴드,"올투게더나우 목 보호대 밴드, 1개, M",25800,2,2,6600
2026-02,올투게더나우,올투게더나우 바른요 허리보호대 복대 마사지볼 세트,"올투게더나우 바른요 허리보호대 복대 마사지볼 세트, L, 1개",144500,4,5,37500
2026-02,올투게더나우,올투게더나우 바른요 허리보호대 복대 마사지볼 세트,"올투게더나우 바른요 허리보호대 복대 마사지볼 세트, M, 1개",57800,2,2,15000
2026-02,올투게더나우,올투게더나우 바른요 허리보호대 복대 마사지볼 세트,"올투게더나우 바른요 허리보호대 복대 마사지볼 세트, XL, 1개",86700,3,3,22500
2026-02,올투게더나우,올투게더나우 바른자세 허리보호대,"올투게더나우 바른자세 허리보호대, S, 1개",28900,1,1,0
2026-02,올투게더나우,올투게더나우 손목보호대 아대 2p,"올투게더나우 손목보호대 아대 2p, 1쌍 + 마사지볼, 1세트",35910,3,3,8700
2026-02,올투게더나우,올투게더나우 손목보호대 아대 2p,"올투게더나우 손목보호대 아대 2p, 1쌍 + 악력기, 1세트",35910,3,3,8700
2026-02,올투게더나우,올투게더나우 아치패드 깔창 2p 1set,"올투게더나우 아치패드 깔창 2p 1set, 베이지, 1세트, FREE",9800,1,1,2100
2026-02,올투게더나우,올투게더나우 아치패드 깔창 2p 1set,"올투게더나우 아치패드 깔창 2p 1set, 베이지, 2세트",14900,1,1,4200
2026-02,올투게더나우,올투게더나우 어깨보호대,"올투게더나우 어깨보호대, 2개, FREE, 좌우겸용",24900,1,1,9000
2026-02,올투게더나우,올투게더나우 어깨보호대,"올투게더나우 어깨보호대, 좌우겸용, 1개, FREE",60350,4,4,18000
2026-02,올투게더나우,올투게더나우 엄지 발가락 보호대,"올투게더나우 엄지 발가락 보호대, 1개, 양쪽",29800,2,2,4000
2026-02,올투게더나우,올투게더나우 엄지 발가락 보호대,"올투게더나우 엄지 발가락 보호대, 1개, 우측",89100,9,9,18000
2026-02,올투게더나우,올투게더나우 엄지 발가락 보호대,"올투게더나우 엄지 발가락 보호대, 1개, 좌측",89100,9,9,18000
2026-02,올투게더나우,올투게더나우 영자 무릎보호대 아대,"올투게더나우 영자 무릎보호대 아대, 블랙, 양쪽, L, 1개",139500,4,5,18500
2026-02,올투게더나우,올투게더나우 영자 무릎보호대 아대,"올투게더나우 영자 무릎보호대 아대, 블랙, 양쪽, M, 1개",83700,3,3,11100
2026-02,올투게더나우,올투게더나우 영자 무릎보호대 아대,"올투게더나우 영자 무릎보호대 아대, 블랙, 양쪽, S, 1개",83700,3,3,11100
2026-02,올투게더나우,올투게더나우 영자 무릎보호대 아대,"올투게더나우 영자 무릎보호대 아대, 블랙, 오른쪽, L, 1개",14900,1,1,3700
2026-02,올투게더나우,올투게더나우 영자 무릎보호대 아대,"올투게더나우 영자 무릎보호대 아대, 블랙, 왼쪽, L, 1개",14900,1,1,3700
2026-02,올투게더나우,올투게더나우 영자 무릎보호대 아대,"올투게더나우 영자 무릎보호대 아대, 아이보리, 양쪽, L, 1개",27900,1,1,3700
2026-02,올투게더나우,올투게더나우 영자 무릎보호대 아대,"올투게더나우 영자 무릎보호대 아대, 아이보리, 양쪽, S, 1개",27900,1,1,3700
2026-02,올투게더나우,올투게더나우 영자 무릎보호대 아대,"올투게더나우 영자 무릎보호대 아대, 아이보리, 오른쪽, L, 1개",29800,2,2,7400
2026-02,올투게더나우,올투게더나우 올바른 허리보호대 허리 복대,"올투게더나우 올바른 허리보호대 허리 복대, S, 1개",21900,1,1,8100
2026-02,올투게더나우,올투게더나우 원와이어 허리보호대,"올투게더나우 원와이어 허리보호대, M, 1개",29900,1,1,8000
2026-02,올투게더나우,올투게더나우 원와이어 허리보호대,"올투게더나우 원와이어 허리보호대, S, 1개",29900,1,1,8000
2026-02,올투게더나우,올투게더나우 원와이어 허리보호대,"올투게더나우 원와이어 허리보호대, XL, 1개",59800,2,2,16000
2026-02,올투게더나우,올투게더나우 자바라 발목보호대 2p,"올투게더나우 자바라 발목보호대 2p, 1세트, 블랙, L",18900,1,1,0
2026-02,올투게더나우,올투게더나우 자세펴 바른 자세 어깨 밴드,"올투게더나우 자세펴 바른 자세 어깨 밴드, 1개, L",29800,2,2,5400
2026-02,올투게더나우,올투게더나우 자세펴 바른 자세 어깨 밴드,"올투게더나우 자세펴 바른 자세 어깨 밴드, 1개, M",14900,1,1,2700
2026-02,올투게더나우,올투게더나우 탄력 압박 허리 보호대 복대,"올투게더나우 탄력 압박 허리 보호대 복대, 1개, M",38900,1,1,0
2026-02,올투게더나우,올투게더나우 테이핑 발목 보호대 아대 1p,"올투게더나우 테이핑 발목 보호대 아대 1p, 1개",6170,1,1,2700
2026-02,올투게더나우,올투게더나우 팔꿈치 고급 엘보 보호대,"올투게더나우 팔꿈치 고급 엘보 보호대, 한팔, 1개",34350,3,3,0
2026-02,올투게더나우,올투게더나우 팔꿈치 보호대,"올투게더나우 팔꿈치 보호대, 블랙, 2개, FREE",4321600,286,292,1080400
2026-02,올투게더나우,올투게더나우 팔꿈치 보호대 2p 1set,"올투게더나우 팔꿈치 보호대 2p 1set, 레드, XL, 1개",14900,1,1,5600
2026-02,올투게더나우,올투게더나우 팔꿈치 엘보 보호대,"올투게더나우 팔꿈치 엘보 보호대, 블랙, 1개, FREE",7427700,770,810,1782000
2026-02,올투게더나우,올투게더나우 허리보호대 복대,"올투게더나우 허리보호대 복대, L, 1개",356400,18,18,135000
2026-02,올투게더나우,올투게더나우 허리보호대 복대,"올투게더나우 허리보호대 복대, M, 1개",237600,12,12,90000
2026-02,올투게더나우,올투게더나우 허리보호대 복대,"올투게더나우 허리보호대 복대, XL, 1개",495000,24,25,187500
2026-02,올투게더나우,유큐어 주상골 압박 아치패드 깔창 스킨색 2p,"유큐어 주상골 압박 아치패드 깔창 스킨색 2p, 1세트, FREE",21800,2,2,4200
2026-02,올투게더나우,유큐어 주상골 압박 아치패드 깔창 스킨색 2p,"유큐어 주상골 압박 아치패드 깔창 스킨색 2p, 2세트, FREE",15110,1,1,4200
2026-03,올투게더나우,물리치료사가 판매하는 올투게더나우 4세대 영자 무릎보호대 아대 블랙,"물리치료사가 판매하는 올투게더나우 4세대 영자 무릎보호대 아대 블랙, M, 2개",735650,30,31,124000
2026-03,올투게더나우,물리치료사가 판매하는 올투게더나우 4세대 영자 무릎보호대 아대 블랙,"물리치료사가 판매하는 올투게더나우 4세대 영자 무릎보호대 아대 블랙, XL, 1개",29800,2,2,4000
2026-03,올투게더나우,물리치료사가 판매하는 올투게더나우 모든 손가락 보호대,"물리치료사가 판매하는 올투게더나우 모든 손가락 보호대, 1개, L",124000,10,10,34000
2026-03,올투게더나우,물리치료사가 판매하는 올투게더나우 모든 손가락 보호대,"물리치료사가 판매하는 올투게더나우 모든 손가락 보호대, 1개, S",37200,3,3,10200
2026-03,올투게더나우,물리치료사가 판매하는 올투게더나우 모든 손가락 보호대,"물리치료사가 판매하는 올투게더나우 모든 손가락 보호대, 2개, S",19800,1,1,6800
2026-03,올투게더나우,물리치료사가 판매하는 올투게더나우 손목보호대,"물리치료사가 판매하는 올투게더나우 손목보호대, 오른손 L, 1개",19600,2,2,0
2026-03,올투게더나우,물리치료사가 판매하는 올투게더나우 실리콘 손목 보호대,"물리치료사가 판매하는 올투게더나우 실리콘 손목 보호대, 1개",29600,3,4,9600
2026-03,올투게더나우,물리치료사가 판매하는 올투게더나우 컨시더 팔꿈치보호대,"물리치료사가 판매하는 올투게더나우 컨시더 팔꿈치보호대, 블랙, 1개",34800,2,2,5600
2026-03,올투게더나우,물리치료사가 판매하는 올투게더나우 컨시더 팔꿈치보호대,"물리치료사가 판매하는 올투게더나우 컨시더 팔꿈치보호대, 블루, 1개",37200,3,3,8400
2026-03,올투게더나우,보호대연구소 쫀쫀 손목 보호대 아대 2p,"보호대연구소 쫀쫀 손목 보호대 아대 2p, 블랙, 1세트, free",56700,3,3,3600
2026-03,올투게더나우,어깨 보정 밴드,"어깨 보정 밴드, 왼쪽, 1개, FREE",15650,1,1,4500
2026-03,올투게더나우,올투게더나우 4세대 영자 무릎보호대 아대,"올투게더나우 4세대 영자 무릎보호대 아대, L, 1개",134100,9,9,18000
2026-03,올투게더나우,올투게더나우 8세대 영자 무릎 보호대 아대,"올투게더나우 8세대 영자 무릎 보호대 아대, 1개, L",31800,2,2,5400
2026-03,올투게더나우,올투게더나우 8세대 영자 무릎 보호대 아대,"올투게더나우 8세대 영자 무릎 보호대 아대, 1개, M",31800,2,2,5400
2026-03,올투게더나우,올투게더나우 8세대 영자 무릎 보호대 아대,"올투게더나우 8세대 영자 무릎 보호대 아대, 1개, XL",15900,1,1,2700
2026-03,올투게더나우,올투게더나우 8세대 영자 무릎 보호대 아대,"올투게더나우 8세대 영자 무릎 보호대 아대, 2개, L",134500,5,5,27000
2026-03,올투게더나우,올투게더나우 8세대 영자 무릎 보호대 아대,"올투게더나우 8세대 영자 무릎 보호대 아대, 2개, M",269000,9,10,54000
2026-03,올투게더나우,올투게더나우 8세대 영자 무릎 보호대 아대,"올투게더나우 8세대 영자 무릎 보호대 아대, 2개, XL",161400,6,6,32400
2026-03,올투게더나우,올투게더나우 가벼운 허리보호대 복대,"올투게더나우 가벼운 허리보호대 복대, L, 1개",16950,1,1,0
2026-03,올투게더나우,올투게더나우 가벼운 허리보호대 복대,"올투게더나우 가벼운 허리보호대 복대, M, 1개",16980,1,1,0
2026-03,올투게더나우,올투게더나우 강력 압박 스트랩 손목 보호대 아대,"올투게더나우 강력 압박 스트랩 손목 보호대 아대, FREE, 1개",25800,2,2,5400
2026-03,올투게더나우,올투게더나우 강력 압박 스트랩 손목 보호대 아대,"올투게더나우 강력 압박 스트랩 손목 보호대 아대, FREE, 2p",18900,1,1,5400
2026-03,올투게더나우,올투게더나우 관절 압박 손목 보호대 아대 블랙,"올투게더나우 관절 압박 손목 보호대 아대 블랙, 2개",151200,7,8,43200
2026-03,올투게더나우,올투게더나우 관절 압박 손목보호대 아대 핑크,"올투게더나우 관절 압박 손목보호대 아대 핑크, 2개",37800,2,2,10800
2026-03,올투게더나우,올투게더나우 다이얼 압박 무릎 보호대 아대,"올투게더나우 다이얼 압박 무릎 보호대 아대, 1개, M(무릎둘레 40~44)",59600,2,2,0
2026-03,올투게더나우,올투게더나우 리뉴얼 4세대 영자 무릎 보호대 아대 블랙,"올투게더나우 리뉴얼 4세대 영자 무릎 보호대 아대 블랙, L, 2개",174300,7,7,28000
2026-03,올투게더나우,올투게더나우 리뉴얼 4세대 영자 무릎 보호대 아대 블랙,"올투게더나우 리뉴얼 4세대 영자 무릎 보호대 아대 블랙, M, 1개",59600,4,4,8000
2026-03,올투게더나우,올투게더나우 리뉴얼 4세대 영자 무릎 보호대 아대 블랙,"올투게더나우 리뉴얼 4세대 영자 무릎 보호대 아대 블랙, XL, 2개",174300,7,7,28000
2026-03,올투게더나우,올투게더나우 리뉴얼 4세대 영자 무릎 보호대 아대 화이트,"올투게더나우 리뉴얼 4세대 영자 무릎 보호대 아대 화이트, 2개, M",24900,1,1,4000
2026-03,올투게더나우,올투게더나우 목 보호대 밴드,"올투게더나우 목 보호대 밴드, 1개, M",25800,1,2,6600
2026-03,올투게더나우,올투게더나우 바른요 허리보호대 복대 마사지볼 세트,"올투게더나우 바른요 허리보호대 복대 마사지볼 세트, L, 1개",57800,2,2,15000
2026-03,올투게더나우,올투게더나우 바른요 허리보호대 복대 마사지볼 세트,"올투게더나우 바른요 허리보호대 복대 마사지볼 세트, M, 1개",28900,1,1,7500
2026-03,올투게더나우,올투게더나우 바른요 허리보호대 복대 마사지볼 세트,"올투게더나우 바른요 허리보호대 복대 마사지볼 세트, S, 1개",28900,1,1,7500
2026-03,올투게더나우,올투게더나우 바른요 허리보호대 복대 마사지볼 세트,"올투게더나우 바른요 허리보호대 복대 마사지볼 세트, XL, 1개",144500,5,5,37500
2026-03,올투게더나우,올투게더나우 바른자세 허리보호대,"올투게더나우 바른자세 허리보호대, L, 1개",57800,2,2,0
2026-03,올투게더나우,올투게더나우 손가락 보호대 밴드,"올투게더나우 손가락 보호대 밴드, 2개",9880,1,1,0
2026-03,올투게더나우,올투게더나우 손목보호대 아대 2p,"올투게더나우 손목보호대 아대 2p, 1쌍 + 마사지볼, 1세트",119700,8,10,29000
2026-03,올투게더나우,올투게더나우 손목보호대 아대 2p,"올투게더나우 손목보호대 아대 2p, 1쌍 + 악력기, 1세트",23940,2,2,5800
2026-03,올투게더나우,올투게더나우 아치패드 깔창 2p 1set,"올투게더나우 아치패드 깔창 2p 1set, 1세트, 블랙",9800,1,1,2100
2026-03,올투게더나우,올투게더나우 아치패드 깔창 2p 1set,"올투게더나우 아치패드 깔창 2p 1set, 2세트, 블랙",14900,1,1,4200
2026-03,올투게더나우,올투게더나우 아치패드 깔창 2p 1set,"올투게더나우 아치패드 깔창 2p 1set, 베이지, 1세트, FREE",9800,1,1,2100
2026-03,올투게더나우,올투게더나우 어깨보호대,"올투게더나우 어깨보호대, 좌우겸용, 1개, FREE",78250,4,5,22500
2026-03,올투게더나우,올투게더나우 엄지 발가락 보호대,"올투게더나우 엄지 발가락 보호대, 1개, 양쪽",29800,2,2,4000
2026-03,올투게더나우,올투게더나우 엄지 발가락 보호대,"올투게더나우 엄지 발가락 보호대, 1개, 우측",128700,13,13,26000
2026-03,올투게더나우,올투게더나우 엄지 발가락 보호대,"올투게더나우 엄지 발가락 보호대, 1개, 좌측",148500,15,15,30000
2026-03,올투게더나우,올투게더나우 영자 무릎보호대 아대,"올투게더나우 영자 무릎보호대 아대, 블랙, 양쪽, L, 1개",251100,5,9,33300
2026-03,올투게더나우,올투게더나우 영자 무릎보호대 아대,"올투게더나우 영자 무릎보호대 아대, 블랙, 양쪽, M, 1개",27900,1,1,3700
2026-03,올투게더나우,올투게더나우 영자 무릎보호대 아대,"올투게더나우 영자 무릎보호대 아대, 블랙, 오른쪽, L, 1개",14900,1,1,3700
2026-03,올투게더나우,올투게더나우 영자 무릎보호대 아대,"올투게더나우 영자 무릎보호대 아대, 블랙, 오른쪽, M, 1개",14900,1,1,3700
2026-03,올투게더나우,올투게더나우 영자 무릎보호대 아대,"올투게더나우 영자 무릎보호대 아대, 블랙, 왼쪽, L, 1개",29800,2,2,7400
2026-03,올투게더나우,올투게더나우 영자 무릎보호대 아대,"올투게더나우 영자 무릎보호대 아대, 아이보리, 양쪽, L, 1개",55800,2,2,7400
2026-03,올투게더나우,올투게더나우 올바른 허리보호대 허리 복대,"올투게더나우 올바른 허리보호대 허리 복대, L, 1개",65700,3,3,24300
2026-03,올투게더나우,올투게더나우 올바른 허리보호대 허리 복대,"올투게더나우 올바른 허리보호대 허리 복대, M, 1개",65700,3,3,24300
2026-03,올투게더나우,올투게더나우 올바른 허리보호대 허리 복대,"올투게더나우 올바른 허리보호대 허리 복대, XL, 1개",65700,3,3,24300
2026-03,올투게더나우,올투게더나우 와이어 허리 복대 허리보호대 마사지볼 세트,"올투게더나우 와이어 허리 복대 허리보호대 마사지볼 세트, L, 1개",27900,1,1,8000
2026-03,올투게더나우,올투게더나우 와이어 허리 복대 허리보호대 마사지볼 세트,"올투게더나우 와이어 허리 복대 허리보호대 마사지볼 세트, M, 1개",27900,1,1,8000
2026-03,올투게더나우,올투게더나우 원와이어 허리보호대,"올투게더나우 원와이어 허리보호대, L, 1개",149500,4,5,40000
2026-03,올투게더나우,올투게더나우 원와이어 허리보호대,"올투게더나우 원와이어 허리보호대, M, 1개",29900,1,1,8000
2026-03,올투게더나우,올투게더나우 원와이어 허리보호대,"올투게더나우 원와이어 허리보호대, XL, 1개",89700,2,3,24000
2026-03,올투게더나우,올투게더나우 이중압박 손목 보호대 블랙,"올투게더나우 이중압박 손목 보호대 블랙, 40.5 x 6 cm, 2개",35800,2,2,0
2026-03,올투게더나우,올투게더나우 자세펴 바른 자세 어깨 밴드,"올투게더나우 자세펴 바른 자세 어깨 밴드, 1개, L",14900,1,1,2700
2026-03,올투게더나우,올투게더나우 자세펴 바른 자세 어깨 밴드,"올투게더나우 자세펴 바른 자세 어깨 밴드, 1개, M",59600,4,4,10800
2026-03,올투게더나우,올투게더나우 코지 무릎 보호대 2p 1set,"올투게더나우 코지 무릎 보호대 2p 1set, M, 1세트",44700,3,3,14400
2026-03,올투게더나우,올투게더나우 코지 무릎 보호대 2p 1set,"올투게더나우 코지 무릎 보호대 2p 1set, S, 1세트",14900,1,1,4800
2026-03,올투게더나우,올투게더나우 테이핑 발목 보호대 아대 1p,"올투게더나우 테이핑 발목 보호대 아대 1p, 1개",6170,1,1,2700
2026-03,올투게더나우,올투게더나우 팔꿈치 고급 엘보 보호대,"올투게더나우 팔꿈치 고급 엘보 보호대, 한팔, 1개",137400,9,12,0
2026-03,올투게더나우,올투게더나우 팔꿈치 보호대,"올투게더나우 팔꿈치 보호대, 블랙, 2개, FREE",3669300,219,223,825100
2026-03,올투게더나우,올투게더나우 팔꿈치 보호대 2p 1set,"올투게더나우 팔꿈치 보호대 2p 1set, 블랙, XL, 1개",29800,2,2,11200
2026-03,올투게더나우,올투게더나우 팔꿈치 엘보 보호대,"올투게더나우 팔꿈치 엘보 보호대, 블랙, 1개, FREE",10387930,1020,1103,2426600
2026-03,올투게더나우,올투게더나우 허리보호대 복대,"올투게더나우 허리보호대 복대, L, 1개",732600,36,37,277500
2026-03,올투게더나우,올투게더나우 허리보호대 복대,"올투게더나우 허리보호대 복대, M, 1개",316800,16,16,120000
2026-03,올투게더나우,올투게더나우 허리보호대 복대,"올투게더나우 허리보호대 복대, XL, 1개",693000,35,35,262500
2026-03,올투게더나우,유큐어 주상골 압박 아치패드 깔창 스킨색 2p,"유큐어 주상골 압박 아치패드 깔창 스킨색 2p, 1세트, FREE",10900,1,1,2100
2026-04,올투게더나우,물리치료사가 판매하는 올투게더나우 4세대 영자 무릎보호대 아대 블랙,"물리치료사가 판매하는 올투게더나우 4세대 영자 무릎보호대 아대 블랙, M, 2개",1231050,50,52,208000
2026-04,올투게더나우,물리치료사가 판매하는 올투게더나우 4세대 영자 무릎보호대 아대 블랙,"물리치료사가 판매하는 올투게더나우 4세대 영자 무릎보호대 아대 블랙, XL, 1개",178800,12,12,24000
2026-04,올투게더나우,물리치료사가 판매하는 올투게더나우 모든 손가락 보호대,"물리치료사가 판매하는 올투게더나우 모든 손가락 보호대, 1개, L",12400,1,1,3400
2026-04,올투게더나우,물리치료사가 판매하는 올투게더나우 모든 손가락 보호대,"물리치료사가 판매하는 올투게더나우 모든 손가락 보호대, 1개, S",49600,4,4,13600
2026-04,올투게더나우,물리치료사가 판매하는 올투게더나우 모든 손가락 보호대,"물리치료사가 판매하는 올투게더나우 모든 손가락 보호대, 2개, L",59400,3,3,20400
2026-04,올투게더나우,물리치료사가 판매하는 올투게더나우 모든 손가락 보호대,"물리치료사가 판매하는 올투게더나우 모든 손가락 보호대, 2개, S",79200,4,4,27200
2026-04,올투게더나우,물리치료사가 판매하는 올투게더나우 손목보호대,"물리치료사가 판매하는 올투게더나우 손목보호대, 양손 L, 1개",35800,1,2,0
2026-04,올투게더나우,물리치료사가 판매하는 올투게더나우 손목보호대,"물리치료사가 판매하는 올투게더나우 손목보호대, 오른손 L, 1개",39200,4,4,0
2026-04,올투게더나우,물리치료사가 판매하는 올투게더나우 손목보호대,"물리치료사가 판매하는 올투게더나우 손목보호대, 왼손 L, 1개",9800,1,1,0
2026-04,올투게더나우,물리치료사가 판매하는 올투게더나우 실리콘 손목 보호대,"물리치료사가 판매하는 올투게더나우 실리콘 손목 보호대, 1개",44400,6,6,14400
2026-04,올투게더나우,물리치료사가 판매하는 올투게더나우 컨시더 팔꿈치보호대,"물리치료사가 판매하는 올투게더나우 컨시더 팔꿈치보호대, 블랙, 1개",59600,3,4,11200
2026-04,올투게더나우,물리치료사가 판매하는 올투게더나우 컨시더 팔꿈치보호대,"물리치료사가 판매하는 올투게더나우 컨시더 팔꿈치보호대, 블루, 1개",29800,2,2,5600
2026-04,올투게더나우,보호대연구소 쫀쫀 손목 보호대 아대 2p,"보호대연구소 쫀쫀 손목 보호대 아대 2p, 블랙, 1세트, free",43800,2,2,2400
2026-04,올투게더나우,올투게더나우 4세대 영자 무릎보호대 아대,"올투게더나우 4세대 영자 무릎보호대 아대, 1개, M, 화이트, 화이트",29800,1,2,4000
2026-04,올투게더나우,올투게더나우 4세대 영자 무릎보호대 아대,"올투게더나우 4세대 영자 무릎보호대 아대, L, 1개",193700,11,13,26000
2026-04,올투게더나우,올투게더나우 8세대 영자 무릎 보호대 아대,"올투게더나우 8세대 영자 무릎 보호대 아대, 1개, L",47700,3,3,8100
2026-04,올투게더나우,올투게더나우 8세대 영자 무릎 보호대 아대,"올투게더나우 8세대 영자 무릎 보호대 아대, 1개, M",95400,6,6,16200
2026-04,올투게더나우,올투게더나우 8세대 영자 무릎 보호대 아대,"올투게더나우 8세대 영자 무릎 보호대 아대, 1개, XL",15900,1,1,2700
2026-04,올투게더나우,올투게더나우 8세대 영자 무릎 보호대 아대,"올투게더나우 8세대 영자 무릎 보호대 아대, 2개, L",215200,7,8,43200
2026-04,올투게더나우,올투게더나우 8세대 영자 무릎 보호대 아대,"올투게더나우 8세대 영자 무릎 보호대 아대, 2개, M",161400,6,6,32400
2026-04,올투게더나우,올투게더나우 8세대 영자 무릎 보호대 아대,"올투게더나우 8세대 영자 무릎 보호대 아대, 2개, XL",134500,5,5,27000
2026-04,올투게더나우,올투게더나우 가벼운 허리보호대 복대,"올투게더나우 가벼운 허리보호대 복대, L, 1개",33900,2,2,0
2026-04,올투게더나우,올투게더나우 강력 압박 스트랩 손목 보호대 아대,"올투게더나우 강력 압박 스트랩 손목 보호대 아대, FREE, 2p",75600,4,4,21600
2026-04,올투게더나우,올투게더나우 고정 손목보호대 아대 블랙,"올투게더나우 고정 손목보호대 아대 블랙, M, 1개",11900,1,1,3200
2026-04,올투게더나우,올투게더나우 고정형 발목 보호대 아대,"올투게더나우 고정형 발목 보호대 아대, XL:26x15cm, 1개",23400,1,1,0
2026-04,올투게더나우,올투게더나우 관절 압박 손목 보호대 아대 블랙,"올투게더나우 관절 압박 손목 보호대 아대 블랙, 1개",12900,1,1,2700
2026-04,올투게더나우,올투게더나우 관절 압박 손목 보호대 아대 블랙,"올투게더나우 관절 압박 손목 보호대 아대 블랙, 2개",151200,8,8,43200
2026-04,올투게더나우,올투게더나우 관절 압박 손목보호대 아대 핑크,"올투게더나우 관절 압박 손목보호대 아대 핑크, 2개",75600,4,4,21600
2026-04,올투게더나우,올투게더나우 다이얼 압박 무릎 보호대 아대,"올투게더나우 다이얼 압박 무릎 보호대 아대, 1개, M(무릎둘레 40~44)",29800,1,1,0
2026-04,올투게더나우,올투게더나우 리뉴얼 4세대 영자 무릎 보호대 아대 블랙,"올투게더나우 리뉴얼 4세대 영자 무릎 보호대 아대 블랙, L, 2개",498000,20,20,80000
2026-04,올투게더나우,올투게더나우 리뉴얼 4세대 영자 무릎 보호대 아대 블랙,"올투게더나우 리뉴얼 4세대 영자 무릎 보호대 아대 블랙, M, 1개",163900,11,11,22000
2026-04,올투게더나우,올투게더나우 리뉴얼 4세대 영자 무릎 보호대 아대 블랙,"올투게더나우 리뉴얼 4세대 영자 무릎 보호대 아대 블랙, XL, 2개",398400,16,16,64000
2026-04,올투게더나우,올투게더나우 리뉴얼 4세대 영자 무릎 보호대 아대 화이트,"올투게더나우 리뉴얼 4세대 영자 무릎 보호대 아대 화이트, 2개, M",74700,3,3,12000
2026-04,올투게더나우,올투게더나우 목 보호대 밴드,"올투게더나우 목 보호대 밴드, 1개, L",12900,1,1,3300
2026-04,올투게더나우,올투게더나우 바른요 허리보호대 복대 마사지볼 세트,"올투게더나우 바른요 허리보호대 복대 마사지볼 세트, L, 1개",28900,1,1,7500
2026-04,올투게더나우,올투게더나우 바른요 허리보호대 복대 마사지볼 세트,"올투게더나우 바른요 허리보호대 복대 마사지볼 세트, M, 1개",57800,2,2,15000
2026-04,올투게더나우,올투게더나우 바른요 허리보호대 복대 마사지볼 세트,"올투게더나우 바른요 허리보호대 복대 마사지볼 세트, XL, 1개",57800,2,2,15000
2026-04,올투게더나우,올투게더나우 손목보호대 아대 2p,"올투게더나우 손목보호대 아대 2p, 1쌍 + 마사지볼, 1세트",47880,4,4,11600
2026-04,올투게더나우,올투게더나우 아치패드 깔창 2p 1set,"올투게더나우 아치패드 깔창 2p 1set, 1세트, 블랙",9800,1,1,2100
2026-04,올투게더나우,올투게더나우 아치패드 깔창 2p 1set,"올투게더나우 아치패드 깔창 2p 1set, 베이지, 1세트, FREE",68600,7,7,14700
2026-04,올투게더나우,올투게더나우 얇은 허리 보호대,"올투게더나우 얇은 허리 보호대, M, 1개",18800,1,1,5000
2026-04,올투게더나우,올투게더나우 어깨보호대,"올투게더나우 어깨보호대, 좌우겸용, 1개, FREE",179000,5,10,45000
2026-04,올투게더나우,올투게더나우 엄지 발가락 보호대,"올투게더나우 엄지 발가락 보호대, 1개, 양쪽",149000,10,10,20000
2026-04,올투게더나우,올투게더나우 엄지 발가락 보호대,"올투게더나우 엄지 발가락 보호대, 1개, 우측",217800,22,22,44000
2026-04,올투게더나우,올투게더나우 엄지 발가락 보호대,"올투게더나우 엄지 발가락 보호대, 1개, 좌측",99000,10,10,20000
2026-04,올투게더나우,올투게더나우 영자 무릎보호대 아대,"올투게더나우 영자 무릎보호대 아대, 블랙, 양쪽, L, 1개",362700,13,13,48100
2026-04,올투게더나우,올투게더나우 영자 무릎보호대 아대,"올투게더나우 영자 무릎보호대 아대, 블랙, 양쪽, M, 1개",362700,12,13,48100
2026-04,올투게더나우,올투게더나우 영자 무릎보호대 아대,"올투게더나우 영자 무릎보호대 아대, 블랙, 양쪽, S, 1개",111600,4,4,14800
2026-04,올투게더나우,올투게더나우 영자 무릎보호대 아대,"올투게더나우 영자 무릎보호대 아대, 블랙, 오른쪽, L, 1개",29800,2,2,7400
2026-04,올투게더나우,올투게더나우 영자 무릎보호대 아대,"올투게더나우 영자 무릎보호대 아대, 블랙, 오른쪽, M, 1개",14900,1,1,3700
2026-04,올투게더나우,올투게더나우 영자 무릎보호대 아대,"올투게더나우 영자 무릎보호대 아대, 블랙, 왼쪽, L, 1개",29800,2,2,7400
2026-04,올투게더나우,올투게더나우 영자 무릎보호대 아대,"올투게더나우 영자 무릎보호대 아대, 아이보리, 양쪽, L, 1개",83700,3,3,11100
2026-04,올투게더나우,올투게더나우 올바른 허리보호대 허리 복대,"올투게더나우 올바른 허리보호대 허리 복대, L, 1개",87600,2,4,32400
2026-04,올투게더나우,올투게더나우 올바른 허리보호대 허리 복대,"올투게더나우 올바른 허리보호대 허리 복대, M, 1개",65700,3,3,24300
2026-04,올투게더나우,올투게더나우 올바른 허리보호대 허리 복대,"올투게더나우 올바른 허리보호대 허리 복대, XL, 1개",109500,3,5,40500
2026-04,올투게더나우,올투게더나우 와이어 허리 복대 허리보호대 마사지볼 세트,"올투게더나우 와이어 허리 복대 허리보호대 마사지볼 세트, M, 1개",27900,1,1,8000
2026-04,올투게더나우,올투게더나우 원와이어 허리보호대,"올투게더나우 원와이어 허리보호대, L, 1개",89700,3,3,24000
2026-04,올투게더나우,올투게더나우 원와이어 허리보호대,"올투게더나우 원와이어 허리보호대, M, 1개",119600,4,4,32000
2026-04,올투게더나우,올투게더나우 원와이어 허리보호대,"올투게더나우 원와이어 허리보호대, S, 1개",59800,2,2,16000
2026-04,올투게더나우,올투게더나우 자바라 발목보호대 2p,"올투게더나우 자바라 발목보호대 2p, 1세트, 블랙, L",18900,1,1,0
2026-04,올투게더나우,올투게더나우 쫀쫀 무릎 보호대,"올투게더나우 쫀쫀 무릎 보호대, 한쪽, 핑크",14900,1,1,0
2026-04,올투게더나우,올투게더나우 쫀쫀 손목 보호대 아대 2p,"올투게더나우 쫀쫀 손목 보호대 아대 2p, 그레이, 2개, 24X5.5cm",37800,2,2,4800
2026-04,올투게더나우,올투게더나우 코지 무릎 보호대 2p 1set,"올투게더나우 코지 무릎 보호대 2p 1set, M, 1세트",14900,1,1,4800
2026-04,올투게더나우,올투게더나우 코지 무릎 보호대 2p 1set,"올투게더나우 코지 무릎 보호대 2p 1set, S, 1세트",29800,2,2,9600
2026-04,올투게더나우,올투게더나우 테이핑 발목 보호대 아대 1p,"올투게더나우 테이핑 발목 보호대 아대 1p, 1개",18510,3,3,8100
2026-04,올투게더나우,올투게더나우 테이핑 발목 보호대 아대 1p,"올투게더나우 테이핑 발목 보호대 아대 1p, M(225~250), 1개",6170,1,1,2700
2026-04,올투게더나우,올투게더나우 팔꿈치 고급 엘보 보호대,"올투게더나우 팔꿈치 고급 엘보 보호대, 한팔, 1개",22900,2,2,0
2026-04,올투게더나우,올투게더나우 팔꿈치 보호대,"올투게더나우 팔꿈치 보호대, 블랙, 2개, FREE",4457100,242,249,921300
2026-04,올투게더나우,올투게더나우 팔꿈치 보호대 2p 1set,"올투게더나우 팔꿈치 보호대 2p 1set, 블랙, M, 1개",14900,1,1,5600
2026-04,올투게더나우,올투게더나우 팔꿈치 엘보 보호대,"올투게더나우 팔꿈치 엘보 보호대, 블랙, 1개, FREE",8055600,785,822,1808400
2026-04,올투게더나우,올투게더나우 허리보호대 복대,"올투게더나우 허리보호대 복대, L, 1개",712800,35,36,270000
2026-04,올투게더나우,올투게더나우 허리보호대 복대,"올투게더나우 허리보호대 복대, M, 1개",237600,12,12,90000
2026-04,올투게더나우,올투게더나우 허리보호대 복대,"올투게더나우 허리보호대 복대, XL, 1개",712800,36,36,270000
2026-05,올투게더나우,물리치료사가 판매하는 올투게더나우 4세대 영자 무릎보호대 아대 블랙,"물리치료사가 판매하는 올투게더나우 4세대 영자 무릎보호대 아대 블랙, M, 2개",1136450,46,48,192000
2026-05,올투게더나우,물리치료사가 판매하는 올투게더나우 4세대 영자 무릎보호대 아대 블랙,"물리치료사가 판매하는 올투게더나우 4세대 영자 무릎보호대 아대 블랙, XL, 1개",104300,7,7,14000
2026-05,올투게더나우,물리치료사가 판매하는 올투게더나우 더나은 무릎보호대,"물리치료사가 판매하는 올투게더나우 더나은 무릎보호대, 1개, free",14900,1,1,0
2026-05,올투게더나우,물리치료사가 판매하는 올투게더나우 모든 손가락 보호대,"물리치료사가 판매하는 올투게더나우 모든 손가락 보호대, 1개, L",74400,6,6,20400
2026-05,올투게더나우,물리치료사가 판매하는 올투게더나우 모든 손가락 보호대,"물리치료사가 판매하는 올투게더나우 모든 손가락 보호대, 1개, S",74400,6,6,20400
2026-05,올투게더나우,물리치료사가 판매하는 올투게더나우 모든 손가락 보호대,"물리치료사가 판매하는 올투게더나우 모든 손가락 보호대, 2개, S",39600,2,2,13600
2026-05,올투게더나우,물리치료사가 판매하는 올투게더나우 손목보호대,"물리치료사가 판매하는 올투게더나우 손목보호대, 양손 L, 1개",17900,1,1,0
2026-05,올투게더나우,물리치료사가 판매하는 올투게더나우 손목보호대,"물리치료사가 판매하는 올투게더나우 손목보호대, 오른손 L, 1개",19600,2,2,0
2026-05,올투게더나우,물리치료사가 판매하는 올투게더나우 실리콘 손목 보호대,"물리치료사가 판매하는 올투게더나우 실리콘 손목 보호대, 1개",29600,4,4,9600
2026-05,올투게더나우,물리치료사가 판매하는 올투게더나우 컨시더 팔꿈치보호대,"물리치료사가 판매하는 올투게더나우 컨시더 팔꿈치보호대, 블랙, 1개",104400,6,6,16800
2026-05,올투게더나우,물리치료사가 판매하는 올투게더나우 컨시더 팔꿈치보호대,"물리치료사가 판매하는 올투게더나우 컨시더 팔꿈치보호대, 블루, 1개",49600,2,4,11200
2026-05,올투게더나우,보호대연구소 쫀쫀 손목 보호대 아대 2p,"보호대연구소 쫀쫀 손목 보호대 아대 2p, 블랙, 1세트, free",284700,13,13,15600
2026-05,올투게더나우,올투게더나우 4세대 영자 무릎보호대 아대,"올투게더나우 4세대 영자 무릎보호대 아대, L, 1개",193700,13,13,26000
2026-05,올투게더나우,올투게더나우 8세대 영자 무릎 보호대 아대,"올투게더나우 8세대 영자 무릎 보호대 아대, 1개, L",47700,3,3,8100
2026-05,올투게더나우,올투게더나우 8세대 영자 무릎 보호대 아대,"올투게더나우 8세대 영자 무릎 보호대 아대, 1개, M",47700,3,3,8100
2026-05,올투게더나우,올투게더나우 8세대 영자 무릎 보호대 아대,"올투게더나우 8세대 영자 무릎 보호대 아대, 1개, XL",31800,2,2,5400
2026-05,올투게더나우,올투게더나우 8세대 영자 무릎 보호대 아대,"올투게더나우 8세대 영자 무릎 보호대 아대, 2개, L",242100,9,9,48600
2026-05,올투게더나우,올투게더나우 8세대 영자 무릎 보호대 아대,"올투게더나우 8세대 영자 무릎 보호대 아대, 2개, M",322800,11,12,64800
2026-05,올투게더나우,올투게더나우 8세대 영자 무릎 보호대 아대,"올투게더나우 8세대 영자 무릎 보호대 아대, 2개, XL",26900,1,1,5400
2026-05,올투게더나우,올투게더나우 가벼운 허리보호대 복대,"올투게더나우 가벼운 허리보호대 복대, L, 1개",16950,1,1,0
2026-05,올투게더나우,올투게더나우 가벼운 허리보호대 복대,"올투게더나우 가벼운 허리보호대 복대, M, 1개",16980,1,1,0
2026-05,올투게더나우,올투게더나우 강력 압박 스트랩 손목 보호대 아대,"올투게더나우 강력 압박 스트랩 손목 보호대 아대, FREE, 1개",12900,1,1,2700
2026-05,올투게더나우,올투게더나우 강력 압박 스트랩 손목 보호대 아대,"올투게더나우 강력 압박 스트랩 손목 보호대 아대, FREE, 2p",18900,1,1,5400
2026-05,올투게더나우,올투게더나우 고정형 발목 보호대 아대,"올투게더나우 고정형 발목 보호대 아대, XL:26x15cm, 1개",23400,1,1,0
2026-05,올투게더나우,올투게더나우 관절 압박 손목 보호대 아대 블랙,"올투게더나우 관절 압박 손목 보호대 아대 블랙, 1개",25800,2,2,5400
2026-05,올투게더나우,올투게더나우 관절 압박 손목 보호대 아대 블랙,"올투게더나우 관절 압박 손목 보호대 아대 블랙, 2개",207900,11,11,59400
2026-05,올투게더나우,올투게더나우 관절 압박 손목보호대 아대 핑크,"올투게더나우 관절 압박 손목보호대 아대 핑크, 2개",75600,4,4,21600
2026-05,올투게더나우,올투게더나우 다이얼 압박 무릎 보호대 아대,"올투게더나우 다이얼 압박 무릎 보호대 아대, 1개, L(무릎둘레 44~48)",29800,1,1,0
2026-05,올투게더나우,올투게더나우 다이얼 압박 무릎 보호대 아대,"올투게더나우 다이얼 압박 무릎 보호대 아대, 2개, L(무릎둘레 44~48)",164700,3,3,0
2026-05,올투게더나우,올투게더나우 리뉴얼 4세대 영자 무릎 보호대 아대 블랙,"올투게더나우 리뉴얼 4세대 영자 무릎 보호대 아대 블랙, L, 2개",423300,17,17,68000
2026-05,올투게더나우,올투게더나우 리뉴얼 4세대 영자 무릎 보호대 아대 블랙,"올투게더나우 리뉴얼 4세대 영자 무릎 보호대 아대 블랙, M, 1개",163900,11,11,22000
2026-05,올투게더나우,올투게더나우 리뉴얼 4세대 영자 무릎 보호대 아대 블랙,"올투게더나우 리뉴얼 4세대 영자 무릎 보호대 아대 블랙, XL, 2개",249000,9,10,40000
2026-05,올투게더나우,올투게더나우 리뉴얼 4세대 영자 무릎 보호대 아대 화이트,"올투게더나우 리뉴얼 4세대 영자 무릎 보호대 아대 화이트, 1개, M",14680,1,1,2000
2026-05,올투게더나우,올투게더나우 리뉴얼 4세대 영자 무릎 보호대 아대 화이트,"올투게더나우 리뉴얼 4세대 영자 무릎 보호대 아대 화이트, 2개, M",149400,6,6,24000
2026-05,올투게더나우,올투게더나우 리뉴얼 4세대 영자 무릎 보호대 아대 화이트,"올투게더나우 리뉴얼 4세대 영자 무릎 보호대 아대 화이트, 2개, XL",49800,2,2,8000
2026-05,올투게더나우,올투게더나우 목 보호대 밴드,"올투게더나우 목 보호대 밴드, 1개, M",38700,3,3,9900
2026-05,올투게더나우,올투게더나우 바른요 허리보호대 복대 마사지볼 세트,"올투게더나우 바른요 허리보호대 복대 마사지볼 세트, L, 1개",57800,2,2,15000
2026-05,올투게더나우,올투게더나우 바른요 허리보호대 복대 마사지볼 세트,"올투게더나우 바른요 허리보호대 복대 마사지볼 세트, S, 1개",28900,1,1,7500
2026-05,올투게더나우,올투게더나우 바른요 허리보호대 복대 마사지볼 세트,"올투게더나우 바른요 허리보호대 복대 마사지볼 세트, XL, 1개",115600,4,4,30000
2026-05,올투게더나우,올투게더나우 손가락 보호대 밴드,"올투게더나우 손가락 보호대 밴드, 2개",9880,1,1,0
2026-05,올투게더나우,올투게더나우 손목보호대 아대 2p,"올투게더나우 손목보호대 아대 2p, 1쌍 + 마사지볼, 1세트",59850,5,5,14500
2026-05,올투게더나우,올투게더나우 손목보호대 아대 2p,"올투게더나우 손목보호대 아대 2p, 1쌍 + 악력기, 1세트",71820,4,6,17400
2026-05,올투게더나우,올투게더나우 아치패드 깔창 2p 1set,"올투게더나우 아치패드 깔창 2p 1set, 2세트, 블랙",44700,3,3,12600
2026-05,올투게더나우,올투게더나우 아치패드 깔창 2p 1set,"올투게더나우 아치패드 깔창 2p 1set, 베이지, 1세트, FREE",78400,8,8,16800
2026-05,올투게더나우,올투게더나우 아치패드 깔창 2p 1set,"올투게더나우 아치패드 깔창 2p 1set, 베이지, 2세트",29800,2,2,8400
2026-05,올투게더나우,올투게더나우 얇은 허리 보호대,"올투게더나우 얇은 허리 보호대, M, 1개",94000,5,5,25000
2026-05,올투게더나우,올투게더나우 어깨보호대,"올투게더나우 어깨보호대, 좌우겸용, 1개, FREE",89500,5,5,22500
2026-05,올투게더나우,올투게더나우 엄지 발가락 보호대,"올투게더나우 엄지 발가락 보호대, 1개, 양쪽",104300,6,7,14000
2026-05,올투게더나우,올투게더나우 엄지 발가락 보호대,"올투게더나우 엄지 발가락 보호대, 1개, 우측",168300,17,17,34000
2026-05,올투게더나우,올투게더나우 엄지 발가락 보호대,"올투게더나우 엄지 발가락 보호대, 1개, 좌측",178200,18,18,36000
2026-05,올투게더나우,올투게더나우 영자 무릎보호대 아대,"올투게더나우 영자 무릎보호대 아대, 블랙, 양쪽, L, 1개",111600,4,4,14800
2026-05,올투게더나우,올투게더나우 영자 무릎보호대 아대,"올투게더나우 영자 무릎보호대 아대, 블랙, 양쪽, M, 1개",167400,6,6,22200
2026-05,올투게더나우,올투게더나우 영자 무릎보호대 아대,"올투게더나우 영자 무릎보호대 아대, 블랙, 왼쪽, L, 1개",44700,3,3,11100
2026-05,올투게더나우,올투게더나우 영자 무릎보호대 아대,"올투게더나우 영자 무릎보호대 아대, 블랙, 왼쪽, S, 1개",14900,1,1,3700
2026-05,올투게더나우,올투게더나우 영자 무릎보호대 아대,"올투게더나우 영자 무릎보호대 아대, 아이보리, 양쪽, L, 1개",27900,1,1,3700
2026-05,올투게더나우,올투게더나우 영자 무릎보호대 아대,"올투게더나우 영자 무릎보호대 아대, 아이보리, 양쪽, M, 1개",27900,1,1,3700
2026-05,올투게더나우,올투게더나우 올바른 허리보호대 허리 복대,"올투게더나우 올바른 허리보호대 허리 복대, L, 1개",21900,1,1,8100
2026-05,올투게더나우,올투게더나우 올바른 허리보호대 허리 복대,"올투게더나우 올바른 허리보호대 허리 복대, M, 1개",43800,2,2,16200
2026-05,올투게더나우,올투게더나우 올바른 허리보호대 허리 복대,"올투게더나우 올바른 허리보호대 허리 복대, S, 1개",21900,1,1,8100
2026-05,올투게더나우,올투게더나우 올바른 허리보호대 허리 복대,"올투게더나우 올바른 허리보호대 허리 복대, XL, 1개",43800,2,2,16200
2026-05,올투게더나우,올투게더나우 원와이어 허리보호대,"올투게더나우 원와이어 허리보호대, L, 1개",89700,3,3,24000
2026-05,올투게더나우,올투게더나우 원와이어 허리보호대,"올투게더나우 원와이어 허리보호대, M, 1개",29900,1,1,8000
2026-05,올투게더나우,올투게더나우 원와이어 허리보호대,"올투게더나우 원와이어 허리보호대, S, 1개",29900,1,1,8000
2026-05,올투게더나우,올투게더나우 원와이어 허리보호대,"올투게더나우 원와이어 허리보호대, XL, 1개",119600,4,4,32000
2026-05,올투게더나우,올투게더나우 이중압박 손목 보호대 블랙,"올투게더나우 이중압박 손목 보호대 블랙, 40.5 x 6 cm, 2개",17900,1,1,0
2026-05,올투게더나우,올투게더나우 자바라 발목보호대 2p,"올투게더나우 자바라 발목보호대 2p, 1세트, 블랙, L",18900,1,1,0
2026-05,올투게더나우,올투게더나우 자바라 발목보호대 2p,"올투게더나우 자바라 발목보호대 2p, 1세트, 블랙, M",37800,2,2,0
2026-05,올투게더나우,올투게더나우 자세펴 바른 자세 어깨 밴드,"올투게더나우 자세펴 바른 자세 어깨 밴드, 1개, L",14900,1,1,2700
2026-05,올투게더나우,올투게더나우 자세펴 바른 자세 어깨 밴드,"올투게더나우 자세펴 바른 자세 어깨 밴드, 1개, M",29800,2,2,5400
2026-05,올투게더나우,올투게더나우 쫀쫀 손목 보호대 아대 2p,"올투게더나우 쫀쫀 손목 보호대 아대 2p, 그레이, 2개, 24X5.5cm",18900,1,1,2400
2026-05,올투게더나우,올투게더나우 코지 무릎 보호대 2p 1set,"올투게더나우 코지 무릎 보호대 2p 1set, L, 1세트",14900,1,1,4800
2026-05,올투게더나우,올투게더나우 코지 무릎 보호대 2p 1set,"올투게더나우 코지 무릎 보호대 2p 1set, M, 1세트",29800,2,2,9600
2026-05,올투게더나우,올투게더나우 코지 무릎 보호대 2p 1set,"올투게더나우 코지 무릎 보호대 2p 1set, S, 1세트",44700,2,3,14400
2026-05,올투게더나우,올투게더나우 코지 무릎 보호대 2p 1set,"올투게더나우 코지 무릎 보호대 2p 1set, XL, 1세트",14900,1,1,4800
2026-05,올투게더나우,올투게더나우 테이핑 발목 보호대 아대 1p,"올투게더나우 테이핑 발목 보호대 아대 1p, 1개",6170,1,1,2700
2026-05,올투게더나우,올투게더나우 테이핑 발목 보호대 아대 1p,"올투게더나우 테이핑 발목 보호대 아대 1p, M(225~250), 1개",37020,3,6,16200
2026-05,올투게더나우,올투게더나우 팔꿈치 보호대,"올투게더나우 팔꿈치 보호대, 블랙, 2개, FREE",4528700,251,253,936100
2026-05,올투게더나우,올투게더나우 팔꿈치 보호대 2p 1set,"올투게더나우 팔꿈치 보호대 2p 1set, 블랙, L, 1개",14900,1,1,5600
2026-05,올투게더나우,올투게더나우 팔꿈치 보호대 2p 1set,"올투게더나우 팔꿈치 보호대 2p 1set, 블랙, XL, 1개",14900,1,1,5600
2026-05,올투게더나우,올투게더나우 팔꿈치 엘보 보호대,"올투게더나우 팔꿈치 엘보 보호대, 블랙, 1개, FREE",13504400,1310,1378,3031600
2026-05,올투게더나우,올투게더나우 허리보호대 복대,"올투게더나우 허리보호대 복대, L, 1개",514800,26,26,195000
2026-05,올투게더나우,올투게더나우 허리보호대 복대,"올투게더나우 허리보호대 복대, M, 1개",277200,14,14,105000
2026-05,올투게더나우,올투게더나우 허리보호대 복대,"올투게더나우 허리보호대 복대, XL, 1개",455400,22,23,172500
2026-05,올투게더나우,휴책 보호대연구소 무릎보호대 슬개건 슬개골 보호대 러닝 무릎 보호대 아대 관절 보호 밴드,"휴책 보호대연구소 무릎보호대 슬개건 슬개골 보호대 러닝 무릎 보호대 아대 관절 보호 밴드, 1개, 블랙",11900,1,1,0
2026-06,올투게더나우,물리치료사가 판매하는 올투게더나우 4세대 영자 무릎보호대 아대 블랙,"물리치료사가 판매하는 올투게더나우 4세대 영자 무릎보호대 아대 블랙, M, 2개",846600,33,34,136000
2026-06,올투게더나우,물리치료사가 판매하는 올투게더나우 4세대 영자 무릎보호대 아대 블랙,"물리치료사가 판매하는 올투게더나우 4세대 영자 무릎보호대 아대 블랙, XL, 1개",59600,4,4,8000
2026-06,올투게더나우,물리치료사가 판매하는 올투게더나우 모든 손가락 보호대,"물리치료사가 판매하는 올투게더나우 모든 손가락 보호대, 1개, L",12400,1,1,3400
2026-06,올투게더나우,물리치료사가 판매하는 올투게더나우 모든 손가락 보호대,"물리치료사가 판매하는 올투게더나우 모든 손가락 보호대, 1개, S",74400,6,6,20400
2026-06,올투게더나우,물리치료사가 판매하는 올투게더나우 모든 손가락 보호대,"물리치료사가 판매하는 올투게더나우 모든 손가락 보호대, 2개, L",19800,1,1,6800
2026-06,올투게더나우,물리치료사가 판매하는 올투게더나우 손목보호대,"물리치료사가 판매하는 올투게더나우 손목보호대, 오른손 L, 1개",9800,1,1,0
2026-06,올투게더나우,물리치료사가 판매하는 올투게더나우 실리콘 손목 보호대,"물리치료사가 판매하는 올투게더나우 실리콘 손목 보호대, 1개",7400,1,1,2400
2026-06,올투게더나우,물리치료사가 판매하는 올투게더나우 컨시더 팔꿈치보호대,"물리치료사가 판매하는 올투게더나우 컨시더 팔꿈치보호대, 블랙, 1개",121800,6,7,19600
2026-06,올투게더나우,물리치료사가 판매하는 올투게더나우 컨시더 팔꿈치보호대,"물리치료사가 판매하는 올투게더나우 컨시더 팔꿈치보호대, 블루, 1개",37200,3,3,8400
2026-06,올투게더나우,보호대연구소 쫀쫀 손목 보호대 아대 2p,"보호대연구소 쫀쫀 손목 보호대 아대 2p, 블랙, 1세트, free",65700,3,3,3600
2026-06,올투게더나우,올투게더나우 4세대 영자 무릎보호대 아대,"올투게더나우 4세대 영자 무릎보호대 아대, L, 1개",238400,15,16,32000
2026-06,올투게더나우,올투게더나우 8세대 영자 무릎 보호대 아대,"올투게더나우 8세대 영자 무릎 보호대 아대, 1개, L",31800,2,2,5400
2026-06,올투게더나우,올투게더나우 8세대 영자 무릎 보호대 아대,"올투게더나우 8세대 영자 무릎 보호대 아대, 1개, M",15900,1,1,2700
2026-06,올투게더나우,올투게더나우 8세대 영자 무릎 보호대 아대,"올투게더나우 8세대 영자 무릎 보호대 아대, 2개, L",134500,5,5,27000
2026-06,올투게더나우,올투게더나우 8세대 영자 무릎 보호대 아대,"올투게더나우 8세대 영자 무릎 보호대 아대, 2개, M",349700,13,13,70200
2026-06,올투게더나우,올투게더나우 8세대 영자 무릎 보호대 아대,"올투게더나우 8세대 영자 무릎 보호대 아대, 2개, XL",107600,4,4,21600
2026-06,올투게더나우,올투게더나우 강력 압박 스트랩 손목 보호대 아대,"올투게더나우 강력 압박 스트랩 손목 보호대 아대, FREE, 2p",189000,3,10,54000
2026-06,올투게더나우,올투게더나우 관절 압박 손목 보호대 아대 블랙,"올투게더나우 관절 압박 손목 보호대 아대 블랙, 2개",170100,9,9,48600
2026-06,올투게더나우,올투게더나우 관절 압박 손목보호대 아대 핑크,"올투게더나우 관절 압박 손목보호대 아대 핑크, 2개",18900,1,1,5400
2026-06,올투게더나우,올투게더나우 다이얼 압박 무릎 보호대 아대,"올투게더나우 다이얼 압박 무릎 보호대 아대, 2개, L(무릎둘레 44~48)",54900,1,1,0
2026-06,올투게더나우,올투게더나우 리뉴얼 4세대 영자 무릎 보호대 아대 블랙,"올투게더나우 리뉴얼 4세대 영자 무릎 보호대 아대 블랙, L, 2개",373500,15,15,60000
2026-06,올투게더나우,올투게더나우 리뉴얼 4세대 영자 무릎 보호대 아대 블랙,"올투게더나우 리뉴얼 4세대 영자 무릎 보호대 아대 블랙, M, 1개",104300,7,7,14000
2026-06,올투게더나우,올투게더나우 리뉴얼 4세대 영자 무릎 보호대 아대 블랙,"올투게더나우 리뉴얼 4세대 영자 무릎 보호대 아대 블랙, XL, 2개",149400,6,6,24000
2026-06,올투게더나우,올투게더나우 목 보호대 밴드,"올투게더나우 목 보호대 밴드, 1개, M",25800,2,2,6600
2026-06,올투게더나우,올투게더나우 바른요 허리보호대 복대 마사지볼 세트,"올투게더나우 바른요 허리보호대 복대 마사지볼 세트, L, 1개",57800,2,2,15000
2026-06,올투게더나우,올투게더나우 바른요 허리보호대 복대 마사지볼 세트,"올투게더나우 바른요 허리보호대 복대 마사지볼 세트, M, 1개",57800,2,2,15000
2026-06,올투게더나우,올투게더나우 바른요 허리보호대 복대 마사지볼 세트,"올투게더나우 바른요 허리보호대 복대 마사지볼 세트, S, 1개",28900,1,1,7500
2026-06,올투게더나우,올투게더나우 바른요 허리보호대 복대 마사지볼 세트,"올투게더나우 바른요 허리보호대 복대 마사지볼 세트, XL, 1개",28900,1,1,7500
2026-06,올투게더나우,올투게더나우 바른자세 허리보호대,"올투게더나우 바른자세 허리보호대, L, 1개",28900,1,1,0
2026-06,올투게더나우,올투게더나우 손목보호대 아대 2p,"올투게더나우 손목보호대 아대 2p, 1쌍 + 마사지볼, 1세트",203490,5,17,49300
2026-06,올투게더나우,올투게더나우 손목보호대 아대 2p,"올투게더나우 손목보호대 아대 2p, 1쌍 + 악력기, 1세트",35910,3,3,8700
2026-06,올투게더나우,올투게더나우 아치패드 깔창 2p 1set,"올투게더나우 아치패드 깔창 2p 1set, 베이지, 1세트, FREE",78400,5,8,16800
2026-06,올투게더나우,올투게더나우 아치패드 깔창 2p 1set,"올투게더나우 아치패드 깔창 2p 1set, 베이지, 2세트",59600,4,4,16800
2026-06,올투게더나우,올투게더나우 어깨보호대,"올투게더나우 어깨보호대, 좌우겸용, 1개, FREE",125300,7,7,31500
2026-06,올투게더나우,올투게더나우 엄지 발가락 보호대,"올투게더나우 엄지 발가락 보호대, 1개, 양쪽",74500,4,5,10000
2026-06,올투게더나우,올투게더나우 엄지 발가락 보호대,"올투게더나우 엄지 발가락 보호대, 1개, 우측",99000,10,10,20000
2026-06,올투게더나우,올투게더나우 엄지 발가락 보호대,"올투게더나우 엄지 발가락 보호대, 1개, 좌측",118800,12,12,24000
2026-06,올투게더나우,올투게더나우 영자 무릎보호대 아대,"올투게더나우 영자 무릎보호대 아대, 블랙, 양쪽, L, 1개",83700,3,3,11100
2026-06,올투게더나우,올투게더나우 영자 무릎보호대 아대,"올투게더나우 영자 무릎보호대 아대, 블랙, 양쪽, M, 1개",111600,4,4,14800
2026-06,올투게더나우,올투게더나우 영자 무릎보호대 아대,"올투게더나우 영자 무릎보호대 아대, 블랙, 양쪽, S, 1개",111600,4,4,14800
2026-06,올투게더나우,올투게더나우 영자 무릎보호대 아대,"올투게더나우 영자 무릎보호대 아대, 블랙, 오른쪽, L, 1개",14900,1,1,3700
2026-06,올투게더나우,올투게더나우 영자 무릎보호대 아대,"올투게더나우 영자 무릎보호대 아대, 블랙, 오른쪽, M, 1개",14900,1,1,3700
2026-06,올투게더나우,올투게더나우 영자 무릎보호대 아대,"올투게더나우 영자 무릎보호대 아대, 블랙, 오른쪽, S, 1개",29800,1,2,7400
2026-06,올투게더나우,올투게더나우 영자 무릎보호대 아대,"올투게더나우 영자 무릎보호대 아대, 블랙, 왼쪽, L, 1개",44700,2,3,11100
2026-06,올투게더나우,올투게더나우 영자 무릎보호대 아대,"올투게더나우 영자 무릎보호대 아대, 블랙, 왼쪽, S, 1개",14900,1,1,3700
2026-06,올투게더나우,올투게더나우 영자 무릎보호대 아대,"올투게더나우 영자 무릎보호대 아대, 아이보리, 양쪽, M, 1개",27900,1,1,3700
2026-06,올투게더나우,올투게더나우 영자 무릎보호대 아대,"올투게더나우 영자 무릎보호대 아대, 아이보리, 오른쪽, L, 1개",14900,1,1,3700
2026-06,올투게더나우,올투게더나우 올바른 허리보호대 허리 복대,"올투게더나우 올바른 허리보호대 허리 복대, L, 1개",43800,2,2,16200
2026-06,올투게더나우,올투게더나우 올바른 허리보호대 허리 복대,"올투게더나우 올바른 허리보호대 허리 복대, M, 1개",43800,2,2,16200
2026-06,올투게더나우,올투게더나우 올바른 허리보호대 허리 복대,"올투게더나우 올바른 허리보호대 허리 복대, S, 1개",21900,1,1,8100
2026-06,올투게더나우,올투게더나우 와이어 허리 복대 허리보호대 마사지볼 세트,"올투게더나우 와이어 허리 복대 허리보호대 마사지볼 세트, S, 1개",27900,1,1,8000
2026-06,올투게더나우,올투게더나우 와이어 허리 복대 허리보호대 마사지볼 세트,"올투게더나우 와이어 허리 복대 허리보호대 마사지볼 세트, XL, 1개",27900,1,1,8000
2026-06,올투게더나우,올투게더나우 원와이어 허리보호대,"올투게더나우 원와이어 허리보호대, L, 1개",149500,5,5,40000
2026-06,올투게더나우,올투게더나우 원와이어 허리보호대,"올투게더나우 원와이어 허리보호대, M, 1개",59800,2,2,16000
2026-06,올투게더나우,올투게더나우 원와이어 허리보호대,"올투게더나우 원와이어 허리보호대, S, 1개",29900,1,1,8000
2026-06,올투게더나우,올투게더나우 원와이어 허리보호대,"올투게더나우 원와이어 허리보호대, XL, 1개",179400,5,6,48000
2026-06,올투게더나우,올투게더나우 자세펴 바른 자세 어깨 밴드,"올투게더나우 자세펴 바른 자세 어깨 밴드, 1개, L",74500,5,5,13500
2026-06,올투게더나우,올투게더나우 자세펴 바른 자세 어깨 밴드,"올투게더나우 자세펴 바른 자세 어깨 밴드, 1개, M",59600,4,4,10800
2026-06,올투게더나우,올투게더나우 코지 무릎 보호대 2p 1set,"올투게더나우 코지 무릎 보호대 2p 1set, L, 1세트",14900,1,1,4800
2026-06,올투게더나우,올투게더나우 코지 무릎 보호대 2p 1set,"올투게더나우 코지 무릎 보호대 2p 1set, M, 1세트",29800,2,2,9600
2026-06,올투게더나우,올투게더나우 테이핑 발목 보호대 아대 1p,"올투게더나우 테이핑 발목 보호대 아대 1p, M(225~250), 1개",6170,1,1,2700
2026-06,올투게더나우,올투게더나우 팔꿈치 보호대,"올투게더나우 팔꿈치 보호대, 블랙, 2개, FREE",3380200,170,188,695600
2026-06,올투게더나우,올투게더나우 팔꿈치 보호대 2p 1set,"올투게더나우 팔꿈치 보호대 2p 1set, 블랙, XL, 1개",14900,1,1,5600
2026-06,올투게더나우,올투게더나우 팔꿈치 엘보 보호대,"올투게더나우 팔꿈치 엘보 보호대, 블랙, 1개, FREE",10531900,1021,1073,2360600
2026-06,올투게더나우,올투게더나우 허리보호대 복대,"올투게더나우 허리보호대 복대, L, 1개",455400,23,23,172500
2026-06,올투게더나우,올투게더나우 허리보호대 복대,"올투게더나우 허리보호대 복대, M, 1개",178200,9,9,67500
2026-06,올투게더나우,올투게더나우 허리보호대 복대,"올투게더나우 허리보호대 복대, XL, 1개",732600,37,37,277500
2026-07,올투게더나우,무릎 보호대 운동 달리기 농구 등산 보호,"무릎 보호대 운동 달리기 농구 등산 보호, 1개, XL",14150,1,1,2000
2026-07,올투게더나우,물리치료사가 판매하는 올투게더나우 4세대 영자 무릎보호대 아대 블랙,"물리치료사가 판매하는 올투게더나우 4세대 영자 무릎보호대 아대 블랙, M, 2개",796800,31,32,128000
2026-07,올투게더나우,물리치료사가 판매하는 올투게더나우 4세대 영자 무릎보호대 아대 블랙,"물리치료사가 판매하는 올투게더나우 4세대 영자 무릎보호대 아대 블랙, XL, 1개",163900,11,11,22000
2026-07,올투게더나우,물리치료사가 판매하는 올투게더나우 모든 손가락 보호대,"물리치료사가 판매하는 올투게더나우 모든 손가락 보호대, 1개, L",74400,6,6,20400
2026-07,올투게더나우,물리치료사가 판매하는 올투게더나우 모든 손가락 보호대,"물리치료사가 판매하는 올투게더나우 모든 손가락 보호대, 1개, S",74400,6,6,20400
2026-07,올투게더나우,물리치료사가 판매하는 올투게더나우 모든 손가락 보호대,"물리치료사가 판매하는 올투게더나우 모든 손가락 보호대, 2개, S",79200,4,4,27200
2026-07,올투게더나우,물리치료사가 판매하는 올투게더나우 손목보호대,"물리치료사가 판매하는 올투게더나우 손목보호대, 왼손 L, 1개",9800,1,1,0
2026-07,올투게더나우,물리치료사가 판매하는 올투게더나우 실리콘 손목 보호대,"물리치료사가 판매하는 올투게더나우 실리콘 손목 보호대, 1개",29600,4,4,9600
2026-07,올투게더나우,물리치료사가 판매하는 올투게더나우 컨시더 팔꿈치보호대,"물리치료사가 판매하는 올투게더나우 컨시더 팔꿈치보호대, 블랙, 1개",69600,4,4,11200
2026-07,올투게더나우,물리치료사가 판매하는 올투게더나우 컨시더 팔꿈치보호대,"물리치료사가 판매하는 올투게더나우 컨시더 팔꿈치보호대, 블루, 1개",42200,2,3,8400
2026-07,올투게더나우,보호대연구소 쫀쫀 손목 보호대 아대 2p,"보호대연구소 쫀쫀 손목 보호대 아대 2p, 블랙, 1세트, free",21900,1,1,1200
2026-07,올투게더나우,올투게더나우 4세대 영자 무릎보호대 아대,"올투게더나우 4세대 영자 무릎보호대 아대, L, 1개",119200,6,8,16000
2026-07,올투게더나우,올투게더나우 8세대 영자 무릎 보호대 아대,"올투게더나우 8세대 영자 무릎 보호대 아대, 1개, L",79500,4,5,13500
2026-07,올투게더나우,올투게더나우 8세대 영자 무릎 보호대 아대,"올투게더나우 8세대 영자 무릎 보호대 아대, 1개, M",143100,8,9,24300
2026-07,올투게더나우,올투게더나우 8세대 영자 무릎 보호대 아대,"올투게더나우 8세대 영자 무릎 보호대 아대, 1개, XL",79500,5,5,13500
2026-07,올투게더나우,올투게더나우 8세대 영자 무릎 보호대 아대,"올투게더나우 8세대 영자 무릎 보호대 아대, 2개, L",134500,5,5,27000
2026-07,올투게더나우,올투게더나우 8세대 영자 무릎 보호대 아대,"올투게더나우 8세대 영자 무릎 보호대 아대, 2개, M",376600,14,14,75600
2026-07,올투게더나우,올투게더나우 8세대 영자 무릎 보호대 아대,"올투게더나우 8세대 영자 무릎 보호대 아대, 2개, XL",134500,5,5,27000
2026-07,올투게더나우,올투게더나우 가벼운 허리보호대 복대,"올투게더나우 가벼운 허리보호대 복대, M, 1개",33960,2,2,0
2026-07,올투게더나우,올투게더나우 강력 압박 스트랩 손목 보호대 아대,"올투게더나우 강력 압박 스트랩 손목 보호대 아대, FREE, 2p",37800,1,2,10800
2026-07,올투게더나우,올투게더나우 관절 압박 손목 보호대 아대 블랙,"올투게더나우 관절 압박 손목 보호대 아대 블랙, 2개",56700,3,3,16200
2026-07,올투게더나우,올투게더나우 관절 압박 손목보호대 아대 핑크,"올투게더나우 관절 압박 손목보호대 아대 핑크, 2개",132300,6,7,37800
2026-07,올투게더나우,올투게더나우 다이얼 압박 무릎 보호대 아대,"올투게더나우 다이얼 압박 무릎 보호대 아대, 1개, L(무릎둘레 44~48)",29800,1,1,0
2026-07,올투게더나우,올투게더나우 다이얼 압박 무릎 보호대 아대,"올투게더나우 다이얼 압박 무릎 보호대 아대, 2개, L(무릎둘레 44~48)",54900,1,1,0
2026-07,올투게더나우,올투게더나우 리뉴얼 4세대 영자 무릎 보호대 아대 블랙,"올투게더나우 리뉴얼 4세대 영자 무릎 보호대 아대 블랙, L, 2개",398400,15,16,64000
2026-07,올투게더나우,올투게더나우 리뉴얼 4세대 영자 무릎 보호대 아대 블랙,"올투게더나우 리뉴얼 4세대 영자 무릎 보호대 아대 블랙, M, 1개",119200,8,8,16000
2026-07,올투게더나우,올투게더나우 리뉴얼 4세대 영자 무릎 보호대 아대 블랙,"올투게더나우 리뉴얼 4세대 영자 무릎 보호대 아대 블랙, XL, 2개",124500,5,5,20000
2026-07,올투게더나우,올투게더나우 리뉴얼 4세대 영자 무릎 보호대 아대 화이트,"올투게더나우 리뉴얼 4세대 영자 무릎 보호대 아대 화이트, 2개, XL",24900,1,1,4000
2026-07,올투게더나우,올투게더나우 목 보호대 밴드,"올투게더나우 목 보호대 밴드, 1개, L",12900,1,1,3300
2026-07,올투게더나우,올투게더나우 목 보호대 밴드,"올투게더나우 목 보호대 밴드, 1개, M",25800,2,2,6600
2026-07,올투게더나우,올투게더나우 바른요 허리보호대 복대 마사지볼 세트,"올투게더나우 바른요 허리보호대 복대 마사지볼 세트, L, 1개",28900,1,1,7500
2026-07,올투게더나우,올투게더나우 바른요 허리보호대 복대 마사지볼 세트,"올투게더나우 바른요 허리보호대 복대 마사지볼 세트, M, 1개",28900,1,1,7500
2026-07,올투게더나우,올투게더나우 바른요 허리보호대 복대 마사지볼 세트,"올투게더나우 바른요 허리보호대 복대 마사지볼 세트, XL, 1개",115600,4,4,30000
2026-07,올투게더나우,올투게더나우 손목보호대 아대 2p,"올투게더나우 손목보호대 아대 2p, 1쌍 + 마사지볼, 1세트",59850,5,5,14500
2026-07,올투게더나우,올투게더나우 아치패드 깔창 2p 1set,"올투게더나우 아치패드 깔창 2p 1set, 1세트, 블랙",19600,2,2,4200
2026-07,올투게더나우,올투게더나우 아치패드 깔창 2p 1set,"올투게더나우 아치패드 깔창 2p 1set, 2세트, 블랙",29800,2,2,8400
2026-07,올투게더나우,올투게더나우 아치패드 깔창 2p 1set,"올투게더나우 아치패드 깔창 2p 1set, 베이지, 1세트, FREE",39200,4,4,8400
2026-07,올투게더나우,올투게더나우 아치패드 깔창 2p 1set,"올투게더나우 아치패드 깔창 2p 1set, 베이지, 2세트",44700,3,3,12600
2026-07,올투게더나우,올투게더나우 얇은 허리 보호대,"올투게더나우 얇은 허리 보호대, M, 1개",56400,3,3,15000
2026-07,올투게더나우,올투게더나우 어깨보호대,"올투게더나우 어깨보호대, 좌우겸용, 1개, FREE",53700,3,3,13500
2026-07,올투게더나우,올투게더나우 엄지 발가락 보호대,"올투게더나우 엄지 발가락 보호대, 1개, 양쪽",119200,8,8,16000
2026-07,올투게더나우,올투게더나우 엄지 발가락 보호대,"올투게더나우 엄지 발가락 보호대, 1개, 우측",217800,21,22,44000
2026-07,올투게더나우,올투게더나우 엄지 발가락 보호대,"올투게더나우 엄지 발가락 보호대, 1개, 좌측",168300,16,17,34000
2026-07,올투게더나우,올투게더나우 영자 무릎보호대 아대,"올투게더나우 영자 무릎보호대 아대, 블랙, 양쪽, L, 1개",279000,6,10,37000
2026-07,올투게더나우,올투게더나우 영자 무릎보호대 아대,"올투게더나우 영자 무릎보호대 아대, 블랙, 양쪽, M, 1개",139500,5,5,18500
2026-07,올투게더나우,올투게더나우 영자 무릎보호대 아대,"올투게더나우 영자 무릎보호대 아대, 블랙, 양쪽, S, 1개",83700,3,3,11100
2026-07,올투게더나우,올투게더나우 영자 무릎보호대 아대,"올투게더나우 영자 무릎보호대 아대, 블랙, 오른쪽, M, 1개",29800,1,2,7400
2026-07,올투게더나우,올투게더나우 영자 무릎보호대 아대,"올투게더나우 영자 무릎보호대 아대, 블랙, 오른쪽, S, 1개",14900,1,1,3700
2026-07,올투게더나우,올투게더나우 영자 무릎보호대 아대,"올투게더나우 영자 무릎보호대 아대, 블랙, 왼쪽, L, 1개",29800,2,2,7400
2026-07,올투게더나우,올투게더나우 영자 무릎보호대 아대,"올투게더나우 영자 무릎보호대 아대, 블랙, 왼쪽, S, 1개",14900,1,1,3700
2026-07,올투게더나우,올투게더나우 영자 무릎보호대 아대,"올투게더나우 영자 무릎보호대 아대, 아이보리, 양쪽, S, 1개",55800,2,2,7400
2026-07,올투게더나우,올투게더나우 올바른 허리보호대 허리 복대,"올투게더나우 올바른 허리보호대 허리 복대, L, 1개",21900,1,1,8100
2026-07,올투게더나우,올투게더나우 올바른 허리보호대 허리 복대,"올투게더나우 올바른 허리보호대 허리 복대, M, 1개",87600,4,4,32400
2026-07,올투게더나우,올투게더나우 올바른 허리보호대 허리 복대,"올투게더나우 올바른 허리보호대 허리 복대, S, 1개",65700,3,3,24300
2026-07,올투게더나우,올투게더나우 올바른 허리보호대 허리 복대,"올투게더나우 올바른 허리보호대 허리 복대, XL, 1개",43800,2,2,16200
2026-07,올투게더나우,올투게더나우 원와이어 허리보호대,"올투게더나우 원와이어 허리보호대, L, 1개",89700,3,3,24000
2026-07,올투게더나우,올투게더나우 원와이어 허리보호대,"올투게더나우 원와이어 허리보호대, M, 1개",119600,4,4,32000
2026-07,올투게더나우,올투게더나우 원와이어 허리보호대,"올투게더나우 원와이어 허리보호대, S, 1개",29900,1,1,8000
2026-07,올투게더나우,올투게더나우 원와이어 허리보호대,"올투게더나우 원와이어 허리보호대, XL, 1개",59800,2,2,16000
2026-07,올투게더나우,올투게더나우 자세펴 바른 자세 어깨 밴드,"올투게더나우 자세펴 바른 자세 어깨 밴드, 1개, L",44700,3,3,8100
2026-07,올투게더나우,올투게더나우 자세펴 바른 자세 어깨 밴드,"올투게더나우 자세펴 바른 자세 어깨 밴드, 1개, M",14900,1,1,2700
2026-07,올투게더나우,올투게더나우 쫀쫀 손목 보호대 아대 2p,"올투게더나우 쫀쫀 손목 보호대 아대 2p, 그레이, 2개, 24X5.5cm",18900,1,1,2400
2026-07,올투게더나우,올투게더나우 쫀쫀 손목 보호대 아대 2p,"올투게더나우 쫀쫀 손목 보호대 아대 2p, 핑크, 2개, 24x5.5cm",18900,1,1,2400
2026-07,올투게더나우,올투게더나우 코지 무릎 보호대 2p 1set,"올투게더나우 코지 무릎 보호대 2p 1set, L, 1세트",29800,2,2,9600
2026-07,올투게더나우,올투게더나우 코지 무릎 보호대 2p 1set,"올투게더나우 코지 무릎 보호대 2p 1set, M, 1세트",29800,2,2,9600
2026-07,올투게더나우,올투게더나우 코지 무릎 보호대 2p 1set,"올투게더나우 코지 무릎 보호대 2p 1set, XL, 1세트",14900,1,1,4800
2026-07,올투게더나우,올투게더나우 테이핑 발목 보호대 아대 1p,"올투게더나우 테이핑 발목 보호대 아대 1p, 1개",6170,1,1,2700
2026-07,올투게더나우,올투게더나우 테이핑 발목 보호대 아대 1p,"올투게더나우 테이핑 발목 보호대 아대 1p, M(225~250), 1개",6170,1,1,2700
2026-07,올투게더나우,올투게더나우 허리보호대 복대,"올투게더나우 허리보호대 복대, L, 1개",613800,26,31,232500
2026-07,올투게더나우,올투게더나우 허리보호대 복대,"올투게더나우 허리보호대 복대, M, 1개",297000,15,15,112500
2026-07,올투게더나우,올투게더나우 허리보호대 복대,"올투게더나우 허리보호대 복대, XL, 1개",653400,25,33,247500
2026-08,올투게더나우,물리치료사가 추천하는 1+1 요가링 종아리링 릴렉스링 엠보링,"물리치료사가 추천하는 1+1 요가링 종아리링 릴렉스링 엠보링, free, 엠보스라임, 1개",9800,1,1,0
2026-08,올투게더나우,물리치료사가 판매하는 올투게더나우 4세대 영자 무릎보호대 아대 블랙,"물리치료사가 판매하는 올투게더나우 4세대 영자 무릎보호대 아대 블랙, M, 2개",1120500,43,45,180000
2026-08,올투게더나우,물리치료사가 판매하는 올투게더나우 4세대 영자 무릎보호대 아대 블랙,"물리치료사가 판매하는 올투게더나우 4세대 영자 무릎보호대 아대 블랙, XL, 1개",74500,5,5,10000
2026-08,올투게더나우,물리치료사가 판매하는 올투게더나우 모든 손가락 보호대,"물리치료사가 판매하는 올투게더나우 모든 손가락 보호대, 1개, L",49600,4,4,13600
2026-08,올투게더나우,물리치료사가 판매하는 올투게더나우 모든 손가락 보호대,"물리치료사가 판매하는 올투게더나우 모든 손가락 보호대, 1개, S",49600,4,4,13600
2026-08,올투게더나우,물리치료사가 판매하는 올투게더나우 모든 손가락 보호대,"물리치료사가 판매하는 올투게더나우 모든 손가락 보호대, 2개, L",19800,1,1,6800
2026-08,올투게더나우,물리치료사가 판매하는 올투게더나우 모든 손가락 보호대,"물리치료사가 판매하는 올투게더나우 모든 손가락 보호대, 2개, S",19800,1,1,6800
2026-08,올투게더나우,물리치료사가 판매하는 올투게더나우 목해먹 넥해먹,"물리치료사가 판매하는 올투게더나우 목해먹 넥해먹, 1개, 상세페이지 참조",19490,1,1,0
2026-08,올투게더나우,물리치료사가 판매하는 올투게더나우 손목보호대,"물리치료사가 판매하는 올투게더나우 손목보호대, 오른손 L, 1개, L",19600,2,2,0
2026-08,올투게더나우,물리치료사가 판매하는 올투게더나우 손목보호대,"물리치료사가 판매하는 올투게더나우 손목보호대, 왼손 L, 1개, L",9800,1,1,0
2026-08,올투게더나우,물리치료사가 판매하는 올투게더나우 실리콘 손목 보호대,"물리치료사가 판매하는 올투게더나우 실리콘 손목 보호대, 1개",66600,8,9,21600
2026-08,올투게더나우,물리치료사가 판매하는 올투게더나우 컨시더 팔꿈치보호대,"물리치료사가 판매하는 올투게더나우 컨시더 팔꿈치보호대, 블랙, 1개, 385*160mm",124200,7,8,22400
2026-08,올투게더나우,물리치료사가 판매하는 올투게더나우 컨시더 팔꿈치보호대,"물리치료사가 판매하는 올투게더나우 컨시더 팔꿈치보호대, 블루, 1개, 385*160mm",37200,3,3,8400
2026-08,올투게더나우,올투게더나우 4세대 영자 무릎보호대 아대,"올투게더나우 4세대 영자 무릎보호대 아대, L, 1개",89400,5,6,12000
2026-08,올투게더나우,올투게더나우 8세대 영자 무릎 보호대 아대,"올투게더나우 8세대 영자 무릎 보호대 아대, 1개, L",63600,3,4,10800
2026-08,올투게더나우,올투게더나우 8세대 영자 무릎 보호대 아대,"올투게더나우 8세대 영자 무릎 보호대 아대, 1개, M",159000,10,10,27000
2026-08,올투게더나우,올투게더나우 8세대 영자 무릎 보호대 아대,"올투게더나우 8세대 영자 무릎 보호대 아대, 1개, XL",63600,4,4,10800
2026-08,올투게더나우,올투게더나우 8세대 영자 무릎 보호대 아대,"올투게더나우 8세대 영자 무릎 보호대 아대, 2개, L",161400,6,6,32400
2026-08,올투게더나우,올투게더나우 8세대 영자 무릎 보호대 아대,"올투게더나우 8세대 영자 무릎 보호대 아대, 2개, M",457300,17,17,91800
2026-08,올투게더나우,올투게더나우 8세대 영자 무릎 보호대 아대,"올투게더나우 8세대 영자 무릎 보호대 아대, 2개, XL",161400,6,6,32400
2026-08,올투게더나우,올투게더나우 가벼운 허리보호대 복대,"올투게더나우 가벼운 허리보호대 복대, L, 1개",33900,2,2,0
2026-08,올투게더나우,올투게더나우 가벼운 허리보호대 복대,"올투게더나우 가벼운 허리보호대 복대, M, 1개",16980,1,1,0
2026-08,올투게더나우,올투게더나우 강력 압박 스트랩 손목 보호대 아대,"올투게더나우 강력 압박 스트랩 손목 보호대 아대, FREE, 2p",18900,1,1,5400
2026-08,올투게더나우,올투게더나우 관절 압박 손목 보호대 아대 블랙,"올투게더나우 관절 압박 손목 보호대 아대 블랙, 1개",25800,2,2,5400
2026-08,올투게더나우,올투게더나우 관절 압박 손목 보호대 아대 블랙,"올투게더나우 관절 압박 손목 보호대 아대 블랙, 2개",56700,3,3,16200
2026-08,올투게더나우,올투게더나우 관절 압박 손목보호대 아대 핑크,"올투게더나우 관절 압박 손목보호대 아대 핑크, 2개",75600,4,4,21600
2026-08,올투게더나우,올투게더나우 다이얼 압박 무릎 보호대 아대,"올투게더나우 다이얼 압박 무릎 보호대 아대, 2개, L(무릎둘레 44~48)",54900,1,1,0
2026-08,올투게더나우,올투게더나우 리뉴얼 4세대 영자 무릎 보호대 아대 블랙,"올투게더나우 리뉴얼 4세대 영자 무릎 보호대 아대 블랙, L, 2개",423300,16,17,68000
2026-08,올투게더나우,올투게더나우 리뉴얼 4세대 영자 무릎 보호대 아대 블랙,"올투게더나우 리뉴얼 4세대 영자 무릎 보호대 아대 블랙, M, 1개",193700,13,13,26000
2026-08,올투게더나우,올투게더나우 리뉴얼 4세대 영자 무릎 보호대 아대 블랙,"올투게더나우 리뉴얼 4세대 영자 무릎 보호대 아대 블랙, XL, 2개",373500,15,15,60000
2026-08,올투게더나우,올투게더나우 리뉴얼 4세대 영자 무릎 보호대 아대 화이트,"올투게더나우 리뉴얼 4세대 영자 무릎 보호대 아대 화이트, 2개, XL",74700,2,3,12000
2026-08,올투게더나우,올투게더나우 목 보호대 밴드,"올투게더나우 목 보호대 밴드, 1개, M",77400,6,6,19800
2026-08,올투게더나우,올투게더나우 바른요 허리보호대 복대 마사지볼 세트,"올투게더나우 바른요 허리보호대 복대 마사지볼 세트, L, 1개",144500,5,5,37500
2026-08,올투게더나우,올투게더나우 바른요 허리보호대 복대 마사지볼 세트,"올투게더나우 바른요 허리보호대 복대 마사지볼 세트, M, 1개",57800,2,2,15000
2026-08,올투게더나우,올투게더나우 바른요 허리보호대 복대 마사지볼 세트,"올투게더나우 바른요 허리보호대 복대 마사지볼 세트, S, 1개",86700,3,3,22500
2026-08,올투게더나우,올투게더나우 바른요 허리보호대 복대 마사지볼 세트,"올투게더나우 바른요 허리보호대 복대 마사지볼 세트, XL, 1개",28900,1,1,7500
2026-08,올투게더나우,올투게더나우 바른자세 허리보호대,"올투게더나우 바른자세 허리보호대, L, 1개",57800,2,2,0
2026-08,올투게더나우,올투게더나우 아치패드 깔창 2p 1set,"올투게더나우 아치패드 깔창 2p 1set, 1세트, 블랙",9800,1,1,2100
2026-08,올투게더나우,올투게더나우 아치패드 깔창 2p 1set,"올투게더나우 아치패드 깔창 2p 1set, 2세트, 블랙",29800,2,2,8400
2026-08,올투게더나우,올투게더나우 아치패드 깔창 2p 1set,"올투게더나우 아치패드 깔창 2p 1set, 베이지, 1세트, FREE",9800,1,1,2100
2026-08,올투게더나우,올투게더나우 어깨보호대,"올투게더나우 어깨보호대, 좌우겸용, 1개, FREE",89500,5,5,22500
2026-08,올투게더나우,올투게더나우 엄지 발가락 보호대,"올투게더나우 엄지 발가락 보호대, 1개, 양쪽",193700,13,13,26000
2026-08,올투게더나우,올투게더나우 엄지 발가락 보호대,"올투게더나우 엄지 발가락 보호대, 1개, 우측",267300,26,27,54000
2026-08,올투게더나우,올투게더나우 엄지 발가락 보호대,"올투게더나우 엄지 발가락 보호대, 1개, 좌측",198000,20,20,40000
2026-08,올투게더나우,올투게더나우 영자 무릎보호대 아대,"올투게더나우 영자 무릎보호대 아대, 블랙, 양쪽, L, 1개",111600,4,4,14800
2026-08,올투게더나우,올투게더나우 영자 무릎보호대 아대,"올투게더나우 영자 무릎보호대 아대, 블랙, 양쪽, M, 1개",111600,4,4,14800
2026-08,올투게더나우,올투게더나우 영자 무릎보호대 아대,"올투게더나우 영자 무릎보호대 아대, 블랙, 양쪽, S, 1개",27900,1,1,3700
2026-08,올투게더나우,올투게더나우 영자 무릎보호대 아대,"올투게더나우 영자 무릎보호대 아대, 블랙, 오른쪽, L, 1개",14900,1,1,3700
2026-08,올투게더나우,올투게더나우 영자 무릎보호대 아대,"올투게더나우 영자 무릎보호대 아대, 아이보리, 양쪽, M, 1개",27900,1,1,3700
2026-08,올투게더나우,올투게더나우 영자 무릎보호대 아대,"올투게더나우 영자 무릎보호대 아대, 아이보리, 양쪽, S, 1개",27900,1,1,3700
2026-08,올투게더나우,올투게더나우 올바른 허리보호대 허리 복대,"올투게더나우 올바른 허리보호대 허리 복대, L, 1개",109500,5,5,40500
2026-08,올투게더나우,올투게더나우 올바른 허리보호대 허리 복대,"올투게더나우 올바른 허리보호대 허리 복대, M, 1개",43800,2,2,16200
2026-08,올투게더나우,올투게더나우 올바른 허리보호대 허리 복대,"올투게더나우 올바른 허리보호대 허리 복대, S, 1개",21900,1,1,8100
2026-08,올투게더나우,올투게더나우 와이어 허리 복대 허리보호대 마사지볼 세트,"올투게더나우 와이어 허리 복대 허리보호대 마사지볼 세트, S, 1개",27900,1,1,8000
2026-08,올투게더나우,올투게더나우 원와이어 허리보호대,"올투게더나우 원와이어 허리보호대, L, 1개",119600,4,4,32000
2026-08,올투게더나우,올투게더나우 원와이어 허리보호대,"올투게더나우 원와이어 허리보호대, M, 1개",61300,2,2,16000
2026-08,올투게더나우,올투게더나우 원와이어 허리보호대,"올투게더나우 원와이어 허리보호대, XL, 1개",216800,7,7,56000
2026-08,올투게더나우,올투게더나우 자세펴 바른 자세 어깨 밴드,"올투게더나우 자세펴 바른 자세 어깨 밴드, 1개, L",44700,3,3,8100
2026-08,올투게더나우,올투게더나우 자세펴 바른 자세 어깨 밴드,"올투게더나우 자세펴 바른 자세 어깨 밴드, 1개, M",44700,3,3,8100
2026-08,올투게더나우,올투게더나우 쫀쫀 손목 보호대 아대 2p,"올투게더나우 쫀쫀 손목 보호대 아대 2p, 그레이, 2개, 24X5.5cm",75600,4,4,9600
2026-08,올투게더나우,올투게더나우 쫀쫀 손목 보호대 아대 2p,"올투게더나우 쫀쫀 손목 보호대 아대 2p, 핑크, 2개, 24x5.5cm",56700,3,3,7200
2026-08,올투게더나우,올투게더나우 코지 무릎 보호대 2p 1set,"올투게더나우 코지 무릎 보호대 2p 1set, L, 1세트",14900,1,1,4800
2026-08,올투게더나우,올투게더나우 코지 무릎 보호대 2p 1set,"올투게더나우 코지 무릎 보호대 2p 1set, M, 1세트",14900,1,1,4800
2026-08,올투게더나우,올투게더나우 코지 무릎 보호대 2p 1set,"올투게더나우 코지 무릎 보호대 2p 1set, S, 1세트",14900,1,1,4800
2026-08,올투게더나우,올투게더나우 팔꿈치 보호대 2p 1set,"올투게더나우 팔꿈치 보호대 2p 1set, 블랙, M, 1개",14900,1,1,5600
2026-08,올투게더나우,올투게더나우 팔꿈치 보호대 2p 1set,"올투게더나우 팔꿈치 보호대 2p 1set, 블랙, XL, 1개",14900,1,1,5600
2026-08,올투게더나우,올투게더나우 허리보호대 복대,"올투게더나우 허리보호대 복대, L, 1개",336600,16,17,127500
2026-08,올투게더나우,올투게더나우 허리보호대 복대,"올투게더나우 허리보호대 복대, M, 1개",217800,11,11,82500
2026-08,올투게더나우,올투게더나우 허리보호대 복대,"올투게더나우 허리보호대 복대, XL, 1개",455400,21,23,172500
2026-08,올투게더나우,유큐어 손목 압박 보호대 아대 2p 1set 블랙,"유큐어 손목 압박 보호대 아대 2p 1set 블랙, 1개, free",21900,1,1,0
2026-08,올투게더나우,유큐어 주상골 압박 아치패드 깔창 스킨색 2p,"유큐어 주상골 압박 아치패드 깔창 스킨색 2p, 1세트, FREE",9800,1,1,2100
2026-09,올투게더나우,물리치료사가 판매하는 올투게더나우 4세대 영자 무릎보호대 아대 블랙,"물리치료사가 판매하는 올투게더나우 4세대 영자 무릎보호대 아대 블랙, M, 2개",74700,3,3,12000
2026-09,올투게더나우,올투게더나우 4세대 영자 무릎보호대 아대,"올투게더나우 4세대 영자 무릎보호대 아대, L, 1개",14900,1,1,2000
2026-09,올투게더나우,올투게더나우 8세대 영자 무릎 보호대 아대,"올투게더나우 8세대 영자 무릎 보호대 아대, 2개, M",80700,3,3,16200
2026-09,올투게더나우,올투게더나우 리뉴얼 4세대 영자 무릎 보호대 아대 블랙,"올투게더나우 리뉴얼 4세대 영자 무릎 보호대 아대 블랙, XL, 2개",24900,1,1,4000
2026-09,올투게더나우,올투게더나우 엄지 발가락 보호대,"올투게더나우 엄지 발가락 보호대, 1개, 양쪽",14900,1,1,2000
2026-09,올투게더나우,올투게더나우 원와이어 허리보호대,"올투게더나우 원와이어 허리보호대, XL, 1개",31400,1,1,8000
2026-09,올투게더나우,올투게더나우 이중압박 손목 보호대 블랙,"올투게더나우 이중압박 손목 보호대 블랙, 40.5 x 6 cm, 2개",17900,1,1,0
2026-09,올투게더나우,올투게더나우 허리보호대 복대,"올투게더나우 허리보호대 복대, L, 1개",39600,2,2,15000
2026-09,올투게더나우,올투게더나우 허리보호대 복대,"올투게더나우 허리보호대 복대, M, 1개",19800,1,1,7500
2026-09,올투게더나우,올투게더나우 허리보호대 복대,"올투게더나우 허리보호대 복대, XL, 1개",19800,1,1,7500
2026-01,유큐어,올투게더나우 디스크 바른요 허리보호대,"올투게더나우 디스크 바른요 허리보호대, L, 1개",424800,12,16,120000
2026-01,유큐어,올투게더나우 디스크 바른요 허리보호대,"올투게더나우 디스크 바른요 허리보호대, XL, 1개",557550,19,21,157500
2026-01,유큐어,올투게더나우 바른요 허리보호대,"올투게더나우 바른요 허리보호대, M, 1개",185850,7,7,52500
2026-01,유큐어,유큐어 TFCC 손목 보호대 아대 밴드,"유큐어 TFCC 손목 보호대 아대 밴드, 1개, free",939600,89,90,216000
2026-01,유큐어,유큐어 TFCC 손목 보호대 아대 밴드,"유큐어 TFCC 손목 보호대 아대 밴드, 2개, free",1158300,63,65,312000
2026-01,유큐어,유큐어 국내 생산 마이핏 무릎보호대,"유큐어 국내 생산 마이핏 무릎보호대, 1개, L",259000,9,10,80000
2026-01,유큐어,유큐어 국내 생산 마이핏 무릎보호대,"유큐어 국내 생산 마이핏 무릎보호대, 1개, M",77700,3,3,24000
2026-01,유큐어,유큐어 국내 생산 마이핏 무릎보호대,"유큐어 국내 생산 마이핏 무릎보호대, 1개, S",51800,2,2,16000
2026-01,유큐어,유큐어 국내 생산 마이핏 무릎보호대,"유큐어 국내 생산 마이핏 무릎보호대, 1개, XL",25900,1,1,8000
2026-01,유큐어,유큐어 국내생산 PN 슬개골 슬개건 무릎 보호대,"유큐어 국내생산 PN 슬개골 슬개건 무릎 보호대, 1개, S-M",79520,4,4,32000
2026-01,유큐어,유큐어 국내생산 PN 슬개골 슬개건 무릎 보호대,"유큐어 국내생산 PN 슬개골 슬개건 무릎 보호대, 2개, S-M",63380,2,2,32000
2026-01,유큐어,유큐어 뉴테이핑 무릎 압박 보호대 아대,"유큐어 뉴테이핑 무릎 압박 보호대 아대, 1개, M",14900,1,1,2700
2026-01,유큐어,유큐어 뉴테이핑 무릎 압박 보호대 아대,"유큐어 뉴테이핑 무릎 압박 보호대 아대, 2개, M",27780,1,1,5400
2026-01,유큐어,유큐어 대퇴 슬개 압박 무릎보호대 무릎 아대,"유큐어 대퇴 슬개 압박 무릎보호대 무릎 아대, 1개, free",87370,6,6,17400
2026-01,유큐어,유큐어 대퇴 슬개 압박 무릎보호대 무릎 아대,"유큐어 대퇴 슬개 압박 무릎보호대 무릎 아대, 2개, free",585490,31,33,191400
2026-01,유큐어,유큐어 더나은 손목보호대 아대,"유큐어 더나은 손목보호대 아대, 1개, FREE",14900,1,1,2700
2026-01,유큐어,유큐어 더나은 허리보호대 허리 복대,"유큐어 더나은 허리보호대 허리 복대, L, 1개",252010,8,8,66720
2026-01,유큐어,유큐어 더나은 허리보호대 허리 복대,"유큐어 더나은 허리보호대 허리 복대, M, 1개",191400,6,6,50040
2026-01,유큐어,유큐어 더나은 허리보호대 허리 복대,"유큐어 더나은 허리보호대 허리 복대, XL, 1개",222340,7,7,58380
2026-01,유큐어,유큐어 손목 압박 보호대 아대 2p 1set 블랙,"유큐어 손목 압박 보호대 아대 2p 1set 블랙, 1개, free",27620,2,2,1200
2026-01,유큐어,유큐어 손목 압박 보호대 아대 2p 1set 블랙,"유큐어 손목 압박 보호대 아대 2p 1set 블랙, 2개, free",54700,3,3,3600
2026-01,유큐어,유큐어 손목보호대 TFCC 팔목 아대 임산부 손목 밴드 지지대 일자형 보호대,"유큐어 손목보호대 TFCC 팔목 아대 임산부 손목 밴드 지지대 일자형 보호대, 29.5 x 5 cm, 1개",1770610,160,163,391200
2026-01,유큐어,유큐어 손목보호대 TFCC 팔목 아대 임산부 손목 밴드 지지대 일자형 보호대,"유큐어 손목보호대 TFCC 팔목 아대 임산부 손목 밴드 지지대 일자형 보호대, 29.5 x 5 cm, 2개",3468130,186,188,902400
2026-01,유큐어,유큐어 슬개건 압박 무릎보호대,"유큐어 슬개건 압박 무릎보호대, 2개, free",35800,2,2,7400
2026-01,유큐어,유큐어 이중 스트랩 허리보호대 허리 복대,"유큐어 이중 스트랩 허리보호대 허리 복대, L, 1개",371010,15,15,117000
2026-01,유큐어,유큐어 이중 스트랩 허리보호대 허리 복대,"유큐어 이중 스트랩 허리보호대 허리 복대, M, 1개",224100,9,9,70200
2026-01,유큐어,유큐어 이중 스트랩 허리보호대 허리 복대,"유큐어 이중 스트랩 허리보호대 허리 복대, XL, 1개",196710,8,8,62400
2026-01,유큐어,유큐어 이중압박 허리 보호대 남자 여자 요추 척추 복대 지지대 밴드,"유큐어 이중압박 허리 보호대 남자 여자 요추 척추 복대 지지대 밴드, 1개, L",158860,5,6,45000
2026-01,유큐어,유큐어 이중압박 허리 보호대 남자 여자 요추 척추 복대 지지대 밴드,"유큐어 이중압박 허리 보호대 남자 여자 요추 척추 복대 지지대 밴드, 1개, M",109560,4,4,30000
2026-01,유큐어,유큐어 이중압박 허리 보호대 남자 여자 요추 척추 복대 지지대 밴드,"유큐어 이중압박 허리 보호대 남자 여자 요추 척추 복대 지지대 밴드, 1개, S",188990,6,7,52500
2026-01,유큐어,유큐어 이중압박 허리 보호대 남자 여자 요추 척추 복대 지지대 밴드,"유큐어 이중압박 허리 보호대 남자 여자 요추 척추 복대 지지대 밴드, 1개, XL",54780,2,2,15000
2026-01,유큐어,유큐어 자가발열 허리 보호대 복대,"유큐어 자가발열 허리 보호대 복대, L, 1개",86580,5,5,24000
2026-01,유큐어,유큐어 자가발열 허리 보호대 복대,"유큐어 자가발열 허리 보호대 복대, M, 1개",35160,2,2,9600
2026-01,유큐어,유큐어 자가발열 허리 보호대 복대,"유큐어 자가발열 허리 보호대 복대, XL, 1개",71350,4,4,19200
2026-01,유큐어,유큐어 주상골 압박 아치패드 깔창 스킨색 2p,"유큐어 주상골 압박 아치패드 깔창 스킨색 2p, 1세트, FREE",29700,3,3,6300
2026-01,유큐어,유큐어 주상골 압박 아치패드 깔창 스킨색 2p,"유큐어 주상골 압박 아치패드 깔창 스킨색 2p, 2세트, FREE",43210,3,3,12600
2026-01,유큐어,유큐어 쫀쫀 엘보 팔꿈치 보호대 엘보우 압박 아대 테니스 배드민턴,"유큐어 쫀쫀 엘보 팔꿈치 보호대 엘보우 압박 아대 테니스 배드민턴, 30 x 20 cm, 1개",1614480,156,157,408200
2026-01,유큐어,유큐어 쫀쫀 엘보 팔꿈치 보호대 엘보우 압박 아대 테니스 배드민턴,"유큐어 쫀쫀 엘보 팔꿈치 보호대 엘보우 압박 아대 테니스 배드민턴, 30 x 20 cm, 2개",6159040,379,380,1976000
2026-01,유큐어,유큐어 테이핑 무릎보호대 무릎 아대,"유큐어 테이핑 무릎보호대 무릎 아대, 1개, L",14900,1,1,2000
2026-01,유큐어,유큐어 테이핑 무릎보호대 무릎 아대,"유큐어 테이핑 무릎보호대 무릎 아대, 1개, M",59600,3,4,8000
2026-01,유큐어,유큐어 테이핑 무릎보호대 무릎 아대,"유큐어 테이핑 무릎보호대 무릎 아대, 1개, XL",29800,2,2,4000
2026-01,유큐어,유큐어 테이핑 무릎보호대 무릎 아대,"유큐어 테이핑 무릎보호대 무릎 아대, 2개, L",27900,1,1,4000
2026-01,유큐어,유큐어 테이핑 무릎보호대 무릎 아대,"유큐어 테이핑 무릎보호대 무릎 아대, 2개, M",27900,1,1,4000
2026-01,유큐어,유큐어 테이핑 무릎보호대 무릎 아대,"유큐어 테이핑 무릎보호대 무릎 아대, 2개, XL",25110,1,1,4000
2026-01,유큐어,유큐어 팔꿈치보호대 전완근 엘보 압박 아대 배드민턴 배구 테니스 힘줄 엘보우 압박 보호대,"유큐어 팔꿈치보호대 전완근 엘보 압박 아대 배드민턴 배구 테니스 힘줄 엘보우 압박 보호대, FREE, 1개",5752720,568,593,1304600
2026-01,유큐어,유큐어 팔꿈치보호대 전완근 엘보 압박 아대 배드민턴 배구 테니스 힘줄 엘보우 압박 보호대,"유큐어 팔꿈치보호대 전완근 엘보 압박 아대 배드민턴 배구 테니스 힘줄 엘보우 압박 보호대, FREE, 2개",4421440,297,301,1324400
2026-01,유큐어,유큐어 허리보호대 복대,"유큐어 허리보호대 복대, 1개, L",146650,8,8,60000
2026-01,유큐어,유큐어 허리보호대 복대,"유큐어 허리보호대 복대, 1개, M",30680,2,2,15000
2026-01,유큐어,유큐어 허리보호대 복대,"유큐어 허리보호대 복대, 1개, XL",361350,16,19,142500
2026-02,유큐어,올투게더나우 디스크 바른요 허리보호대,"올투게더나우 디스크 바른요 허리보호대, L, 1개",584100,22,22,165000
2026-02,유큐어,올투게더나우 디스크 바른요 허리보호대,"올투게더나우 디스크 바른요 허리보호대, S, 1개",79650,3,3,22500
2026-02,유큐어,올투게더나우 디스크 바른요 허리보호대,"올투게더나우 디스크 바른요 허리보호대, XL, 1개",292050,11,11,82500
2026-02,유큐어,올투게더나우 바른요 허리보호대,"올투게더나우 바른요 허리보호대, M, 1개",424800,16,16,120000
2026-02,유큐어,유큐어 TFCC 손목 보호대 아대 밴드,"유큐어 TFCC 손목 보호대 아대 밴드, 1개, free",856080,79,82,196800
2026-02,유큐어,유큐어 TFCC 손목 보호대 아대 밴드,"유큐어 TFCC 손목 보호대 아대 밴드, 2개, free",856140,48,48,230400
2026-02,유큐어,유큐어 국내 생산 마이핏 무릎보호대,"유큐어 국내 생산 마이핏 무릎보호대, 1개, L",103600,4,4,32000
2026-02,유큐어,유큐어 국내 생산 마이핏 무릎보호대,"유큐어 국내 생산 마이핏 무릎보호대, 1개, M",22410,1,1,8000
2026-02,유큐어,유큐어 국내 생산 마이핏 무릎보호대,"유큐어 국내 생산 마이핏 무릎보호대, 1개, S",103600,3,4,32000
2026-02,유큐어,유큐어 국내 생산 마이핏 무릎보호대,"유큐어 국내 생산 마이핏 무릎보호대, 1개, XL",176570,7,7,56000
2026-02,유큐어,유큐어 국내생산 PN 슬개골 슬개건 무릎 보호대,"유큐어 국내생산 PN 슬개골 슬개건 무릎 보호대, 1개, S-M",39760,2,2,16000
2026-02,유큐어,유큐어 뉴테이핑 무릎 압박 보호대 아대,"유큐어 뉴테이핑 무릎 압박 보호대 아대, 1개, XL",12960,1,1,2700
2026-02,유큐어,유큐어 뉴테이핑 무릎 압박 보호대 아대,"유큐어 뉴테이핑 무릎 압박 보호대 아대, 2개, L",27780,1,1,5400
2026-02,유큐어,유큐어 뉴테이핑 무릎 압박 보호대 아대,"유큐어 뉴테이핑 무릎 압박 보호대 아대, 2개, M",22220,1,1,5400
2026-02,유큐어,유큐어 대퇴 슬개 압박 무릎보호대 무릎 아대,"유큐어 대퇴 슬개 압박 무릎보호대 무릎 아대, 1개, free",114730,7,8,23200
2026-02,유큐어,유큐어 대퇴 슬개 압박 무릎보호대 무릎 아대,"유큐어 대퇴 슬개 압박 무릎보호대 무릎 아대, 2개, free",630420,35,35,203000
2026-02,유큐어,유큐어 더나은 손목보호대 아대,"유큐어 더나은 손목보호대 아대, 1개, FREE",12670,1,1,2700
2026-02,유큐어,유큐어 더나은 허리보호대 허리 복대,"유큐어 더나은 허리보호대 허리 복대, L, 1개",95700,3,3,25020
2026-02,유큐어,유큐어 더나은 허리보호대 허리 복대,"유큐어 더나은 허리보호대 허리 복대, M, 1개",311820,10,10,83400
2026-02,유큐어,유큐어 더나은 허리보호대 허리 복대,"유큐어 더나은 허리보호대 허리 복대, XL, 1개",315810,9,10,83400
2026-02,유큐어,유큐어 손목 압박 보호대 아대 2p 1set 블랙,"유큐어 손목 압박 보호대 아대 2p 1set 블랙, 1개, free",27620,2,2,1200
2026-02,유큐어,유큐어 손목 압박 보호대 아대 2p 1set 블랙,"유큐어 손목 압박 보호대 아대 2p 1set 블랙, 2개, free",172910,10,10,12000
2026-02,유큐어,유큐어 손목보호대 TFCC 팔목 아대 임산부 손목 밴드 지지대 일자형 보호대,"유큐어 손목보호대 TFCC 팔목 아대 임산부 손목 밴드 지지대 일자형 보호대, 29.5 x 5 cm, 1개",1627060,148,150,360000
2026-02,유큐어,유큐어 손목보호대 TFCC 팔목 아대 임산부 손목 밴드 지지대 일자형 보호대,"유큐어 손목보호대 TFCC 팔목 아대 임산부 손목 밴드 지지대 일자형 보호대, 29.5 x 5 cm, 2개",4493740,240,244,1171200
2026-02,유큐어,유큐어 슬개건 압박 무릎보호대,"유큐어 슬개건 압박 무릎보호대, 2개, free",53700,3,3,11100
2026-02,유큐어,유큐어 이중 스트랩 허리보호대 허리 복대,"유큐어 이중 스트랩 허리보호대 허리 복대, L, 1개",398400,16,16,124800
2026-02,유큐어,유큐어 이중 스트랩 허리보호대 허리 복대,"유큐어 이중 스트랩 허리보호대 허리 복대, M, 1개",267680,11,11,85800
2026-02,유큐어,유큐어 이중 스트랩 허리보호대 허리 복대,"유큐어 이중 스트랩 허리보호대 허리 복대, XL, 1개",348600,14,14,109200
2026-02,유큐어,유큐어 이중압박 허리 보호대 남자 여자 요추 척추 복대 지지대 밴드,"유큐어 이중압박 허리 보호대 남자 여자 요추 척추 복대 지지대 밴드, 1개, L",54780,1,2,15000
2026-02,유큐어,유큐어 이중압박 허리 보호대 남자 여자 요추 척추 복대 지지대 밴드,"유큐어 이중압박 허리 보호대 남자 여자 요추 척추 복대 지지대 밴드, 1개, M",380390,14,14,105000
2026-02,유큐어,유큐어 이중압박 허리 보호대 남자 여자 요추 척추 복대 지지대 밴드,"유큐어 이중압박 허리 보호대 남자 여자 요추 척추 복대 지지대 밴드, 1개, S",82170,3,3,22500
2026-02,유큐어,유큐어 이중압박 허리 보호대 남자 여자 요추 척추 복대 지지대 밴드,"유큐어 이중압박 허리 보호대 남자 여자 요추 척추 복대 지지대 밴드, 1개, XL",382800,14,14,105000
2026-02,유큐어,유큐어 자가발열 허리 보호대 복대,"유큐어 자가발열 허리 보호대 복대, L, 1개",36480,2,2,9600
2026-02,유큐어,유큐어 자가발열 허리 보호대 복대,"유큐어 자가발열 허리 보호대 복대, M, 1개",70320,4,4,19200
2026-02,유큐어,유큐어 주상골 압박 아치패드 깔창 스킨색 2p,"유큐어 주상골 압박 아치패드 깔창 스킨색 2p, 1세트, FREE",234790,23,24,50400
2026-02,유큐어,유큐어 주상골 압박 아치패드 깔창 스킨색 2p,"유큐어 주상골 압박 아치패드 깔창 스킨색 2p, 2세트, FREE",59600,4,4,16800
2026-02,유큐어,유큐어 쫀쫀 엘보 팔꿈치 보호대 엘보우 압박 아대 테니스 배드민턴,"유큐어 쫀쫀 엘보 팔꿈치 보호대 엘보우 압박 아대 테니스 배드민턴, 30 x 20 cm, 1개",1336310,130,130,338000
2026-02,유큐어,유큐어 쫀쫀 엘보 팔꿈치 보호대 엘보우 압박 아대 테니스 배드민턴,"유큐어 쫀쫀 엘보 팔꿈치 보호대 엘보우 압박 아대 테니스 배드민턴, 30 x 20 cm, 2개",4253010,256,263,1367600
2026-02,유큐어,유큐어 테이핑 무릎보호대 무릎 아대,"유큐어 테이핑 무릎보호대 무릎 아대, 1개, L",14900,1,1,2000
2026-02,유큐어,유큐어 테이핑 무릎보호대 무릎 아대,"유큐어 테이핑 무릎보호대 무릎 아대, 2개, L",27900,1,1,4000
2026-02,유큐어,유큐어 테이핑 무릎보호대 무릎 아대,"유큐어 테이핑 무릎보호대 무릎 아대, 2개, M",83700,3,3,12000
2026-02,유큐어,유큐어 테이핑 무릎보호대 무릎 아대,"유큐어 테이핑 무릎보호대 무릎 아대, 2개, XL",27900,1,1,4000
2026-02,유큐어,유큐어 팔꿈치보호대 전완근 엘보 압박 아대 배드민턴 배구 테니스 힘줄 엘보우 압박 보호대,"유큐어 팔꿈치보호대 전완근 엘보 압박 아대 배드민턴 배구 테니스 힘줄 엘보우 압박 보호대, FREE, 1개",4157890,416,428,941600
2026-02,유큐어,유큐어 팔꿈치보호대 전완근 엘보 압박 아대 배드민턴 배구 테니스 힘줄 엘보우 압박 보호대,"유큐어 팔꿈치보호대 전완근 엘보 압박 아대 배드민턴 배구 테니스 힘줄 엘보우 압박 보호대, FREE, 2개",3332300,220,227,998800
2026-02,유큐어,유큐어 허리보호대 복대,"유큐어 허리보호대 복대, 1개, L",287550,15,15,112500
2026-02,유큐어,유큐어 허리보호대 복대,"유큐어 허리보호대 복대, 1개, M",88140,4,4,30000
2026-02,유큐어,유큐어 허리보호대 복대,"유큐어 허리보호대 복대, 1개, XL",227160,12,12,90000
2026-03,유큐어,올투게더나우 디스크 바른요 허리보호대,"올투게더나우 디스크 바른요 허리보호대, L, 1개",663750,24,25,187500
2026-03,유큐어,올투게더나우 디스크 바른요 허리보호대,"올투게더나우 디스크 바른요 허리보호대, S, 1개",185850,7,7,52500
2026-03,유큐어,올투게더나우 디스크 바른요 허리보호대,"올투게더나우 디스크 바른요 허리보호대, XL, 1개",743400,25,28,210000
2026-03,유큐어,올투게더나우 바른요 허리보호대,"올투게더나우 바른요 허리보호대, M, 1개",371700,13,14,105000
2026-03,유큐어,유큐어 TFCC 손목 보호대 아대 밴드,"유큐어 TFCC 손목 보호대 아대 밴드, 1개, free",1269360,118,120,288000
2026-03,유큐어,유큐어 TFCC 손목 보호대 아대 밴드,"유큐어 TFCC 손목 보호대 아대 밴드, 2개, free",1202040,62,66,316800
2026-03,유큐어,유큐어 국내 생산 마이핏 무릎보호대,"유큐어 국내 생산 마이핏 무릎보호대, 1개, L",103600,4,4,32000
2026-03,유큐어,유큐어 국내 생산 마이핏 무릎보호대,"유큐어 국내 생산 마이핏 무릎보호대, 1개, S",280170,10,11,88000
2026-03,유큐어,유큐어 국내 생산 마이핏 무릎보호대,"유큐어 국내 생산 마이핏 무릎보호대, 1개, XL",181300,5,7,56000
2026-03,유큐어,유큐어 뉴테이핑 무릎 압박 보호대 아대,"유큐어 뉴테이핑 무릎 압박 보호대 아대, 2개, L",55680,2,2,10800
2026-03,유큐어,유큐어 뉴테이핑 무릎 압박 보호대 아대,"유큐어 뉴테이핑 무릎 압박 보호대 아대, 2개, XL",27780,1,1,5400
2026-03,유큐어,유큐어 대퇴 슬개 압박 무릎보호대 무릎 아대,"유큐어 대퇴 슬개 압박 무릎보호대 무릎 아대, 1개, free",85680,6,6,17400
2026-03,유큐어,유큐어 대퇴 슬개 압박 무릎보호대 무릎 아대,"유큐어 대퇴 슬개 압박 무릎보호대 무릎 아대, 2개, free",740840,41,41,237800
2026-03,유큐어,유큐어 더나은 손목보호대 아대,"유큐어 더나은 손목보호대 아대, 1개, FREE",28310,2,2,5400
2026-03,유큐어,유큐어 더나은 허리보호대 허리 복대,"유큐어 더나은 허리보호대 허리 복대, L, 1개",455000,10,14,116760
2026-03,유큐어,유큐어 더나은 허리보호대 허리 복대,"유큐어 더나은 허리보호대 허리 복대, M, 1개",232300,7,7,58380
2026-03,유큐어,유큐어 더나은 허리보호대 허리 복대,"유큐어 더나은 허리보호대 허리 복대, XL, 1개",394800,12,12,100080
2026-03,유큐어,유큐어 손목 압박 보호대 아대 2p 1set 블랙,"유큐어 손목 압박 보호대 아대 2p 1set 블랙, 1개, free",29800,2,2,1200
2026-03,유큐어,유큐어 손목 압박 보호대 아대 2p 1set 블랙,"유큐어 손목 압박 보호대 아대 2p 1set 블랙, 2개, free",167100,7,9,10800
2026-03,유큐어,유큐어 손목보호대 TFCC 팔목 아대 임산부 손목 밴드 지지대 일자형 보호대,"유큐어 손목보호대 TFCC 팔목 아대 임산부 손목 밴드 지지대 일자형 보호대, 29.5 x 5 cm, 1개",2322560,211,214,513600
2026-03,유큐어,유큐어 손목보호대 TFCC 팔목 아대 임산부 손목 밴드 지지대 일자형 보호대,"유큐어 손목보호대 TFCC 팔목 아대 임산부 손목 밴드 지지대 일자형 보호대, 29.5 x 5 cm, 2개",8192270,372,438,2102400
2026-03,유큐어,유큐어 슬개건 압박 무릎보호대,"유큐어 슬개건 압박 무릎보호대, 1개, free",25800,2,2,3700
2026-03,유큐어,유큐어 슬개건 압박 무릎보호대,"유큐어 슬개건 압박 무릎보호대, 2개, free",107400,5,6,22200
2026-03,유큐어,유큐어 이중 스트랩 허리보호대 허리 복대,"유큐어 이중 스트랩 허리보호대 허리 복대, L, 1개",298800,12,12,93600
2026-03,유큐어,유큐어 이중 스트랩 허리보호대 허리 복대,"유큐어 이중 스트랩 허리보호대 허리 복대, M, 1개",99600,4,4,31200
2026-03,유큐어,유큐어 이중 스트랩 허리보호대 허리 복대,"유큐어 이중 스트랩 허리보호대 허리 복대, XL, 1개",224100,9,9,70200
2026-03,유큐어,유큐어 이중압박 허리 보호대 남자 여자 요추 척추 복대 지지대 밴드,"유큐어 이중압박 허리 보호대 남자 여자 요추 척추 복대 지지대 밴드, 1개, L",410850,12,15,112500
2026-03,유큐어,유큐어 이중압박 허리 보호대 남자 여자 요추 척추 복대 지지대 밴드,"유큐어 이중압박 허리 보호대 남자 여자 요추 척추 복대 지지대 밴드, 1개, M",273900,10,10,75000
2026-03,유큐어,유큐어 이중압박 허리 보호대 남자 여자 요추 척추 복대 지지대 밴드,"유큐어 이중압박 허리 보호대 남자 여자 요추 척추 복대 지지대 밴드, 1개, S",109560,4,4,30000
2026-03,유큐어,유큐어 이중압박 허리 보호대 남자 여자 요추 척추 복대 지지대 밴드,"유큐어 이중압박 허리 보호대 남자 여자 요추 척추 복대 지지대 밴드, 1개, XL",423730,15,16,120000
2026-03,유큐어,유큐어 자가발열 허리 보호대 복대,"유큐어 자가발열 허리 보호대 복대, L, 1개",68380,4,4,19200
2026-03,유큐어,유큐어 주상골 압박 아치패드 깔창 스킨색 2p,"유큐어 주상골 압박 아치패드 깔창 스킨색 2p, 1세트, FREE",252300,26,26,54600
2026-03,유큐어,유큐어 주상골 압박 아치패드 깔창 스킨색 2p,"유큐어 주상골 압박 아치패드 깔창 스킨색 2p, 2세트, FREE",158240,10,11,46200
2026-03,유큐어,유큐어 쫀쫀 엘보 팔꿈치 보호대 엘보우 압박 아대 테니스 배드민턴,"유큐어 쫀쫀 엘보 팔꿈치 보호대 엘보우 압박 아대 테니스 배드민턴, 30 x 20 cm, 1개",2036260,200,200,520000
2026-03,유큐어,유큐어 쫀쫀 엘보 팔꿈치 보호대 엘보우 압박 아대 테니스 배드민턴,"유큐어 쫀쫀 엘보 팔꿈치 보호대 엘보우 압박 아대 테니스 배드민턴, 30 x 20 cm, 2개",8099540,482,497,2584400
2026-03,유큐어,유큐어 테이핑 무릎보호대 무릎 아대,"유큐어 테이핑 무릎보호대 무릎 아대, 1개, L",44700,3,3,6000
2026-03,유큐어,유큐어 테이핑 무릎보호대 무릎 아대,"유큐어 테이핑 무릎보호대 무릎 아대, 1개, M",89400,6,6,12000
2026-03,유큐어,유큐어 테이핑 무릎보호대 무릎 아대,"유큐어 테이핑 무릎보호대 무릎 아대, 1개, XL",29800,2,2,4000
2026-03,유큐어,유큐어 테이핑 무릎보호대 무릎 아대,"유큐어 테이핑 무릎보호대 무릎 아대, 2개, L",83700,3,3,12000
2026-03,유큐어,유큐어 테이핑 무릎보호대 무릎 아대,"유큐어 테이핑 무릎보호대 무릎 아대, 2개, M",55800,2,2,8000
2026-03,유큐어,유큐어 팔꿈치보호대 전완근 엘보 압박 아대 배드민턴 배구 테니스 힘줄 엘보우 압박 보호대,"유큐어 팔꿈치보호대 전완근 엘보 압박 아대 배드민턴 배구 테니스 힘줄 엘보우 압박 보호대, FREE, 1개",7973770,802,822,1808400
2026-03,유큐어,유큐어 팔꿈치보호대 전완근 엘보 압박 아대 배드민턴 배구 테니스 힘줄 엘보우 압박 보호대,"유큐어 팔꿈치보호대 전완근 엘보 압박 아대 배드민턴 배구 테니스 힘줄 엘보우 압박 보호대, FREE, 2개",4916730,299,309,1359600
2026-03,유큐어,유큐어 허리보호대 복대,"유큐어 허리보호대 복대, 1개, L",359930,19,19,142500
2026-03,유큐어,유큐어 허리보호대 복대,"유큐어 허리보호대 복대, 1개, M",314810,16,16,120000
2026-03,유큐어,유큐어 허리보호대 복대,"유큐어 허리보호대 복대, 1개, XL",667580,34,35,262500
2026-04,유큐어,올투게더나우 디스크 바른요 허리보호대,"올투게더나우 디스크 바른요 허리보호대, L, 1개",584100,18,22,165000
2026-04,유큐어,올투게더나우 디스크 바른요 허리보호대,"올투게더나우 디스크 바른요 허리보호대, S, 1개",132750,4,5,37500
2026-04,유큐어,올투게더나우 디스크 바른요 허리보호대,"올투게더나우 디스크 바른요 허리보호대, XL, 1개",610650,23,23,172500
2026-04,유큐어,올투게더나우 바른요 허리보호대,"올투게더나우 바른요 허리보호대, M, 1개",159300,6,6,45000
2026-04,유큐어,유큐어 TFCC 손목 보호대 아대 밴드,"유큐어 TFCC 손목 보호대 아대 밴드, 1개, free",545000,49,50,120000
2026-04,유큐어,유큐어 TFCC 손목 보호대 아대 밴드,"유큐어 TFCC 손목 보호대 아대 밴드, 2개, free",434700,23,23,110400
2026-04,유큐어,유큐어 국내 생산 마이핏 무릎보호대,"유큐어 국내 생산 마이핏 무릎보호대, 1개, S",233100,9,9,72000
2026-04,유큐어,유큐어 국내 생산 마이핏 무릎보호대,"유큐어 국내 생산 마이핏 무릎보호대, 1개, XL",233100,9,9,72000
2026-04,유큐어,유큐어 국내생산 PN 슬개골 슬개건 무릎 보호대,"유큐어 국내생산 PN 슬개골 슬개건 무릎 보호대, 1개, S-M",17890,1,1,8000
2026-04,유큐어,유큐어 뉴테이핑 무릎 압박 보호대 아대,"유큐어 뉴테이핑 무릎 압박 보호대 아대, 1개, L",12780,1,1,2700
2026-04,유큐어,유큐어 뉴테이핑 무릎 압박 보호대 아대,"유큐어 뉴테이핑 무릎 압박 보호대 아대, 1개, M",14900,1,1,2700
2026-04,유큐어,유큐어 뉴테이핑 무릎 압박 보호대 아대,"유큐어 뉴테이핑 무릎 압박 보호대 아대, 1개, XL",14900,1,1,2700
2026-04,유큐어,유큐어 대퇴 슬개 압박 무릎보호대 무릎 아대,"유큐어 대퇴 슬개 압박 무릎보호대 무릎 아대, 1개, free",72270,4,5,14500
2026-04,유큐어,유큐어 대퇴 슬개 압박 무릎보호대 무릎 아대,"유큐어 대퇴 슬개 압박 무릎보호대 무릎 아대, 2개, free",878120,47,49,284200
2026-04,유큐어,유큐어 더나은 허리보호대 허리 복대,"유큐어 더나은 허리보호대 허리 복대, L, 1개",325480,10,10,83400
2026-04,유큐어,유큐어 더나은 허리보호대 허리 복대,"유큐어 더나은 허리보호대 허리 복대, M, 1개",174500,4,5,41700
2026-04,유큐어,유큐어 더나은 허리보호대 허리 복대,"유큐어 더나은 허리보호대 허리 복대, XL, 1개",69800,2,2,16680
2026-04,유큐어,유큐어 손목 압박 보호대 아대 2p 1set 블랙,"유큐어 손목 압박 보호대 아대 2p 1set 블랙, 1개, free",44700,3,3,1800
2026-04,유큐어,유큐어 손목 압박 보호대 아대 2p 1set 블랙,"유큐어 손목 압박 보호대 아대 2p 1set 블랙, 2개, free",154200,5,8,9600
2026-04,유큐어,유큐어 손목보호대 TFCC 팔목 아대 임산부 손목 밴드 지지대 일자형 보호대,"유큐어 손목보호대 TFCC 팔목 아대 임산부 손목 밴드 지지대 일자형 보호대, 29.5 x 5 cm, 1개",4114100,373,379,909600
2026-04,유큐어,유큐어 손목보호대 TFCC 팔목 아대 임산부 손목 밴드 지지대 일자형 보호대,"유큐어 손목보호대 TFCC 팔목 아대 임산부 손목 밴드 지지대 일자형 보호대, 29.5 x 5 cm, 2개",9235440,476,489,2347200
2026-04,유큐어,유큐어 슬개건 압박 무릎보호대,"유큐어 슬개건 압박 무릎보호대, 2개, free",104720,6,6,22200
2026-04,유큐어,유큐어 이중 스트랩 허리보호대 허리 복대,"유큐어 이중 스트랩 허리보호대 허리 복대, L, 1개",323700,13,13,101400
2026-04,유큐어,유큐어 이중 스트랩 허리보호대 허리 복대,"유큐어 이중 스트랩 허리보호대 허리 복대, M, 1개",273900,11,11,85800
2026-04,유큐어,유큐어 이중 스트랩 허리보호대 허리 복대,"유큐어 이중 스트랩 허리보호대 허리 복대, XL, 1개",513390,21,21,163800
2026-04,유큐어,유큐어 이중압박 허리 보호대 남자 여자 요추 척추 복대 지지대 밴드,"유큐어 이중압박 허리 보호대 남자 여자 요추 척추 복대 지지대 밴드, 1개, L",3543520,128,131,982500
2026-04,유큐어,유큐어 이중압박 허리 보호대 남자 여자 요추 척추 복대 지지대 밴드,"유큐어 이중압박 허리 보호대 남자 여자 요추 척추 복대 지지대 밴드, 1개, M",1427840,52,52,390000
2026-04,유큐어,유큐어 이중압박 허리 보호대 남자 여자 요추 척추 복대 지지대 밴드,"유큐어 이중압박 허리 보호대 남자 여자 요추 척추 복대 지지대 밴드, 1개, S",383460,14,14,105000
2026-04,유큐어,유큐어 이중압박 허리 보호대 남자 여자 요추 척추 복대 지지대 밴드,"유큐어 이중압박 허리 보호대 남자 여자 요추 척추 복대 지지대 밴드, 1개, XL",1887030,67,68,510000
2026-04,유큐어,유큐어 주상골 압박 아치패드 깔창 스킨색 2p,"유큐어 주상골 압박 아치패드 깔창 스킨색 2p, 1세트, FREE",275380,28,28,58800
2026-04,유큐어,유큐어 주상골 압박 아치패드 깔창 스킨색 2p,"유큐어 주상골 압박 아치패드 깔창 스킨색 2p, 2세트, FREE",204280,14,14,58800
2026-04,유큐어,유큐어 쫀쫀 엘보 팔꿈치 보호대 엘보우 압박 아대 테니스 배드민턴,"유큐어 쫀쫀 엘보 팔꿈치 보호대 엘보우 압박 아대 테니스 배드민턴, 30 x 20 cm, 1개",2950050,287,289,751400
2026-04,유큐어,유큐어 쫀쫀 엘보 팔꿈치 보호대 엘보우 압박 아대 테니스 배드민턴,"유큐어 쫀쫀 엘보 팔꿈치 보호대 엘보우 압박 아대 테니스 배드민턴, 30 x 20 cm, 2개",9126230,552,562,2922400
2026-04,유큐어,유큐어 테이핑 무릎보호대 무릎 아대,"유큐어 테이핑 무릎보호대 무릎 아대, 1개, L",14900,1,1,2000
2026-04,유큐어,유큐어 테이핑 무릎보호대 무릎 아대,"유큐어 테이핑 무릎보호대 무릎 아대, 1개, M",43210,3,3,6000
2026-04,유큐어,유큐어 테이핑 무릎보호대 무릎 아대,"유큐어 테이핑 무릎보호대 무릎 아대, 2개, L",27900,1,1,4000
2026-04,유큐어,유큐어 테이핑 무릎보호대 무릎 아대,"유큐어 테이핑 무릎보호대 무릎 아대, 2개, M",27900,1,1,4000
2026-04,유큐어,유큐어 팔꿈치보호대 전완근 엘보 압박 아대 배드민턴 배구 테니스 힘줄 엘보우 압박 보호대,"유큐어 팔꿈치보호대 전완근 엘보 압박 아대 배드민턴 배구 테니스 힘줄 엘보우 압박 보호대, FREE, 1개",4855960,479,496,1091200
2026-04,유큐어,유큐어 팔꿈치보호대 전완근 엘보 압박 아대 배드민턴 배구 테니스 힘줄 엘보우 압박 보호대,"유큐어 팔꿈치보호대 전완근 엘보 압박 아대 배드민턴 배구 테니스 힘줄 엘보우 압박 보호대, FREE, 2개",2780330,155,157,690800
2026-04,유큐어,유큐어 허리보호대 복대,"유큐어 허리보호대 복대, 1개, L",458150,24,24,180000
2026-04,유큐어,유큐어 허리보호대 복대,"유큐어 허리보호대 복대, 1개, M",196520,11,11,82500
2026-04,유큐어,유큐어 허리보호대 복대,"유큐어 허리보호대 복대, 1개, XL",381840,18,20,150000
2026-05,유큐어,올투게더나우 디스크 바른요 허리보호대,"올투게더나우 디스크 바른요 허리보호대, L, 1개",531000,19,20,150000
2026-05,유큐어,올투게더나우 디스크 바른요 허리보호대,"올투게더나우 디스크 바른요 허리보호대, XL, 1개",212400,8,8,60000
2026-05,유큐어,올투게더나우 바른요 허리보호대,"올투게더나우 바른요 허리보호대, M, 1개",159300,6,6,45000
2026-05,유큐어,유큐어 TFCC 손목 보호대 아대 밴드,"유큐어 TFCC 손목 보호대 아대 밴드, 1개, free",218000,19,20,48000
2026-05,유큐어,유큐어 TFCC 손목 보호대 아대 밴드,"유큐어 TFCC 손목 보호대 아대 밴드, 2개, free",250200,13,13,62400
2026-05,유큐어,유큐어 국내 생산 마이핏 무릎보호대,"유큐어 국내 생산 마이핏 무릎보호대, 1개, S",414400,16,16,128000
2026-05,유큐어,유큐어 국내 생산 마이핏 무릎보호대,"유큐어 국내 생산 마이핏 무릎보호대, 1개, XL",284900,11,11,88000
2026-05,유큐어,유큐어 뉴테이핑 무릎 압박 보호대 아대,"유큐어 뉴테이핑 무릎 압박 보호대 아대, 1개, L",14900,1,1,2700
2026-05,유큐어,유큐어 대퇴 슬개 압박 무릎보호대 무릎 아대,"유큐어 대퇴 슬개 압박 무릎보호대 무릎 아대, 1개, free",326310,18,22,63800
2026-05,유큐어,유큐어 대퇴 슬개 압박 무릎보호대 무릎 아대,"유큐어 대퇴 슬개 압박 무릎보호대 무릎 아대, 2개, free",1340700,74,75,435000
2026-05,유큐어,유큐어 더나은 손목보호대 아대,"유큐어 더나은 손목보호대 아대, 1개, FREE",29800,2,2,5400
2026-05,유큐어,유큐어 더나은 허리보호대 허리 복대,"유큐어 더나은 허리보호대 허리 복대, L, 1개",261570,8,8,66720
2026-05,유큐어,유큐어 더나은 허리보호대 허리 복대,"유큐어 더나은 허리보호대 허리 복대, M, 1개",160930,5,5,41700
2026-05,유큐어,유큐어 더나은 허리보호대 허리 복대,"유큐어 더나은 허리보호대 허리 복대, XL, 1개",375180,11,11,91740
2026-05,유큐어,유큐어 손목 압박 보호대 아대 2p 1set 블랙,"유큐어 손목 압박 보호대 아대 2p 1set 블랙, 1개, free",14900,1,1,600
2026-05,유큐어,유큐어 손목 압박 보호대 아대 2p 1set 블랙,"유큐어 손목 압박 보호대 아대 2p 1set 블랙, 2개, free",144300,7,7,8400
2026-05,유큐어,유큐어 손목보호대 TFCC 팔목 아대 임산부 손목 밴드 지지대 일자형 보호대,"유큐어 손목보호대 TFCC 팔목 아대 임산부 손목 밴드 지지대 일자형 보호대, 29.5 x 5 cm, 1개",3375710,300,312,748800
2026-05,유큐어,유큐어 손목보호대 TFCC 팔목 아대 임산부 손목 밴드 지지대 일자형 보호대,"유큐어 손목보호대 TFCC 팔목 아대 임산부 손목 밴드 지지대 일자형 보호대, 29.5 x 5 cm, 2개",9287620,473,494,2371200
2026-05,유큐어,유큐어 슬개건 압박 무릎보호대,"유큐어 슬개건 압박 무릎보호대, 1개, free",38700,3,3,5550
2026-05,유큐어,유큐어 슬개건 압박 무릎보호대,"유큐어 슬개건 압박 무릎보호대, 2개, free",197900,10,11,40700
2026-05,유큐어,유큐어 이중 스트랩 허리보호대 허리 복대,"유큐어 이중 스트랩 허리보호대 허리 복대, L, 1개",270170,11,11,85800
2026-05,유큐어,유큐어 이중 스트랩 허리보호대 허리 복대,"유큐어 이중 스트랩 허리보호대 허리 복대, M, 1개",224100,9,9,70200
2026-05,유큐어,유큐어 이중 스트랩 허리보호대 허리 복대,"유큐어 이중 스트랩 허리보호대 허리 복대, XL, 1개",291950,12,12,93600
2026-05,유큐어,유큐어 이중압박 허리 보호대 남자 여자 요추 척추 복대 지지대 밴드,"유큐어 이중압박 허리 보호대 남자 여자 요추 척추 복대 지지대 밴드, 1개, L",2797700,100,103,772500
2026-05,유큐어,유큐어 이중압박 허리 보호대 남자 여자 요추 척추 복대 지지대 밴드,"유큐어 이중압박 허리 보호대 남자 여자 요추 척추 복대 지지대 밴드, 1개, M",812820,30,30,225000
2026-05,유큐어,유큐어 이중압박 허리 보호대 남자 여자 요추 척추 복대 지지대 밴드,"유큐어 이중압박 허리 보호대 남자 여자 요추 척추 복대 지지대 밴드, 1개, S",159650,6,6,45000
2026-05,유큐어,유큐어 이중압박 허리 보호대 남자 여자 요추 척추 복대 지지대 밴드,"유큐어 이중압박 허리 보호대 남자 여자 요추 척추 복대 지지대 밴드, 1개, XL",1833010,65,67,502500
2026-05,유큐어,유큐어 자가발열 허리 보호대 복대,"유큐어 자가발열 허리 보호대 복대, M, 1개",35160,2,2,9600
2026-05,유큐어,유큐어 주상골 압박 아치패드 깔창 스킨색 2p,"유큐어 주상골 압박 아치패드 깔창 스킨색 2p, 1세트, FREE",226350,23,23,48300
2026-05,유큐어,유큐어 주상골 압박 아치패드 깔창 스킨색 2p,"유큐어 주상골 압박 아치패드 깔창 스킨색 2p, 2세트, FREE",102140,6,7,29400
2026-05,유큐어,유큐어 쫀쫀 엘보 팔꿈치 보호대 엘보우 압박 아대 테니스 배드민턴,"유큐어 쫀쫀 엘보 팔꿈치 보호대 엘보우 압박 아대 테니스 배드민턴, 30 x 20 cm, 1개",3597790,352,353,917800
2026-05,유큐어,유큐어 쫀쫀 엘보 팔꿈치 보호대 엘보우 압박 아대 테니스 배드민턴,"유큐어 쫀쫀 엘보 팔꿈치 보호대 엘보우 압박 아대 테니스 배드민턴, 30 x 20 cm, 2개",10185180,615,628,3265600
2026-05,유큐어,유큐어 테이핑 무릎보호대 무릎 아대,"유큐어 테이핑 무릎보호대 무릎 아대, 1개, XL",14900,1,1,2000
2026-05,유큐어,유큐어 팔꿈치보호대 전완근 엘보 압박 아대 배드민턴 배구 테니스 힘줄 엘보우 압박 보호대,"유큐어 팔꿈치보호대 전완근 엘보 압박 아대 배드민턴 배구 테니스 힘줄 엘보우 압박 보호대, FREE, 1개",2846550,270,279,613800
2026-05,유큐어,유큐어 팔꿈치보호대 전완근 엘보 압박 아대 배드민턴 배구 테니스 힘줄 엘보우 압박 보호대,"유큐어 팔꿈치보호대 전완근 엘보 압박 아대 배드민턴 배구 테니스 힘줄 엘보우 압박 보호대, FREE, 2개",1443240,82,82,360800
2026-05,유큐어,유큐어 허리보호대 복대,"유큐어 허리보호대 복대, 1개, L",184230,10,10,75000
2026-05,유큐어,유큐어 허리보호대 복대,"유큐어 허리보호대 복대, 1개, M",93930,5,5,37500
2026-05,유큐어,유큐어 허리보호대 복대,"유큐어 허리보호대 복대, 1개, XL",230040,10,12,90000
2026-06,유큐어,올투게더나우 디스크 바른요 허리보호대,"올투게더나우 디스크 바른요 허리보호대, L, 1개",398250,15,15,112500
2026-06,유큐어,올투게더나우 디스크 바른요 허리보호대,"올투게더나우 디스크 바른요 허리보호대, XL, 1개",531000,19,20,150000
2026-06,유큐어,올투게더나우 바른요 허리보호대,"올투게더나우 바른요 허리보호대, M, 1개",292050,11,11,82500
2026-06,유큐어,유큐어 TFCC 손목 보호대 아대 밴드,"유큐어 TFCC 손목 보호대 아대 밴드, 1개, free",43600,4,4,9600
2026-06,유큐어,유큐어 TFCC 손목 보호대 아대 밴드,"유큐어 TFCC 손목 보호대 아대 밴드, 2개, free",160500,8,8,38400
2026-06,유큐어,유큐어 국내 생산 마이핏 무릎보호대,"유큐어 국내 생산 마이핏 무릎보호대, 1개, S",51800,2,2,16000
2026-06,유큐어,유큐어 국내 생산 마이핏 무릎보호대,"유큐어 국내 생산 마이핏 무릎보호대, 1개, XL",25900,1,1,8000
2026-06,유큐어,유큐어 뉴테이핑 무릎 압박 보호대 아대,"유큐어 뉴테이핑 무릎 압박 보호대 아대, 2개, L",27900,1,1,5400
2026-06,유큐어,유큐어 대퇴 슬개 압박 무릎보호대 무릎 아대,"유큐어 대퇴 슬개 압박 무릎보호대 무릎 아대, 1개, free",117040,8,8,23200
2026-06,유큐어,유큐어 대퇴 슬개 압박 무릎보호대 무릎 아대,"유큐어 대퇴 슬개 압박 무릎보호대 무릎 아대, 2개, free",1013640,56,57,330600
2026-06,유큐어,유큐어 더나은 손목보호대 아대,"유큐어 더나은 손목보호대 아대, 1개, FREE",12670,1,1,2700
2026-06,유큐어,유큐어 더나은 허리보호대 허리 복대,"유큐어 더나은 허리보호대 허리 복대, L, 1개",99900,3,3,25020
2026-06,유큐어,유큐어 더나은 허리보호대 허리 복대,"유큐어 더나은 허리보호대 허리 복대, M, 1개",34900,1,1,8340
2026-06,유큐어,유큐어 더나은 허리보호대 허리 복대,"유큐어 더나은 허리보호대 허리 복대, XL, 1개",96760,3,3,25020
2026-06,유큐어,유큐어 손목 압박 보호대 아대 2p 1set 블랙,"유큐어 손목 압박 보호대 아대 2p 1set 블랙, 1개, free",74500,5,5,3000
2026-06,유큐어,유큐어 손목 압박 보호대 아대 2p 1set 블랙,"유큐어 손목 압박 보호대 아대 2p 1set 블랙, 2개, free",116400,5,6,7200
2026-06,유큐어,유큐어 손목보호대 TFCC 팔목 아대 임산부 손목 밴드 지지대 일자형 보호대,"유큐어 손목보호대 TFCC 팔목 아대 임산부 손목 밴드 지지대 일자형 보호대, 29.5 x 5 cm, 1개",3242570,288,299,717600
2026-06,유큐어,유큐어 손목보호대 TFCC 팔목 아대 임산부 손목 밴드 지지대 일자형 보호대,"유큐어 손목보호대 TFCC 팔목 아대 임산부 손목 밴드 지지대 일자형 보호대, 29.5 x 5 cm, 2개",6562100,352,358,1718400
2026-06,유큐어,유큐어 슬개건 압박 무릎보호대,"유큐어 슬개건 압박 무릎보호대, 2개, free",32660,2,2,7400
2026-06,유큐어,유큐어 이중 스트랩 허리보호대 허리 복대,"유큐어 이중 스트랩 허리보호대 허리 복대, L, 1개",373620,15,15,117000
2026-06,유큐어,유큐어 이중 스트랩 허리보호대 허리 복대,"유큐어 이중 스트랩 허리보호대 허리 복대, M, 1개",124500,5,5,39000
2026-06,유큐어,유큐어 이중 스트랩 허리보호대 허리 복대,"유큐어 이중 스트랩 허리보호대 허리 복대, XL, 1개",480810,17,19,148200
2026-06,유큐어,유큐어 이중압박 허리 보호대 남자 여자 요추 척추 복대 지지대 밴드,"유큐어 이중압박 허리 보호대 남자 여자 요추 척추 복대 지지대 밴드, 1개, L",733810,27,27,202500
2026-06,유큐어,유큐어 이중압박 허리 보호대 남자 여자 요추 척추 복대 지지대 밴드,"유큐어 이중압박 허리 보호대 남자 여자 요추 척추 복대 지지대 밴드, 1개, M",190910,7,7,52500
2026-06,유큐어,유큐어 이중압박 허리 보호대 남자 여자 요추 척추 복대 지지대 밴드,"유큐어 이중압박 허리 보호대 남자 여자 요추 척추 복대 지지대 밴드, 1개, S",56150,2,2,15000
2026-06,유큐어,유큐어 이중압박 허리 보호대 남자 여자 요추 척추 복대 지지대 밴드,"유큐어 이중압박 허리 보호대 남자 여자 요추 척추 복대 지지대 밴드, 1개, XL",759550,28,28,210000
2026-06,유큐어,유큐어 자가발열 허리 보호대 복대,"유큐어 자가발열 허리 보호대 복대, L, 1개",56700,2,3,14400
2026-06,유큐어,유큐어 자가발열 허리 보호대 복대,"유큐어 자가발열 허리 보호대 복대, M, 1개",17580,1,1,4800
2026-06,유큐어,유큐어 주상골 압박 아치패드 깔창 스킨색 2p,"유큐어 주상골 압박 아치패드 깔창 스킨색 2p, 1세트, FREE",184450,19,19,39900
2026-06,유큐어,유큐어 주상골 압박 아치패드 깔창 스킨색 2p,"유큐어 주상골 압박 아치패드 깔창 스킨색 2p, 2세트, FREE",298000,20,20,84000
2026-06,유큐어,유큐어 쫀쫀 엘보 팔꿈치 보호대 엘보우 압박 아대 테니스 배드민턴,"유큐어 쫀쫀 엘보 팔꿈치 보호대 엘보우 압박 아대 테니스 배드민턴, 30 x 20 cm, 1개",3751320,366,367,954200
2026-06,유큐어,유큐어 쫀쫀 엘보 팔꿈치 보호대 엘보우 압박 아대 테니스 배드민턴,"유큐어 쫀쫀 엘보 팔꿈치 보호대 엘보우 압박 아대 테니스 배드민턴, 30 x 20 cm, 2개",10793210,624,661,3437200
2026-06,유큐어,유큐어 테이핑 무릎보호대 무릎 아대,"유큐어 테이핑 무릎보호대 무릎 아대, 1개, XL",14900,1,1,2000
2026-06,유큐어,유큐어 테이핑 무릎보호대 무릎 아대,"유큐어 테이핑 무릎보호대 무릎 아대, 2개, XL",27900,1,1,4000
2026-06,유큐어,유큐어 팔꿈치보호대 전완근 엘보 압박 아대 배드민턴 배구 테니스 힘줄 엘보우 압박 보호대,"유큐어 팔꿈치보호대 전완근 엘보 압박 아대 배드민턴 배구 테니스 힘줄 엘보우 압박 보호대, FREE, 1개",1417510,137,139,305800
2026-06,유큐어,유큐어 팔꿈치보호대 전완근 엘보 압박 아대 배드민턴 배구 테니스 힘줄 엘보우 압박 보호대,"유큐어 팔꿈치보호대 전완근 엘보 압박 아대 배드민턴 배구 테니스 힘줄 엘보우 압박 보호대, FREE, 2개",1042200,53,58,255200
2026-06,유큐어,유큐어 허리보호대 복대,"유큐어 허리보호대 복대, 1개, L",19170,1,1,7500
2026-06,유큐어,유큐어 허리보호대 복대,"유큐어 허리보호대 복대, 1개, M",19170,1,1,7500
2026-06,유큐어,유큐어 허리보호대 복대,"유큐어 허리보호대 복대, 1개, XL",180570,9,9,67500
2026-07,유큐어,올투게더나우 디스크 바른요 허리보호대,"올투게더나우 디스크 바른요 허리보호대, L, 1개",504450,19,19,142500
2026-07,유큐어,올투게더나우 디스크 바른요 허리보호대,"올투게더나우 디스크 바른요 허리보호대, XL, 1개",451350,17,17,127500
2026-07,유큐어,올투게더나우 바른요 허리보호대,"올투게더나우 바른요 허리보호대, M, 1개",212400,8,8,60000
2026-07,유큐어,유큐어 TFCC 손목 보호대 아대 밴드,"유큐어 TFCC 손목 보호대 아대 밴드, 1개, free",130800,12,12,28800
2026-07,유큐어,유큐어 TFCC 손목 보호대 아대 밴드,"유큐어 TFCC 손목 보호대 아대 밴드, 2개, free",277200,14,14,67200
2026-07,유큐어,유큐어 국내 생산 마이핏 무릎보호대,"유큐어 국내 생산 마이핏 무릎보호대, 1개, S",25900,1,1,8000
2026-07,유큐어,유큐어 국내 생산 마이핏 무릎보호대,"유큐어 국내 생산 마이핏 무릎보호대, 1개, XL",51800,2,2,16000
2026-07,유큐어,유큐어 대퇴 슬개 압박 무릎보호대 무릎 아대,"유큐어 대퇴 슬개 압박 무릎보호대 무릎 아대, 1개, free",102180,6,7,20300
2026-07,유큐어,유큐어 대퇴 슬개 압박 무릎보호대 무릎 아대,"유큐어 대퇴 슬개 압박 무릎보호대 무릎 아대, 2개, free",1457420,79,82,475600
2026-07,유큐어,유큐어 더나은 손목보호대 아대,"유큐어 더나은 손목보호대 아대, 1개, FREE",42470,3,3,8100
2026-07,유큐어,유큐어 더나은 허리보호대 허리 복대,"유큐어 더나은 허리보호대 허리 복대, L, 1개",158670,5,5,41700
2026-07,유큐어,유큐어 더나은 허리보호대 허리 복대,"유큐어 더나은 허리보호대 허리 복대, XL, 1개",174500,5,5,41700
2026-07,유큐어,유큐어 손목 압박 보호대 아대 2p 1set 블랙,"유큐어 손목 압박 보호대 아대 2p 1set 블랙, 1개, free",119200,8,8,4800
2026-07,유큐어,유큐어 손목 압박 보호대 아대 2p 1set 블랙,"유큐어 손목 압박 보호대 아대 2p 1set 블랙, 2개, free",18900,1,1,1200
2026-07,유큐어,유큐어 손목보호대 TFCC 팔목 아대 임산부 손목 밴드 지지대 일자형 보호대,"유큐어 손목보호대 TFCC 팔목 아대 임산부 손목 밴드 지지대 일자형 보호대, 29.5 x 5 cm, 1개",2807300,256,259,621600
2026-07,유큐어,유큐어 손목보호대 TFCC 팔목 아대 임산부 손목 밴드 지지대 일자형 보호대,"유큐어 손목보호대 TFCC 팔목 아대 임산부 손목 밴드 지지대 일자형 보호대, 29.5 x 5 cm, 2개",5218980,282,287,1377600
2026-07,유큐어,유큐어 슬개건 압박 무릎보호대,"유큐어 슬개건 압박 무릎보호대, 1개, free",12900,1,1,1850
2026-07,유큐어,유큐어 슬개건 압박 무릎보호대,"유큐어 슬개건 압박 무릎보호대, 2개, free",34010,2,2,7400
2026-07,유큐어,유큐어 이중 스트랩 허리보호대 허리 복대,"유큐어 이중 스트랩 허리보호대 허리 복대, L, 1개",445710,17,18,140400
2026-07,유큐어,유큐어 이중 스트랩 허리보호대 허리 복대,"유큐어 이중 스트랩 허리보호대 허리 복대, M, 1개",295070,12,12,93600
2026-07,유큐어,유큐어 이중 스트랩 허리보호대 허리 복대,"유큐어 이중 스트랩 허리보호대 허리 복대, XL, 1개",518050,20,21,163800
2026-07,유큐어,유큐어 이중압박 허리 보호대 남자 여자 요추 척추 복대 지지대 밴드,"유큐어 이중압박 허리 보호대 남자 여자 요추 척추 복대 지지대 밴드, 1개, L",246510,9,9,67500
2026-07,유큐어,유큐어 이중압박 허리 보호대 남자 여자 요추 척추 복대 지지대 밴드,"유큐어 이중압박 허리 보호대 남자 여자 요추 척추 복대 지지대 밴드, 1개, M",241640,9,9,67500
2026-07,유큐어,유큐어 이중압박 허리 보호대 남자 여자 요추 척추 복대 지지대 밴드,"유큐어 이중압박 허리 보호대 남자 여자 요추 척추 복대 지지대 밴드, 1개, S",246510,9,9,67500
2026-07,유큐어,유큐어 이중압박 허리 보호대 남자 여자 요추 척추 복대 지지대 밴드,"유큐어 이중압박 허리 보호대 남자 여자 요추 척추 복대 지지대 밴드, 1개, XL",465120,18,18,135000
2026-07,유큐어,유큐어 자가발열 허리 보호대 복대,"유큐어 자가발열 허리 보호대 복대, L, 1개",37800,2,2,9600
2026-07,유큐어,유큐어 주상골 압박 아치패드 깔창 스킨색 2p,"유큐어 주상골 압박 아치패드 깔창 스킨색 2p, 1세트, FREE",314640,32,32,67200
2026-07,유큐어,유큐어 주상골 압박 아치패드 깔창 스킨색 2p,"유큐어 주상골 압박 아치패드 깔창 스킨색 2p, 2세트, FREE",178800,12,12,50400
2026-07,유큐어,유큐어 쫀쫀 엘보 팔꿈치 보호대 엘보우 압박 아대 테니스 배드민턴,"유큐어 쫀쫀 엘보 팔꿈치 보호대 엘보우 압박 아대 테니스 배드민턴, 30 x 20 cm, 1개",2863100,281,281,730600
2026-07,유큐어,유큐어 쫀쫀 엘보 팔꿈치 보호대 엘보우 압박 아대 테니스 배드민턴,"유큐어 쫀쫀 엘보 팔꿈치 보호대 엘보우 압박 아대 테니스 배드민턴, 30 x 20 cm, 2개",10459760,634,643,3343600
2026-07,유큐어,유큐어 팔꿈치보호대 전완근 엘보 압박 아대 배드민턴 배구 테니스 힘줄 엘보우 압박 보호대,"유큐어 팔꿈치보호대 전완근 엘보 압박 아대 배드민턴 배구 테니스 힘줄 엘보우 압박 보호대, FREE, 1개",990010,97,98,215600
2026-07,유큐어,유큐어 팔꿈치보호대 전완근 엘보 압박 아대 배드민턴 배구 테니스 힘줄 엘보우 압박 보호대,"유큐어 팔꿈치보호대 전완근 엘보 압박 아대 배드민턴 배구 테니스 힘줄 엘보우 압박 보호대, FREE, 2개",928730,45,50,220000
2026-07,유큐어,유큐어 허리보호대 복대,"유큐어 허리보호대 복대, 1개, L",146010,7,8,60000
2026-07,유큐어,유큐어 허리보호대 복대,"유큐어 허리보호대 복대, 1개, M",189330,9,10,75000
2026-07,유큐어,유큐어 허리보호대 복대,"유큐어 허리보호대 복대, 1개, XL",219420,11,11,82500
2026-08,유큐어,올투게더나우 디스크 바른요 허리보호대,"올투게더나우 디스크 바른요 허리보호대, L, 1개",451350,16,17,127500
2026-08,유큐어,올투게더나우 디스크 바른요 허리보호대,"올투게더나우 디스크 바른요 허리보호대, XL, 1개",398250,15,15,112500
2026-08,유큐어,올투게더나우 바른요 허리보호대,"올투게더나우 바른요 허리보호대, M, 1개",212400,8,8,60000
2026-08,유큐어,유큐어 TFCC 손목 보호대 아대 밴드,"유큐어 TFCC 손목 보호대 아대 밴드, 1개, free",185300,16,17,40800
2026-08,유큐어,유큐어 TFCC 손목 보호대 아대 밴드,"유큐어 TFCC 손목 보호대 아대 밴드, 2개, free",435600,20,22,105600
2026-08,유큐어,유큐어 국내 생산 마이핏 무릎보호대,"유큐어 국내 생산 마이핏 무릎보호대, 1개, S",25900,1,1,8000
2026-08,유큐어,유큐어 국내 생산 마이핏 무릎보호대,"유큐어 국내 생산 마이핏 무릎보호대, 1개, XL",51800,1,2,16000
2026-08,유큐어,유큐어 뉴테이핑 무릎 압박 보호대 아대,"유큐어 뉴테이핑 무릎 압박 보호대 아대, 1개, L",14900,1,1,2700
2026-08,유큐어,유큐어 대퇴 슬개 압박 무릎보호대 무릎 아대,"유큐어 대퇴 슬개 압박 무릎보호대 무릎 아대, 1개, free",233190,15,16,46400
2026-08,유큐어,유큐어 대퇴 슬개 압박 무릎보호대 무릎 아대,"유큐어 대퇴 슬개 압박 무릎보호대 무릎 아대, 2개, free",2005400,113,114,661200
2026-08,유큐어,유큐어 더나은 손목보호대 아대,"유큐어 더나은 손목보호대 아대, 1개, FREE",15900,1,1,2700
2026-08,유큐어,유큐어 더나은 허리보호대 허리 복대,"유큐어 더나은 허리보호대 허리 복대, L, 1개",33300,1,1,8340
2026-08,유큐어,유큐어 더나은 허리보호대 허리 복대,"유큐어 더나은 허리보호대 허리 복대, M, 1개",95980,3,3,25020
2026-08,유큐어,유큐어 더나은 허리보호대 허리 복대,"유큐어 더나은 허리보호대 허리 복대, XL, 1개",69800,2,2,16680
2026-08,유큐어,유큐어 손목 압박 보호대 아대 2p 1set 블랙,"유큐어 손목 압박 보호대 아대 2p 1set 블랙, 2개, free",53700,3,3,3600
2026-08,유큐어,유큐어 손목보호대 TFCC 팔목 아대 임산부 손목 밴드 지지대 일자형 보호대,"유큐어 손목보호대 TFCC 팔목 아대 임산부 손목 밴드 지지대 일자형 보호대, 29.5 x 5 cm, 1개",2254320,203,208,499200
2026-08,유큐어,유큐어 손목보호대 TFCC 팔목 아대 임산부 손목 밴드 지지대 일자형 보호대,"유큐어 손목보호대 TFCC 팔목 아대 임산부 손목 밴드 지지대 일자형 보호대, 29.5 x 5 cm, 2개",4443920,226,244,1171200
2026-08,유큐어,유큐어 슬개건 압박 무릎보호대,"유큐어 슬개건 압박 무릎보호대, 2개, free",17900,1,1,3700
2026-08,유큐어,유큐어 이중 스트랩 허리보호대 허리 복대,"유큐어 이중 스트랩 허리보호대 허리 복대, L, 1개",453300,18,18,140400
2026-08,유큐어,유큐어 이중 스트랩 허리보호대 허리 복대,"유큐어 이중 스트랩 허리보호대 허리 복대, M, 1개",391460,16,16,124800
2026-08,유큐어,유큐어 이중 스트랩 허리보호대 허리 복대,"유큐어 이중 스트랩 허리보호대 허리 복대, XL, 1개",566480,23,23,179400
2026-08,유큐어,유큐어 이중압박 허리 보호대 남자 여자 요추 척추 복대 지지대 밴드,"유큐어 이중압박 허리 보호대 남자 여자 요추 척추 복대 지지대 밴드, 1개, L",219120,8,8,60000
2026-08,유큐어,유큐어 이중압박 허리 보호대 남자 여자 요추 척추 복대 지지대 밴드,"유큐어 이중압박 허리 보호대 남자 여자 요추 척추 복대 지지대 밴드, 1개, M",177110,7,7,52500
2026-08,유큐어,유큐어 이중압박 허리 보호대 남자 여자 요추 척추 복대 지지대 밴드,"유큐어 이중압박 허리 보호대 남자 여자 요추 척추 복대 지지대 밴드, 1개, S",27390,1,1,7500
2026-08,유큐어,유큐어 이중압박 허리 보호대 남자 여자 요추 척추 복대 지지대 밴드,"유큐어 이중압박 허리 보호대 남자 여자 요추 척추 복대 지지대 밴드, 1개, XL",161410,6,6,45000
2026-08,유큐어,유큐어 자가발열 허리 보호대 복대,"유큐어 자가발열 허리 보호대 복대, L, 1개",51860,2,3,14400
2026-08,유큐어,유큐어 자가발열 허리 보호대 복대,"유큐어 자가발열 허리 보호대 복대, M, 1개",18900,1,1,4800
2026-08,유큐어,유큐어 주상골 압박 아치패드 깔창 스킨색 2p,"유큐어 주상골 압박 아치패드 깔창 스킨색 2p, 1세트, FREE",280990,29,29,60900
2026-08,유큐어,유큐어 주상골 압박 아치패드 깔창 스킨색 2p,"유큐어 주상골 압박 아치패드 깔창 스킨색 2p, 2세트, FREE",163900,11,11,46200
2026-08,유큐어,유큐어 쫀쫀 엘보 팔꿈치 보호대 엘보우 압박 아대 테니스 배드민턴,"유큐어 쫀쫀 엘보 팔꿈치 보호대 엘보우 압박 아대 테니스 배드민턴, 30 x 20 cm, 1개",2523560,243,246,639600
2026-08,유큐어,유큐어 쫀쫀 엘보 팔꿈치 보호대 엘보우 압박 아대 테니스 배드민턴,"유큐어 쫀쫀 엘보 팔꿈치 보호대 엘보우 압박 아대 테니스 배드민턴, 30 x 20 cm, 2개",11451110,657,659,3426800
2026-08,유큐어,유큐어 테이핑 무릎보호대 무릎 아대,"유큐어 테이핑 무릎보호대 무릎 아대, 1개, L",29800,2,2,4000
2026-08,유큐어,유큐어 팔꿈치보호대 전완근 엘보 압박 아대 배드민턴 배구 테니스 힘줄 엘보우 압박 보호대,"유큐어 팔꿈치보호대 전완근 엘보 압박 아대 배드민턴 배구 테니스 힘줄 엘보우 압박 보호대, FREE, 1개",884190,84,87,191400
2026-08,유큐어,유큐어 팔꿈치보호대 전완근 엘보 압박 아대 배드민턴 배구 테니스 힘줄 엘보우 압박 보호대,"유큐어 팔꿈치보호대 전완근 엘보 압박 아대 배드민턴 배구 테니스 힘줄 엘보우 압박 보호대, FREE, 2개",993220,53,53,233200
2026-08,유큐어,유큐어 허리보호대 복대,"유큐어 허리보호대 복대, 1개, L",313760,16,17,127500
2026-08,유큐어,유큐어 허리보호대 복대,"유큐어 허리보호대 복대, 1개, M",146650,8,8,60000
2026-08,유큐어,유큐어 허리보호대 복대,"유큐어 허리보호대 복대, 1개, XL",238540,12,12,90000
2026-09,유큐어,올투게더나우 디스크 바른요 허리보호대,"올투게더나우 디스크 바른요 허리보호대, L, 1개",26550,1,1,7500
2026-09,유큐어,유큐어 TFCC 손목 보호대 아대 밴드,"유큐어 TFCC 손목 보호대 아대 밴드, 1개, free",21800,2,2,4800
2026-09,유큐어,유큐어 대퇴 슬개 압박 무릎보호대 무릎 아대,"유큐어 대퇴 슬개 압박 무릎보호대 무릎 아대, 2개, free",14420,1,1,5800
2026-09,유큐어,유큐어 손목보호대 TFCC 팔목 아대 임산부 손목 밴드 지지대 일자형 보호대,"유큐어 손목보호대 TFCC 팔목 아대 임산부 손목 밴드 지지대 일자형 보호대, 29.5 x 5 cm, 1개",65400,6,6,14400
2026-09,유큐어,유큐어 손목보호대 TFCC 팔목 아대 임산부 손목 밴드 지지대 일자형 보호대,"유큐어 손목보호대 TFCC 팔목 아대 임산부 손목 밴드 지지대 일자형 보호대, 29.5 x 5 cm, 2개",162690,9,9,43200
2026-09,유큐어,유큐어 이중 스트랩 허리보호대 허리 복대,"유큐어 이중 스트랩 허리보호대 허리 복대, L, 1개",49800,1,2,15600
2026-09,유큐어,유큐어 이중 스트랩 허리보호대 허리 복대,"유큐어 이중 스트랩 허리보호대 허리 복대, M, 1개",24900,1,1,7800
2026-09,유큐어,유큐어 이중 스트랩 허리보호대 허리 복대,"유큐어 이중 스트랩 허리보호대 허리 복대, XL, 1개",24900,1,1,7800
2026-09,유큐어,유큐어 이중압박 허리 보호대 남자 여자 요추 척추 복대 지지대 밴드,"유큐어 이중압박 허리 보호대 남자 여자 요추 척추 복대 지지대 밴드, 1개, L",27390,1,1,7500
2026-09,유큐어,유큐어 이중압박 허리 보호대 남자 여자 요추 척추 복대 지지대 밴드,"유큐어 이중압박 허리 보호대 남자 여자 요추 척추 복대 지지대 밴드, 1개, XL",27390,1,1,7500
2026-09,유큐어,유큐어 쫀쫀 엘보 팔꿈치 보호대 엘보우 압박 아대 테니스 배드민턴,"유큐어 쫀쫀 엘보 팔꿈치 보호대 엘보우 압박 아대 테니스 배드민턴, 30 x 20 cm, 1개",51750,5,5,13000
2026-09,유큐어,유큐어 쫀쫀 엘보 팔꿈치 보호대 엘보우 압박 아대 테니스 배드민턴,"유큐어 쫀쫀 엘보 팔꿈치 보호대 엘보우 압박 아대 테니스 배드민턴, 30 x 20 cm, 2개",766080,43,44,228800
2026-09,유큐어,유큐어 팔꿈치보호대 전완근 엘보 압박 아대 배드민턴 배구 테니스 힘줄 엘보우 압박 보호대,"유큐어 팔꿈치보호대 전완근 엘보 압박 아대 배드민턴 배구 테니스 힘줄 엘보우 압박 보호대, FREE, 1개",31480,3,3,6600
2026-09,유큐어,유큐어 팔꿈치보호대 전완근 엘보 압박 아대 배드민턴 배구 테니스 힘줄 엘보우 압박 보호대,"유큐어 팔꿈치보호대 전완근 엘보 압박 아대 배드민턴 배구 테니스 힘줄 엘보우 압박 보호대, FREE, 2개",18800,1,1,4400
2026-09,유큐어,유큐어 허리보호대 복대,"유큐어 허리보호대 복대, 1개, L",19170,1,1,7500
2026-09,유큐어,유큐어 허리보호대 복대,"유큐어 허리보호대 복대, 1개, XL",20130,1,1,7500
2026-01,휴책,보호대 연구소 국내 생산 무릎 슬리브 보호대 아대 슬개건 슬개골 니슬리브,"보호대 연구소 국내 생산 무릎 슬리브 보호대 아대 슬개건 슬개골 니슬리브, 1개, S",24900,1,1,2700
2026-01,휴책,보호대 연구소 국내 생산 무릎 슬리브 보호대 아대 슬개건 슬개골 니슬리브,"보호대 연구소 국내 생산 무릎 슬리브 보호대 아대 슬개건 슬개골 니슬리브, 2개, M",95800,2,2,10800
2026-01,휴책,보호대연구소 국내생산 큐디아 PN 슬개건 슬개골 무릎 보호대 아대,"보호대연구소 국내생산 큐디아 PN 슬개건 슬개골 무릎 보호대 아대, 2개, S-M",77800,2,2,0
2026-01,휴책,보호대연구소 쫀쫀 손목 보호대 아대 2p,"보호대연구소 쫀쫀 손목 보호대 아대 2p, 그레이, 2개, 21 x 5 (cm)",653520,41,43,51600
2026-01,휴책,보호대연구소 쫀쫀 손목 보호대 아대 2p,"보호대연구소 쫀쫀 손목 보호대 아대 2p, 블랙, 1세트, free",2815380,174,181,217200
2026-01,휴책,보호대연구소 쫀쫀 손목 보호대 아대 2p,"보호대연구소 쫀쫀 손목 보호대 아대 2p, 핑크, 1세트, free",270660,18,18,21600
2026-01,휴책,휴책 보호대연구소 냉 온열 찜질 복부 허리 보호대 복대,"휴책 보호대연구소 냉 온열 찜질 복부 허리 보호대 복대, 1개, free",1531700,53,53,238500
2026-01,휴책,휴책 보호대연구소 무릎보호대 슬개건 슬개골 보호대 러닝 무릎 보호대 아대 관절 보호 밴드,"휴책 보호대연구소 무릎보호대 슬개건 슬개골 보호대 러닝 무릎 보호대 아대 관절 보호 밴드, 1개, 블랙",661850,58,63,138600
2026-01,휴책,휴책 보호대연구소 무릎보호대 슬개건 슬개골 보호대 러닝 무릎 보호대 아대 관절 보호 밴드,"휴책 보호대연구소 무릎보호대 슬개건 슬개골 보호대 러닝 무릎 보호대 아대 관절 보호 밴드, 2개, 블랙",12289550,630,655,2423500
2026-01,휴책,휴책 보호대연구소 아치업 아치 보조 발바닥 신발 깔창 패드 실리콘 뒤꿈치 군대 군인 군화 행군 1set,"휴책 보호대연구소 아치업 아치 보조 발바닥 신발 깔창 패드 실리콘 뒤꿈치 군대 군인 군화 행군 1set, 1세트, L (250 ~ 275mm)",23940,6,9,4500
2026-01,휴책,휴책 보호대연구소 아치업 아치 보조 발바닥 신발 깔창 패드 실리콘 뒤꿈치 군대 군인 군화 행군 1set,"휴책 보호대연구소 아치업 아치 보조 발바닥 신발 깔창 패드 실리콘 뒤꿈치 군대 군인 군화 행군 1set, 1세트, M (225 ~ 245mm)",23610,7,7,3500
2026-01,휴책,휴책 보호대연구소 아치업 아치 보조 발바닥 신발 깔창 패드 실리콘 뒤꿈치 군대 군인 군화 행군 1set,"휴책 보호대연구소 아치업 아치 보조 발바닥 신발 깔창 패드 실리콘 뒤꿈치 군대 군인 군화 행군 1set, 2세트, L (250 ~ 275mm)",60380,13,13,13000
2026-01,휴책,휴책 보호대연구소 아치업 아치 보조 발바닥 신발 깔창 패드 실리콘 뒤꿈치 군대 군인 군화 행군 1set,"휴책 보호대연구소 아치업 아치 보조 발바닥 신발 깔창 패드 실리콘 뒤꿈치 군대 군인 군화 행군 1set, 2세트, M (225 ~ 245mm)",89490,19,19,19000
2026-01,휴책,휴책 보호대연구소 의료용 허리보호대 복대 척추 허리 지지대 밴드,"휴책 보호대연구소 의료용 허리보호대 복대 척추 허리 지지대 밴드, 1개, L",881140,32,32,240000
2026-01,휴책,휴책 보호대연구소 의료용 허리보호대 복대 척추 허리 지지대 밴드,"휴책 보호대연구소 의료용 허리보호대 복대 척추 허리 지지대 밴드, 1개, M",458940,17,17,127500
2026-01,휴책,휴책 보호대연구소 의료용 허리보호대 복대 척추 허리 지지대 밴드,"휴책 보호대연구소 의료용 허리보호대 복대 척추 허리 지지대 밴드, 1개, S",30940,1,1,7500
2026-01,휴책,휴책 보호대연구소 의료용 허리보호대 복대 척추 허리 지지대 밴드,"휴책 보호대연구소 의료용 허리보호대 복대 척추 허리 지지대 밴드, 1개, XL",535000,20,20,150000
2026-02,휴책,보호대 연구소 국내 생산 무릎 슬리브 보호대 아대 슬개건 슬개골 니슬리브,"보호대 연구소 국내 생산 무릎 슬리브 보호대 아대 슬개건 슬개골 니슬리브, 1개, L",24900,1,1,2700
2026-02,휴책,보호대 연구소 국내 생산 무릎 슬리브 보호대 아대 슬개건 슬개골 니슬리브,"보호대 연구소 국내 생산 무릎 슬리브 보호대 아대 슬개건 슬개골 니슬리브, 1개, M",44040,1,2,5400
2026-02,휴책,보호대연구소 국내생산 큐디아 PN 슬개건 슬개골 무릎 보호대 아대,"보호대연구소 국내생산 큐디아 PN 슬개건 슬개골 무릎 보호대 아대, 1개, S-M",44820,2,2,0
2026-02,휴책,보호대연구소 국내생산 큐디아 PN 슬개건 슬개골 무릎 보호대 아대,"보호대연구소 국내생산 큐디아 PN 슬개건 슬개골 무릎 보호대 아대, 2개, S-M",33070,1,1,0
2026-02,휴책,보호대연구소 쫀쫀 손목 보호대 아대 2p,"보호대연구소 쫀쫀 손목 보호대 아대 2p, 그레이, 2개, 21 x 5 (cm)",893140,62,62,74400
2026-02,휴책,보호대연구소 쫀쫀 손목 보호대 아대 2p,"보호대연구소 쫀쫀 손목 보호대 아대 2p, 블랙, 1세트, free",2732170,177,188,225600
2026-02,휴책,보호대연구소 쫀쫀 손목 보호대 아대 2p,"보호대연구소 쫀쫀 손목 보호대 아대 2p, 핑크, 1세트, free",207200,14,14,16800
2026-02,휴책,휴책 보호대연구소 무릎보호대 슬개건 슬개골 보호대 러닝 무릎 보호대 아대 관절 보호 밴드,"휴책 보호대연구소 무릎보호대 슬개건 슬개골 보호대 러닝 무릎 보호대 아대 관절 보호 밴드, 1개, 블랙",437750,38,42,92400
2026-02,휴책,휴책 보호대연구소 무릎보호대 슬개건 슬개골 보호대 러닝 무릎 보호대 아대 관절 보호 밴드,"휴책 보호대연구소 무릎보호대 슬개건 슬개골 보호대 러닝 무릎 보호대 아대 관절 보호 밴드, 2개, 블랙",8265180,425,442,1635400
2026-02,휴책,휴책 보호대연구소 아치업 아치 보조 발바닥 신발 깔창 패드 실리콘 뒤꿈치 군대 군인 군화 행군 1set,"휴책 보호대연구소 아치업 아치 보조 발바닥 신발 깔창 패드 실리콘 뒤꿈치 군대 군인 군화 행군 1set, 1세트, L (250 ~ 275mm)",37290,6,11,5500
2026-02,휴책,휴책 보호대연구소 아치업 아치 보조 발바닥 신발 깔창 패드 실리콘 뒤꿈치 군대 군인 군화 행군 1set,"휴책 보호대연구소 아치업 아치 보조 발바닥 신발 깔창 패드 실리콘 뒤꿈치 군대 군인 군화 행군 1set, 1세트, M (225 ~ 245mm)",18320,4,5,2500
2026-02,휴책,휴책 보호대연구소 아치업 아치 보조 발바닥 신발 깔창 패드 실리콘 뒤꿈치 군대 군인 군화 행군 1set,"휴책 보호대연구소 아치업 아치 보조 발바닥 신발 깔창 패드 실리콘 뒤꿈치 군대 군인 군화 행군 1set, 2세트, L (250 ~ 275mm)",87320,15,17,17000
2026-02,휴책,휴책 보호대연구소 아치업 아치 보조 발바닥 신발 깔창 패드 실리콘 뒤꿈치 군대 군인 군화 행군 1set,"휴책 보호대연구소 아치업 아치 보조 발바닥 신발 깔창 패드 실리콘 뒤꿈치 군대 군인 군화 행군 1set, 2세트, M (225 ~ 245mm)",79780,15,16,16000
2026-02,휴책,휴책 보호대연구소 의료용 허리보호대 복대 척추 허리 지지대 밴드,"휴책 보호대연구소 의료용 허리보호대 복대 척추 허리 지지대 밴드, 1개, L",1043250,39,39,292500
2026-02,휴책,휴책 보호대연구소 의료용 허리보호대 복대 척추 허리 지지대 밴드,"휴책 보호대연구소 의료용 허리보호대 복대 척추 허리 지지대 밴드, 1개, M",133750,5,5,37500
2026-02,휴책,휴책 보호대연구소 의료용 허리보호대 복대 척추 허리 지지대 밴드,"휴책 보호대연구소 의료용 허리보호대 복대 척추 허리 지지대 밴드, 1개, S",107000,4,4,30000
2026-02,휴책,휴책 보호대연구소 의료용 허리보호대 복대 척추 허리 지지대 밴드,"휴책 보호대연구소 의료용 허리보호대 복대 척추 허리 지지대 밴드, 1개, XL",695500,26,26,195000
2026-03,휴책,보호대 연구소 국내 생산 무릎 슬리브 보호대 아대 슬개건 슬개골 니슬리브,"보호대 연구소 국내 생산 무릎 슬리브 보호대 아대 슬개건 슬개골 니슬리브, 1개, M",25900,1,1,2700
2026-03,휴책,보호대연구소 국내생산 손목 보호대 아대,"보호대연구소 국내생산 손목 보호대 아대, FREE, 1개, 베이지",35800,2,2,0
2026-03,휴책,보호대연구소 국내생산 큐디아 PN 슬개건 슬개골 무릎 보호대 아대,"보호대연구소 국내생산 큐디아 PN 슬개건 슬개골 무릎 보호대 아대, 1개, S-M",74700,3,3,0
2026-03,휴책,보호대연구소 쫀쫀 손목 보호대 아대 2p,"보호대연구소 쫀쫀 손목 보호대 아대 2p, 그레이, 2개, 21 x 5 (cm)",655010,46,46,55200
2026-03,휴책,보호대연구소 쫀쫀 손목 보호대 아대 2p,"보호대연구소 쫀쫀 손목 보호대 아대 2p, 블랙, 1세트, free",4392540,284,298,357600
2026-03,휴책,보호대연구소 쫀쫀 손목 보호대 아대 2p,"보호대연구소 쫀쫀 손목 보호대 아대 2p, 핑크, 1세트, free",284250,19,19,22800
2026-03,휴책,보호대연구소 큐디아 베노핏 레그 릴렉서 의료용 압박스타킹 종아리형 1set,"보호대연구소 큐디아 베노핏 레그 릴렉서 의료용 압박스타킹 종아리형 1set, 종아리/무릎형, 1세트, L",19850,1,1,0
2026-03,휴책,보호대연구소 큐디아 온열 저주파 손목 보호대 아대,"보호대연구소 큐디아 온열 저주파 손목 보호대 아대, 블랙, 1개",238000,2,2,0
2026-03,휴책,휴책 보호대연구소 냉 온열 찜질 복부 허리 보호대 복대,"휴책 보호대연구소 냉 온열 찜질 복부 허리 보호대 복대, 1개, free",28900,1,1,4500
2026-03,휴책,휴책 보호대연구소 무릎보호대 슬개건 슬개골 보호대 러닝 무릎 보호대 아대 관절 보호 밴드,"휴책 보호대연구소 무릎보호대 슬개건 슬개골 보호대 러닝 무릎 보호대 아대 관절 보호 밴드, 1개, 블랙",1969020,173,183,402600
2026-03,휴책,휴책 보호대연구소 무릎보호대 슬개건 슬개골 보호대 러닝 무릎 보호대 아대 관절 보호 밴드,"휴책 보호대연구소 무릎보호대 슬개건 슬개골 보호대 러닝 무릎 보호대 아대 관절 보호 밴드, 2개, 블랙",22949540,1210,1277,4724900
2026-03,휴책,휴책 보호대연구소 아치업 아치 보조 발바닥 신발 깔창 패드 실리콘 뒤꿈치 군대 군인 군화 행군 1set,"휴책 보호대연구소 아치업 아치 보조 발바닥 신발 깔창 패드 실리콘 뒤꿈치 군대 군인 군화 행군 1set, 1세트, L (250 ~ 275mm)",38110,12,13,6500
2026-03,휴책,휴책 보호대연구소 아치업 아치 보조 발바닥 신발 깔창 패드 실리콘 뒤꿈치 군대 군인 군화 행군 1set,"휴책 보호대연구소 아치업 아치 보조 발바닥 신발 깔창 패드 실리콘 뒤꿈치 군대 군인 군화 행군 1set, 1세트, M (225 ~ 245mm)",44780,13,14,7000
2026-03,휴책,휴책 보호대연구소 아치업 아치 보조 발바닥 신발 깔창 패드 실리콘 뒤꿈치 군대 군인 군화 행군 1set,"휴책 보호대연구소 아치업 아치 보조 발바닥 신발 깔창 패드 실리콘 뒤꿈치 군대 군인 군화 행군 1set, 2세트, L (250 ~ 275mm)",210210,36,39,39000
2026-03,휴책,휴책 보호대연구소 아치업 아치 보조 발바닥 신발 깔창 패드 실리콘 뒤꿈치 군대 군인 군화 행군 1set,"휴책 보호대연구소 아치업 아치 보조 발바닥 신발 깔창 패드 실리콘 뒤꿈치 군대 군인 군화 행군 1set, 2세트, M (225 ~ 245mm)",168020,33,37,37000
2026-03,휴책,휴책 보호대연구소 의료용 허리보호대 복대 척추 허리 지지대 밴드,"휴책 보호대연구소 의료용 허리보호대 복대 척추 허리 지지대 밴드, 1개, L",2378750,88,88,660000
2026-03,휴책,휴책 보호대연구소 의료용 허리보호대 복대 척추 허리 지지대 밴드,"휴책 보호대연구소 의료용 허리보호대 복대 척추 허리 지지대 밴드, 1개, M",1284000,48,48,360000
2026-03,휴책,휴책 보호대연구소 의료용 허리보호대 복대 척추 허리 지지대 밴드,"휴책 보호대연구소 의료용 허리보호대 복대 척추 허리 지지대 밴드, 1개, S",187250,7,7,52500
2026-03,휴책,휴책 보호대연구소 의료용 허리보호대 복대 척추 허리 지지대 밴드,"휴책 보호대연구소 의료용 허리보호대 복대 척추 허리 지지대 밴드, 1개, XL",2006250,74,75,562500
2026-04,휴책,보호대 연구소 국내 생산 무릎 슬리브 보호대 아대 슬개건 슬개골 니슬리브,"보호대 연구소 국내 생산 무릎 슬리브 보호대 아대 슬개건 슬개골 니슬리브, 1개, L",24150,1,1,2700
2026-04,휴책,보호대연구소 국내생산 큐디아 PN 슬개건 슬개골 무릎 보호대 아대,"보호대연구소 국내생산 큐디아 PN 슬개건 슬개골 무릎 보호대 아대, 2개, S-M",774110,19,20,0
2026-04,휴책,보호대연구소 쫀쫀 손목 보호대 아대 2p,"보호대연구소 쫀쫀 손목 보호대 아대 2p, 그레이, 2개, 21 x 5 (cm)",325520,21,21,25200
2026-04,휴책,보호대연구소 쫀쫀 손목 보호대 아대 2p,"보호대연구소 쫀쫀 손목 보호대 아대 2p, 블랙, 1세트, free",2806740,170,181,217200
2026-04,휴책,보호대연구소 쫀쫀 손목 보호대 아대 2p,"보호대연구소 쫀쫀 손목 보호대 아대 2p, 핑크, 1세트, free",89200,5,6,7200
2026-04,휴책,휴책 보호대연구소 무릎보호대 슬개건 슬개골 보호대 러닝 무릎 보호대 아대 관절 보호 밴드,"휴책 보호대연구소 무릎보호대 슬개건 슬개골 보호대 러닝 무릎 보호대 아대 관절 보호 밴드, 1개, 블랙",3632130,296,323,710600
2026-04,휴책,휴책 보호대연구소 무릎보호대 슬개건 슬개골 보호대 러닝 무릎 보호대 아대 관절 보호 밴드,"휴책 보호대연구소 무릎보호대 슬개건 슬개골 보호대 러닝 무릎 보호대 아대 관절 보호 밴드, 2개, 블랙",31196430,1665,1767,6537900
2026-04,휴책,휴책 보호대연구소 아치업 아치 보조 발바닥 신발 깔창 패드 실리콘 뒤꿈치 군대 군인 군화 행군 1set,"휴책 보호대연구소 아치업 아치 보조 발바닥 신발 깔창 패드 실리콘 뒤꿈치 군대 군인 군화 행군 1set, 1세트, L (250 ~ 275mm)",48810,15,16,8000
2026-04,휴책,휴책 보호대연구소 아치업 아치 보조 발바닥 신발 깔창 패드 실리콘 뒤꿈치 군대 군인 군화 행군 1set,"휴책 보호대연구소 아치업 아치 보조 발바닥 신발 깔창 패드 실리콘 뒤꿈치 군대 군인 군화 행군 1set, 1세트, M (225 ~ 245mm)",49480,19,19,9500
2026-04,휴책,휴책 보호대연구소 아치업 아치 보조 발바닥 신발 깔창 패드 실리콘 뒤꿈치 군대 군인 군화 행군 1set,"휴책 보호대연구소 아치업 아치 보조 발바닥 신발 깔창 패드 실리콘 뒤꿈치 군대 군인 군화 행군 1set, 2세트, L (250 ~ 275mm)",106130,21,21,21000
2026-04,휴책,휴책 보호대연구소 아치업 아치 보조 발바닥 신발 깔창 패드 실리콘 뒤꿈치 군대 군인 군화 행군 1set,"휴책 보호대연구소 아치업 아치 보조 발바닥 신발 깔창 패드 실리콘 뒤꿈치 군대 군인 군화 행군 1set, 2세트, M (225 ~ 245mm)",85170,16,17,17000
2026-04,휴책,휴책 보호대연구소 의료용 허리보호대 복대 척추 허리 지지대 밴드,"휴책 보호대연구소 의료용 허리보호대 복대 척추 허리 지지대 밴드, 1개, L",347750,12,13,97500
2026-04,휴책,휴책 보호대연구소 의료용 허리보호대 복대 척추 허리 지지대 밴드,"휴책 보호대연구소 의료용 허리보호대 복대 척추 허리 지지대 밴드, 1개, M",267500,10,10,75000
2026-04,휴책,휴책 보호대연구소 의료용 허리보호대 복대 척추 허리 지지대 밴드,"휴책 보호대연구소 의료용 허리보호대 복대 척추 허리 지지대 밴드, 1개, S",107000,4,4,30000
2026-04,휴책,휴책 보호대연구소 의료용 허리보호대 복대 척추 허리 지지대 밴드,"휴책 보호대연구소 의료용 허리보호대 복대 척추 허리 지지대 밴드, 1개, XL",749000,27,28,210000
2026-05,휴책,보호대 연구소 국내 생산 무릎 슬리브 보호대 아대 슬개건 슬개골 니슬리브,"보호대 연구소 국내 생산 무릎 슬리브 보호대 아대 슬개건 슬개골 니슬리브, 2개, M",47900,1,1,5400
2026-05,휴책,보호대연구소 쫀쫀 손목 보호대 아대 2p,"보호대연구소 쫀쫀 손목 보호대 아대 2p, 그레이, 2개, 21 x 5 (cm)",350290,24,24,28800
2026-05,휴책,보호대연구소 쫀쫀 손목 보호대 아대 2p,"보호대연구소 쫀쫀 손목 보호대 아대 2p, 블랙, 1세트, free",4652970,265,300,360000
2026-05,휴책,보호대연구소 쫀쫀 손목 보호대 아대 2p,"보호대연구소 쫀쫀 손목 보호대 아대 2p, 핑크, 1세트, free",93900,6,6,7200
2026-05,휴책,보호대연구소 큐디아 베노핏 레그 릴렉서 의료용 압박스타킹 종아리형 1set,"보호대연구소 큐디아 베노핏 레그 릴렉서 의료용 압박스타킹 종아리형 1set, 종아리/무릎형, 1세트, L",19850,1,1,0
2026-05,휴책,보호대연구소 큐디아 온열 저주파 손목 보호대 아대,"보호대연구소 큐디아 온열 저주파 손목 보호대 아대, 베이지, 1개",119000,1,1,0
2026-05,휴책,휴책 보호대연구소 무릎보호대 슬개건 슬개골 보호대 러닝 무릎 보호대 아대 관절 보호 밴드,"휴책 보호대연구소 무릎보호대 슬개건 슬개골 보호대 러닝 무릎 보호대 아대 관절 보호 밴드, 1개, 블랙",2894350,240,253,556600
2026-05,휴책,휴책 보호대연구소 무릎보호대 슬개건 슬개골 보호대 러닝 무릎 보호대 아대 관절 보호 밴드,"휴책 보호대연구소 무릎보호대 슬개건 슬개골 보호대 러닝 무릎 보호대 아대 관절 보호 밴드, 2개, 블랙",32527110,1720,1808,6689600
2026-05,휴책,휴책 보호대연구소 스트랩 벡터 무릎보호대 슬개골 슬개건 보호대,"휴책 보호대연구소 스트랩 벡터 무릎보호대 슬개골 슬개건 보호대, 1개, 오른쪽 L",260400,12,12,72000
2026-05,휴책,휴책 보호대연구소 스트랩 벡터 무릎보호대 슬개골 슬개건 보호대,"휴책 보호대연구소 스트랩 벡터 무릎보호대 슬개골 슬개건 보호대, 1개, 오른쪽 M",86800,4,4,22000
2026-05,휴책,휴책 보호대연구소 스트랩 벡터 무릎보호대 슬개골 슬개건 보호대,"휴책 보호대연구소 스트랩 벡터 무릎보호대 슬개골 슬개건 보호대, 1개, 왼쪽 L",108500,5,5,30000
2026-05,휴책,휴책 보호대연구소 스트랩 벡터 무릎보호대 슬개골 슬개건 보호대,"휴책 보호대연구소 스트랩 벡터 무릎보호대 슬개골 슬개건 보호대, 1개, 왼쪽 M",151900,7,7,38500
2026-05,휴책,휴책 보호대연구소 아치업 아치 보조 발바닥 신발 깔창 패드 실리콘 뒤꿈치 군대 군인 군화 행군 1set,"휴책 보호대연구소 아치업 아치 보조 발바닥 신발 깔창 패드 실리콘 뒤꿈치 군대 군인 군화 행군 1set, 1세트, L (250 ~ 275mm)",59790,15,22,11000
2026-05,휴책,휴책 보호대연구소 아치업 아치 보조 발바닥 신발 깔창 패드 실리콘 뒤꿈치 군대 군인 군화 행군 1set,"휴책 보호대연구소 아치업 아치 보조 발바닥 신발 깔창 패드 실리콘 뒤꿈치 군대 군인 군화 행군 1set, 1세트, M (225 ~ 245mm)",66750,17,19,9500
2026-05,휴책,휴책 보호대연구소 아치업 아치 보조 발바닥 신발 깔창 패드 실리콘 뒤꿈치 군대 군인 군화 행군 1set,"휴책 보호대연구소 아치업 아치 보조 발바닥 신발 깔창 패드 실리콘 뒤꿈치 군대 군인 군화 행군 1set, 2세트, L (250 ~ 275mm)",105650,17,17,17000
2026-05,휴책,휴책 보호대연구소 아치업 아치 보조 발바닥 신발 깔창 패드 실리콘 뒤꿈치 군대 군인 군화 행군 1set,"휴책 보호대연구소 아치업 아치 보조 발바닥 신발 깔창 패드 실리콘 뒤꿈치 군대 군인 군화 행군 1set, 2세트, M (225 ~ 245mm)",193620,27,32,32000
2026-05,휴책,휴책 보호대연구소 의료용 허리보호대 복대 척추 허리 지지대 밴드,"휴책 보호대연구소 의료용 허리보호대 복대 척추 허리 지지대 밴드, 1개, L",936250,34,35,262500
2026-05,휴책,휴책 보호대연구소 의료용 허리보호대 복대 척추 허리 지지대 밴드,"휴책 보호대연구소 의료용 허리보호대 복대 척추 허리 지지대 밴드, 1개, M",535000,20,20,150000
2026-05,휴책,휴책 보호대연구소 의료용 허리보호대 복대 척추 허리 지지대 밴드,"휴책 보호대연구소 의료용 허리보호대 복대 척추 허리 지지대 밴드, 1개, S",187250,7,7,52500
2026-05,휴책,휴책 보호대연구소 의료용 허리보호대 복대 척추 허리 지지대 밴드,"휴책 보호대연구소 의료용 허리보호대 복대 척추 허리 지지대 밴드, 1개, XL",775750,28,29,217500
2026-06,휴책,보호대 연구소 국내 생산 무릎 슬리브 보호대 아대 슬개건 슬개골 니슬리브,"보호대 연구소 국내 생산 무릎 슬리브 보호대 아대 슬개건 슬개골 니슬리브, 2개, L",47900,1,1,5400
2026-06,휴책,보호대연구소 국내생산 손목 보호대 아대,"보호대연구소 국내생산 손목 보호대 아대, FREE, 1개, 베이지",17900,1,1,0
2026-06,휴책,보호대연구소 쫀쫀 손목 보호대 아대 2p,"보호대연구소 쫀쫀 손목 보호대 아대 2p, 그레이, 2개, 21 x 5 (cm)",501850,32,32,38400
2026-06,휴책,보호대연구소 쫀쫀 손목 보호대 아대 2p,"보호대연구소 쫀쫀 손목 보호대 아대 2p, 블랙, 1세트, free",4799540,279,309,370800
2026-06,휴책,보호대연구소 쫀쫀 손목 보호대 아대 2p,"보호대연구소 쫀쫀 손목 보호대 아대 2p, 핑크, 1세트, free",219100,14,14,16800
2026-06,휴책,휴책 보호대연구소 무릎보호대 슬개건 슬개골 보호대 러닝 무릎 보호대 아대 관절 보호 밴드,"휴책 보호대연구소 무릎보호대 슬개건 슬개골 보호대 러닝 무릎 보호대 아대 관절 보호 밴드, 1개, 블랙",2245070,183,196,431200
2026-06,휴책,휴책 보호대연구소 무릎보호대 슬개건 슬개골 보호대 러닝 무릎 보호대 아대 관절 보호 밴드,"휴책 보호대연구소 무릎보호대 슬개건 슬개골 보호대 러닝 무릎 보호대 아대 관절 보호 밴드, 2개, 블랙",89531500,4550,4878,18048600
2026-06,휴책,휴책 보호대연구소 아치업 아치 보조 발바닥 신발 깔창 패드 실리콘 뒤꿈치 군대 군인 군화 행군 1set,"휴책 보호대연구소 아치업 아치 보조 발바닥 신발 깔창 패드 실리콘 뒤꿈치 군대 군인 군화 행군 1set, 1세트, L (250 ~ 275mm)",31750,8,9,4500
2026-06,휴책,휴책 보호대연구소 아치업 아치 보조 발바닥 신발 깔창 패드 실리콘 뒤꿈치 군대 군인 군화 행군 1set,"휴책 보호대연구소 아치업 아치 보조 발바닥 신발 깔창 패드 실리콘 뒤꿈치 군대 군인 군화 행군 1set, 1세트, M (225 ~ 245mm)",39860,12,14,7000
2026-06,휴책,휴책 보호대연구소 아치업 아치 보조 발바닥 신발 깔창 패드 실리콘 뒤꿈치 군대 군인 군화 행군 1set,"휴책 보호대연구소 아치업 아치 보조 발바닥 신발 깔창 패드 실리콘 뒤꿈치 군대 군인 군화 행군 1set, 2세트, L (250 ~ 275mm)",43120,7,8,8000
2026-06,휴책,휴책 보호대연구소 아치업 아치 보조 발바닥 신발 깔창 패드 실리콘 뒤꿈치 군대 군인 군화 행군 1set,"휴책 보호대연구소 아치업 아치 보조 발바닥 신발 깔창 패드 실리콘 뒤꿈치 군대 군인 군화 행군 1set, 2세트, M (225 ~ 245mm)",74120,12,13,13000
2026-06,휴책,휴책 보호대연구소 의료용 허리보호대 복대 척추 허리 지지대 밴드,"휴책 보호대연구소 의료용 허리보호대 복대 척추 허리 지지대 밴드, 1개, L",508250,13,19,142500
2026-06,휴책,휴책 보호대연구소 의료용 허리보호대 복대 척추 허리 지지대 밴드,"휴책 보호대연구소 의료용 허리보호대 복대 척추 허리 지지대 밴드, 1개, M",267500,10,10,75000
2026-06,휴책,휴책 보호대연구소 의료용 허리보호대 복대 척추 허리 지지대 밴드,"휴책 보호대연구소 의료용 허리보호대 복대 척추 허리 지지대 밴드, 1개, S",80250,3,3,22500
2026-06,휴책,휴책 보호대연구소 의료용 허리보호대 복대 척추 허리 지지대 밴드,"휴책 보호대연구소 의료용 허리보호대 복대 척추 허리 지지대 밴드, 1개, XL",508250,13,19,142500
2026-07,휴책,보호대 연구소 국내 생산 무릎 슬리브 보호대 아대 슬개건 슬개골 니슬리브,"보호대 연구소 국내 생산 무릎 슬리브 보호대 아대 슬개건 슬개골 니슬리브, 1개, L",24900,1,1,2700
2026-07,휴책,보호대 연구소 국내 생산 무릎 슬리브 보호대 아대 슬개건 슬개골 니슬리브,"보호대 연구소 국내 생산 무릎 슬리브 보호대 아대 슬개건 슬개골 니슬리브, 2개, XL",47900,1,1,5400
2026-07,휴책,보호대연구소 쫀쫀 손목 보호대 아대 2p,"보호대연구소 쫀쫀 손목 보호대 아대 2p, 그레이, 2개, 21 x 5 (cm)",524210,34,34,40800
2026-07,휴책,보호대연구소 쫀쫀 손목 보호대 아대 2p,"보호대연구소 쫀쫀 손목 보호대 아대 2p, 블랙, 1세트, free",5212180,316,338,405600
2026-07,휴책,보호대연구소 쫀쫀 손목 보호대 아대 2p,"보호대연구소 쫀쫀 손목 보호대 아대 2p, 핑크, 1세트, free",200810,13,13,15600
2026-07,휴책,휴책 보호대연구소 무릎보호대 슬개건 슬개골 보호대 러닝 무릎 보호대 아대 관절 보호 밴드,"휴책 보호대연구소 무릎보호대 슬개건 슬개골 보호대 러닝 무릎 보호대 아대 관절 보호 밴드, 1개, 블랙",2816700,231,246,541200
2026-07,휴책,휴책 보호대연구소 무릎보호대 슬개건 슬개골 보호대 러닝 무릎 보호대 아대 관절 보호 밴드,"휴책 보호대연구소 무릎보호대 슬개건 슬개골 보호대 러닝 무릎 보호대 아대 관절 보호 밴드, 2개, 블랙",96833050,4904,5179,19162300
2026-07,휴책,휴책 보호대연구소 스트랩 벡터 무릎보호대 슬개골 슬개건 보호대,"휴책 보호대연구소 스트랩 벡터 무릎보호대 슬개골 슬개건 보호대, 1개, 오른쪽 L",151900,7,7,42000
2026-07,휴책,휴책 보호대연구소 스트랩 벡터 무릎보호대 슬개골 슬개건 보호대,"휴책 보호대연구소 스트랩 벡터 무릎보호대 슬개골 슬개건 보호대, 1개, 오른쪽 M",21700,1,1,5500
2026-07,휴책,휴책 보호대연구소 스트랩 벡터 무릎보호대 슬개골 슬개건 보호대,"휴책 보호대연구소 스트랩 벡터 무릎보호대 슬개골 슬개건 보호대, 1개, 왼쪽 L",65100,3,3,18000
2026-07,휴책,휴책 보호대연구소 스트랩 벡터 무릎보호대 슬개골 슬개건 보호대,"휴책 보호대연구소 스트랩 벡터 무릎보호대 슬개골 슬개건 보호대, 1개, 왼쪽 M",43400,2,2,11000
2026-07,휴책,휴책 보호대연구소 아치업 아치 보조 발바닥 신발 깔창 패드 실리콘 뒤꿈치 군대 군인 군화 행군 1set,"휴책 보호대연구소 아치업 아치 보조 발바닥 신발 깔창 패드 실리콘 뒤꿈치 군대 군인 군화 행군 1set, 1세트, L (250 ~ 275mm)",36370,8,9,4500
2026-07,휴책,휴책 보호대연구소 아치업 아치 보조 발바닥 신발 깔창 패드 실리콘 뒤꿈치 군대 군인 군화 행군 1set,"휴책 보호대연구소 아치업 아치 보조 발바닥 신발 깔창 패드 실리콘 뒤꿈치 군대 군인 군화 행군 1set, 1세트, M (225 ~ 245mm)",27680,8,8,4000
2026-07,휴책,휴책 보호대연구소 아치업 아치 보조 발바닥 신발 깔창 패드 실리콘 뒤꿈치 군대 군인 군화 행군 1set,"휴책 보호대연구소 아치업 아치 보조 발바닥 신발 깔창 패드 실리콘 뒤꿈치 군대 군인 군화 행군 1set, 2세트, L (250 ~ 275mm)",117510,21,23,23000
2026-07,휴책,휴책 보호대연구소 아치업 아치 보조 발바닥 신발 깔창 패드 실리콘 뒤꿈치 군대 군인 군화 행군 1set,"휴책 보호대연구소 아치업 아치 보조 발바닥 신발 깔창 패드 실리콘 뒤꿈치 군대 군인 군화 행군 1set, 2세트, M (225 ~ 245mm)",64680,12,12,12000
2026-07,휴책,휴책 보호대연구소 의료용 허리보호대 복대 척추 허리 지지대 밴드,"휴책 보호대연구소 의료용 허리보호대 복대 척추 허리 지지대 밴드, 1개, L",454750,17,17,127500
2026-07,휴책,휴책 보호대연구소 의료용 허리보호대 복대 척추 허리 지지대 밴드,"휴책 보호대연구소 의료용 허리보호대 복대 척추 허리 지지대 밴드, 1개, M",187250,7,7,52500
2026-07,휴책,휴책 보호대연구소 의료용 허리보호대 복대 척추 허리 지지대 밴드,"휴책 보호대연구소 의료용 허리보호대 복대 척추 허리 지지대 밴드, 1개, S",80250,3,3,22500
2026-07,휴책,휴책 보호대연구소 의료용 허리보호대 복대 척추 허리 지지대 밴드,"휴책 보호대연구소 의료용 허리보호대 복대 척추 허리 지지대 밴드, 1개, XL",642000,23,24,180000
2026-08,휴책,보호대연구소 쫀쫀 손목 보호대 아대 2p,"보호대연구소 쫀쫀 손목 보호대 아대 2p, 그레이, 2개, 21 x 5 (cm)",302070,20,20,24000
2026-08,휴책,보호대연구소 쫀쫀 손목 보호대 아대 2p,"보호대연구소 쫀쫀 손목 보호대 아대 2p, 블랙, 1세트, free",912290,58,59,70800
2026-08,휴책,보호대연구소 쫀쫀 손목 보호대 아대 2p,"보호대연구소 쫀쫀 손목 보호대 아대 2p, 핑크, 1세트, free",172150,11,11,13200
2026-08,휴책,보호대연구소 큐디아 베노핏 레그 릴렉서 의료용 압박스타킹 종아리형 1set,"보호대연구소 큐디아 베노핏 레그 릴렉서 의료용 압박스타킹 종아리형 1set, 종아리/무릎형, 1세트, L",19850,1,1,0
2026-08,휴책,보호대연구소 큐디아 온열 저주파 손목 보호대 아대,"보호대연구소 큐디아 온열 저주파 손목 보호대 아대, 베이지, 1개",119000,1,1,0
2026-08,휴책,유큐어 손목 압박 보호대 아대 2p 1set 블랙,"유큐어 손목 압박 보호대 아대 2p 1set 블랙, 1개, free",1734390,101,113,0
2026-08,휴책,휴책 보호대연구소 무릎보호대 슬개건 슬개골 보호대 러닝 무릎 보호대 아대 관절 보호 밴드,"휴책 보호대연구소 무릎보호대 슬개건 슬개골 보호대 러닝 무릎 보호대 아대 관절 보호 밴드, 1개, 블랙",4087450,347,359,789800
2026-08,휴책,휴책 보호대연구소 무릎보호대 슬개건 슬개골 보호대 러닝 무릎 보호대 아대 관절 보호 밴드,"휴책 보호대연구소 무릎보호대 슬개건 슬개골 보호대 러닝 무릎 보호대 아대 관절 보호 밴드, 2개, 블랙",110133350,5725,6037,22336900
2026-08,휴책,휴책 보호대연구소 스트랩 벡터 무릎보호대 슬개골 슬개건 보호대,"휴책 보호대연구소 스트랩 벡터 무릎보호대 슬개골 슬개건 보호대, 1개, 오른쪽 M",43400,2,2,11000
2026-08,휴책,휴책 보호대연구소 스트랩 벡터 무릎보호대 슬개골 슬개건 보호대,"휴책 보호대연구소 스트랩 벡터 무릎보호대 슬개골 슬개건 보호대, 1개, 왼쪽 L",43400,2,2,12000
2026-08,휴책,휴책 보호대연구소 스트랩 벡터 무릎보호대 슬개골 슬개건 보호대,"휴책 보호대연구소 스트랩 벡터 무릎보호대 슬개골 슬개건 보호대, 1개, 왼쪽 M",86800,4,4,22000
2026-08,휴책,휴책 보호대연구소 아치업 아치 보조 발바닥 신발 깔창 패드 실리콘 뒤꿈치 군대 군인 군화 행군 1set,"휴책 보호대연구소 아치업 아치 보조 발바닥 신발 깔창 패드 실리콘 뒤꿈치 군대 군인 군화 행군 1set, 1세트, L (250 ~ 275mm)",20760,9,9,4500
2026-08,휴책,휴책 보호대연구소 아치업 아치 보조 발바닥 신발 깔창 패드 실리콘 뒤꿈치 군대 군인 군화 행군 1set,"휴책 보호대연구소 아치업 아치 보조 발바닥 신발 깔창 패드 실리콘 뒤꿈치 군대 군인 군화 행군 1set, 1세트, M (225 ~ 245mm)",11400,4,4,2000
2026-08,휴책,휴책 보호대연구소 아치업 아치 보조 발바닥 신발 깔창 패드 실리콘 뒤꿈치 군대 군인 군화 행군 1set,"휴책 보호대연구소 아치업 아치 보조 발바닥 신발 깔창 패드 실리콘 뒤꿈치 군대 군인 군화 행군 1set, 2세트, L (250 ~ 275mm)",21560,4,4,4000
2026-08,휴책,휴책 보호대연구소 아치업 아치 보조 발바닥 신발 깔창 패드 실리콘 뒤꿈치 군대 군인 군화 행군 1set,"휴책 보호대연구소 아치업 아치 보조 발바닥 신발 깔창 패드 실리콘 뒤꿈치 군대 군인 군화 행군 1set, 2세트, M (225 ~ 245mm)",86240,14,16,16000
2026-08,휴책,휴책 보호대연구소 의료용 허리보호대 복대 척추 허리 지지대 밴드,"휴책 보호대연구소 의료용 허리보호대 복대 척추 허리 지지대 밴드, 1개, L",749000,21,28,210000
2026-08,휴책,휴책 보호대연구소 의료용 허리보호대 복대 척추 허리 지지대 밴드,"휴책 보호대연구소 의료용 허리보호대 복대 척추 허리 지지대 밴드, 1개, M",489750,14,18,135000
2026-08,휴책,휴책 보호대연구소 의료용 허리보호대 복대 척추 허리 지지대 밴드,"휴책 보호대연구소 의료용 허리보호대 복대 척추 허리 지지대 밴드, 1개, S",160500,6,6,45000
2026-08,휴책,휴책 보호대연구소 의료용 허리보호대 복대 척추 허리 지지대 밴드,"휴책 보호대연구소 의료용 허리보호대 복대 척추 허리 지지대 밴드, 1개, XL",642000,19,24,180000
2026-09,휴책,보호대연구소 쫀쫀 손목 보호대 아대 2p,"보호대연구소 쫀쫀 손목 보호대 아대 2p, 그레이, 2개, 21 x 5 (cm)",15650,1,1,1200
2026-09,휴책,보호대연구소 쫀쫀 손목 보호대 아대 2p,"보호대연구소 쫀쫀 손목 보호대 아대 2p, 핑크, 1세트, free",15650,1,1,1200
2026-09,휴책,유큐어 손목 압박 보호대 아대 2p 1set 블랙,"유큐어 손목 압박 보호대 아대 2p 1set 블랙, 1개, free",58870,4,4,0
2026-09,휴책,휴책 보호대연구소 무릎보호대 슬개건 슬개골 보호대 러닝 무릎 보호대 아대 관절 보호 밴드,"휴책 보호대연구소 무릎보호대 슬개건 슬개골 보호대 러닝 무릎 보호대 아대 관절 보호 밴드, 1개, 블랙",217550,19,19,41800
2026-09,휴책,휴책 보호대연구소 무릎보호대 슬개건 슬개골 보호대 러닝 무릎 보호대 아대 관절 보호 밴드,"휴책 보호대연구소 무릎보호대 슬개건 슬개골 보호대 러닝 무릎 보호대 아대 관절 보호 밴드, 2개, 블랙",4776200,246,255,943500
2026-09,휴책,휴책 보호대연구소 스트랩 벡터 무릎보호대 슬개골 슬개건 보호대,"휴책 보호대연구소 스트랩 벡터 무릎보호대 슬개골 슬개건 보호대, 1개, 오른쪽 L",43400,2,2,12000
2026-09,휴책,휴책 보호대연구소 아치업 아치 보조 발바닥 신발 깔창 패드 실리콘 뒤꿈치 군대 군인 군화 행군 1set,"휴책 보호대연구소 아치업 아치 보조 발바닥 신발 깔창 패드 실리콘 뒤꿈치 군대 군인 군화 행군 1set, 2세트, M (225 ~ 245mm)",10780,2,2,2000
2026-09,휴책,휴책 보호대연구소 의료용 허리보호대 복대 척추 허리 지지대 밴드,"휴책 보호대연구소 의료용 허리보호대 복대 척추 허리 지지대 밴드, 1개, XL",26750,1,1,7500
